sample_id,turbidity_ntu,chlorophyll_a_ugL,data_source,band_400nm,band_410nm,band_420nm,band_430nm,band_440nm,band_450nm,band_460nm,band_470nm,band_480nm,band_490nm,band_500nm,band_510nm,band_520nm,band_530nm,band_540nm,band_550nm,band_560nm,band_570nm,band_580nm,band_590nm,band_600nm,band_610nm,band_620nm,band_630nm,band_640nm,band_650nm,band_660nm,band_670nm,band_680nm,band_690nm,band_700nm,band_710nm,band_720nm,band_730nm,band_740nm,band_750nm,band_760nm,band_770nm,band_780nm,band_790nm,band_800nm,band_810nm,band_820nm,band_830nm,band_840nm,band_850nm,band_860nm,band_870nm,band_880nm,band_890nm,band_900nm
WATER_SMP_0001,9.0,14.05,DEMO DATA - BIO-OPTICAL SIMULATION,0.029368931097314442,0.029393124468712752,0.02926381266084617,0.029142405614940636,0.029593720575710997,0.02950416461057141,0.02960763841777337,0.02943083722733736,0.029401954702310388,0.028716544976797966,0.029003553027889168,0.028338417621102327,0.02851099709643254,0.027228901370101397,0.027441786035985075,0.026404684249703693,0.025514837141498724,0.0248731731179569,0.024176761912052917,0.02360524559005174,0.022795512999739538,0.021588395639435477,0.02084236886779213,0.020554741869077187,0.0194704277773071,0.018111868144187557,0.017062355008703935,0.016314039287485527,0.015924576184921567,0.015014016737996747,0.014667037171959305,0.01331711177444468,0.012711053169143487,0.011488784512899974,0.009994331756911825,0.009661748091118794,0.008030683044126925,0.007263105622402045,0.007132490922144456,0.00678710972272375,0.00642690453680495,0.005271980706458228,0.005258867016379101,0.004485414168312833,0.004041214398676085,0.003986611891005487,0.0035762840210130016,0.0025953719870795613,0.0032256627677084413,0.002935964056821179,0.002096501830041336
WATER_SMP_0002,5.42,13.15,DEMO DATA - BIO-OPTICAL SIMULATION,0.02290674903151723,0.023094014189186857,0.023146271839982593,0.02298599807924697,0.022989785415153126,0.023177536312852888,0.023481527673193087,0.023185022468598205,0.022748275606959707,0.022871823841729932,0.021508581964516216,0.022371894651018846,0.021110827380400217,0.021071727211250994,0.020336266479766007,0.01972209313767195,0.01984720437085167,0.018701572361572688,0.01824832474495621,0.017398101217263064,0.016794673721124278,0.015892208422568728,0.014686909541937373,0.014565121952873196,0.013311773626437285,0.012204510054557275,0.01183432876150636,0.011898173645045284,0.011442146835962801,0.010931109931434892,0.01058699409271168,0.009853423260245677,0.009500355564644139,0.007851776826496201,0.0068910420874213,0.006322915661912751,0.005504455204060194,0.004867601311815771,0.0044509861544517896,0.004089416568466194,0.003732130608775994,0.003623183511579802,0.0031095709458601704,0.003028703279785063,0.0025237850891398333,0.0023331928125622597,0.0014926424248653787,0.002168836806866328,0.001817558400793948,0.0018491008747857133,0.0005319736380811365
WATER_SMP_0003,10.16,10.33,DEMO DATA - BIO-OPTICAL SIMULATION,0.0310073692009658,0.03050387919151094,0.031007200232068304,0.030452818526634153,0.03099670414675255,0.030499985550710047,0.030584164113440906,0.03125013469542524,0.030470055039050134,0.030388102109757502,0.03032163871012884,0.0298874126856543,0.029400909259659266,0.029020488073586204,0.029125129066343878,0.02781822745914829,0.027266705058958493,0.02683382226391054,0.02610667522784865,0.02533523795179931,0.02432696631408055,0.02290591403310705,0.022815303200761763,0.02102649993129845,0.020479451470942787,0.019162091229946252,0.018388168163839903,0.017630339930874726,0.016920470061301183,0.016333303690958197,0.015969699483309327,0.01465812784031991,0.013278798115606075,0.01242942096486544,0.011394001153203662,0.009720789956958211,0.009443375697240916,0.008729272711083756,0.007739135491249865,0.007596022491392248,0.006535778811575886,0.006057224199441874,0.005446394402192931,0.005020286653892059,0.0042408828597760165,0.003726933967949883,0.004259595969070742,0.0031805911109800346,0.002819851166593358,0.0021810266812488724,0.0023703881394468718
WATER_SMP_0004,20.46,22.49,DEMO DATA - BIO-OPTICAL SIMULATION,0.037389640118210596,0.03841271164984272,0.03832778890812922,0.03789238577287347,0.0388157868618732,0.03844096859324594,0.03801838279819088,0.03729620680737446,0.03862205461505532,0.03736290340634601,0.03708512511883845,0.03763618310798519,0.037761498487287166,0.03709241708508871,0.036439348242546646,0.035985427341678415,0.03554224543926316,0.034934498913857207,0.034152597655704435,0.03340171431358365,0.03259526425957162,0.031574050896107216,0.03084653043905637,0.029498036660459914,0.028990438187502056,0.02766782847499662,0.026546186132426243,0.025951059005682172,0.025569390407634743,0.02482027291544794,0.023317495931058037,0.02237681435870767,0.021510043023719182,0.019363482825390153,0.0181096048707859,0.0170329341384455,0.015411078180589975,0.014654682110958786,0.013199746401943917,0.012441450212110813,0.011783915822477991,0.010321870407635207,0.010090711231503768,0.009159254268404155,0.008585406695253149,0.007788905096767498,0.007479754546776211,0.006502334959358812,0.005774122069772628,0.005419931459467813,0.005066672261918359
WATER_SMP_0005,5.02,7.71,DEMO DATA - BIO-OPTICAL SIMULATION,0.021884210070820188,0.02203595824797205,0.021932432206149773,0.022024679511176915,0.021840941191439592,0.02277899556723739,0.02182442768045971,0.021881425561258105,0.02171134608993204,0.021976915775989765,0.021344276911510803,0.021473617591829003,0.020506226237929987,0.020344469765948062,0.019508136179957603,0.019848562894122856,0.018247030803813107,0.01805108133480786,0.017464870033261908,0.016683108623020124,0.015761563549295827,0.015016960297621382,0.014295147953596144,0.013458061038961203,0.013012767202854424,0.012623634931400835,0.011085242406350594,0.01025915284997788,0.010224444457023545,0.01068236828625566,0.00921677208528313,0.009264181623914305,0.00840013530770976,0.006830708162024898,0.006384259434294975,0.006070131212824056,0.004949242879788895,0.0045516107038323,0.004030928262109102,0.0035269214764096133,0.0032920682177021298,0.0028028376233800597,0.002889435617796125,0.002381809253983187,0.002439309766797984,0.001679966836731227,0.002043199174612394,0.0020093374460094663,0.0009932188552420444,0.0015509814703992218,0.0016685795097136401
WATER_SMP_0006,5.02,8.04,DEMO DATA - BIO-OPTICAL SIMULATION,0.02150681615108583,0.02252570952124663,0.022268893034219465,0.0220122043050334,0.022245150486927538,0.022421779323670135,0.022220547146747104,0.022251082867410465,0.02165082509951881,0.021759405449717526,0.02100880589061025,0.02106608509046181,0.020437258386541115,0.020040268872578537,0.020129723406968017,0.019532564873463148,0.018786203641161466,0.017630591004371705,0.017179961603437658,0.016923042439757053,0.01585980586505842,0.01575184290961085,0.014400134509221901,0.013559909066182143,0.012631030992338466,0.012001102619349304,0.011209508871137681,0.010891975763185707,0.010559853288010606,0.009709020353468196,0.009103695885722948,0.008264878312145127,0.008081525719289594,0.006684507292097155,0.005576114713291,0.005701134017850457,0.005811711413354275,0.004611078172094505,0.004457055932890949,0.003855946847521665,0.0034572273773076437,0.003445781558882933,0.0027921637584906503,0.0026930513578546297,0.0024657129048983434,0.0019463353158369356,0.0022415722935506983,0.0017068130756749888,0.0013646361935991014,0.0015997357688714046,0.0010307550192738062
WATER_SMP_0007,21.4,20.93,DEMO DATA - BIO-OPTICAL SIMULATION,0.03820189393372259,0.038321431184350364,0.03875247112198368,0.03864157575435763,0.03853210144480437,0.03879134124017758,0.03893334172971647,0.038615598178229245,0.038342828621964704,0.037794875533711275,0.037672556542258116,0.037656883351569796,0.037272435533849894,0.03705438905443552,0.03672903906646197,0.03641711339937932,0.03572631446914,0.03532461676738935,0.03457042582120192,0.03327185058070413,0.03283744074965032,0.03227309493322143,0.031094254653328372,0.030722015373580748,0.030024550178422656,0.02888427075871234,0.027371542356433413,0.02689010220990089,0.02570463826655158,0.024900897299425764,0.024023966124765907,0.022995858669630994,0.021546448964734663,0.020176307220976162,0.018713940707323677,0.01736204542943868,0.01631689557428749,0.015448464615082298,0.014333880670973381,0.012604852547882305,0.011328849932046487,0.01146522040627087,0.009911570795192694,0.009438731882993634,0.008387848023799615,0.007479008587203705,0.007510074138019701,0.006949618505225609,0.005967907855566619,0.004825566058030219,0.0049421229996240365
WATER_SMP_0008,11.18,12.21,DEMO DATA - BIO-OPTICAL SIMULATION,0.03161067770955887,0.03121205800808142,0.031838011603024276,0.03186746933821892,0.0320938049521932,0.03195987253464601,0.03158925872868878,0.03214778564545969,0.03159671977782917,0.031436930900442354,0.03090914769166552,0.03074139571915939,0.030233898018841226,0.030011032975856864,0.03007807399916227,0.02859276146539176,0.027898902102160464,0.028143316047290215,0.026900795284250198,0.02597022303784212,0.025639900689689958,0.02425754895494913,0.02405796693468746,0.022749220127368856,0.021403216505384223,0.02117558110845817,0.019341289137178978,0.01885396133606126,0.018016865545938406,0.01771416752785841,0.01707010200540672,0.01561363574055562,0.014142225992149222,0.01321435980226808,0.011694614640442776,0.011491030648318938,0.01005036768917293,0.009107090224610735,0.008536367577304362,0.007387890659485726,0.006855525032111927,0.006904909842935778,0.005787218124095822,0.005150109244025846,0.00514389481901295,0.0048943830011482425,0.004345290432281075,0.004052532574955101,0.003181956345202383,0.002666868877989949,0.0032553732557761158
WATER_SMP_0009,4.16,8.42,DEMO DATA - BIO-OPTICAL SIMULATION,0.01956923160720033,0.019734059888922226,0.02031782394057118,0.020159282378656548,0.020161585043839157,0.020662673390673614,0.019761315767989392,0.020124055638639282,0.019702050081383097,0.019551035356453285,0.019659811796726538,0.01902952767044473,0.01866027775872531,0.01838934369646774,0.017476471784837935,0.016805373351193247,0.01617176299349569,0.015285085836620938,0.015848821801250808,0.014231101588160811,0.013805224242791172,0.01308399005739633,0.012547075967886795,0.011986238634907446,0.011292669139450684,0.01017517989504711,0.009682856207582802,0.009344250395215567,0.00889150174537406,0.009232994200671321,0.008550824464606598,0.008002602972544083,0.007138141351957487,0.0064163059566037664,0.005371517863910319,0.004346895859638061,0.004396039324509053,0.0036907194282490416,0.0033785616489426756,0.003394023119934883,0.0032966556929970255,0.002662776241348775,0.00250287303453301,0.002695812455319968,0.002051915226593578,0.0025729120235717497,0.0017915673331389017,0.0009386580619369952,0.0015520715282309125,0.0013126259592371144,0.001469333240661803
WATER_SMP_0010,9.34,10.81,DEMO DATA - BIO-OPTICAL SIMULATION,0.02958882328586545,0.029511569067471762,0.02931575967677895,0.029710836866829765,0.02956630813017278,0.029649584373177034,0.02995397251976059,0.030180569842552078,0.029646094504837364,0.02896052523699779,0.029185702845693263,0.02908411175721243,0.02815357166772508,0.027845648699905502,0.027377592027235942,0.026563767056726903,0.02635999838456054,0.02543805606969108,0.02485473095082306,0.023666842203161197,0.022960534764248492,0.02242713173517916,0.02118322605161272,0.020869799337577127,0.019265302055293053,0.01847252214868979,0.017732524310192194,0.01619346681959509,0.015439335114417611,0.014954039924034138,0.015120042173348608,0.01364155349450431,0.013416481905148648,0.011276398431749851,0.010415006123567539,0.009902216428747255,0.009251632214092812,0.008560862502950344,0.00765245886442903,0.006989306902151635,0.0062933274237988905,0.005822375392201483,0.004935220646587174,0.004403663352129804,0.004231757964586885,0.0037986115826810596,0.0033619252983623222,0.0033844192145099767,0.0031671435741433916,0.0026376516363387174,0.002808635993773579
WATER_SMP_0011,4.18,8.88,DEMO DATA - BIO-OPTICAL SIMULATION,0.019379142134734906,0.01980714333813359,0.01976051650540368,0.01948886421047642,0.020056588406041926,0.020033330982050603,0.020465141777883906,0.020091676958018164,0.01943435085552781,0.020083207999118485,0.019623889587424642,0.019107815827639946,0.01848646135698797,0.017834882716313116,0.017528811753372224,0.017437549280791182,0.017103513912250522,0.016389907938567618,0.015136119581886102,0.014275729064123402,0.013962017854534783,0.012683128351694706,0.012596789356932177,0.011740483675533906,0.010936208066917853,0.009911960607017992,0.009928743407947251,0.00914916431708876,0.008680580570216551,0.007973153272183139,0.008489792587068081,0.008403527230954328,0.00750966165957809,0.005977813655901807,0.005170641944786985,0.004901136132906593,0.00399654508039181,0.003994206987407316,0.003782902572210333,0.003600764312813909,0.0029084506057414023,0.0026074651465695688,0.002157932060235358,0.0019471998591089415,0.0019209511793579848,0.0019109851207631643,0.0019035899893336907,0.0012328298006387694,0.001780128971995221,0.001122607561558767,0.0010811282038822496
WATER_SMP_0012,4.17,8.23,DEMO DATA - BIO-OPTICAL SIMULATION,0.01947624802517399,0.019116610548445705,0.020219316854782246,0.020248336714709214,0.019975390901708426,0.020068307557025957,0.020144223436009797,0.01941200661908949,0.019561254243221533,0.019743675315598692,0.01885978987883368,0.018999864786386784,0.01812619215562516,0.018241591985871136,0.017608961014201525,0.016605842129976046,0.016867343130681507,0.015686718200767388,0.015020289321586913,0.014652857960910518,0.014245949482697879,0.01289110126634594,0.012501153259463318,0.011896866230807554,0.011267961106381844,0.010426969272419881,0.00964397953489878,0.009026637367896669,0.008998318516097687,0.008425448079651532,0.007516987900529353,0.007903199905783273,0.007206357115423295,0.005358622224890068,0.005022826078594041,0.004932547357532593,0.004904542217879898,0.0039029644167721915,0.0033285498207856453,0.003172241318953513,0.0033458655193682497,0.0024701250720840693,0.0021773248043897293,0.002046573984958558,0.0016993773130495294,0.0018343776050015997,0.002114012815339736,0.0015680708727035934,0.001254225828686075,0.0011142351815374692,0.0006166196608767417
WATER_SMP_0013,7.34,10.4,DEMO DATA - BIO-OPTICAL SIMULATION,0.02674940177711987,0.026627356308765462,0.02672614110208493,0.027827677034030968,0.027005325391576122,0.026689335581367064,0.02673624208087521,0.027105167856152093,0.02663570311687395,0.0259536901515888,0.02638496603202753,0.025572091560415934,0.025936533520929537,0.025239294301931184,0.0242613645197761,0.024201330339568138,0.023202518472640377,0.02275015011440711,0.02190309906393216,0.020723308694694523,0.0199655345648811,0.0196170796572826,0.018331924788828516,0.017416891273689925,0.016344632415875308,0.015851626883023946,0.015481843043027669,0.013817065262882337,0.013611495814132147,0.013590216174395412,0.012579330288663662,0.011895587603650802,0.010363759233600724,0.00969092165167677,0.008513870242271458,0.008048318458706443,0.007425458062176819,0.007244692915456876,0.006092574621351549,0.005508209754830431,0.004997683878291824,0.0043975447848349876,0.004202754448389922,0.003642183536713587,0.003441032454643766,0.003473733525682876,0.002490888466501715,0.0028738360763828704,0.0026888826224006077,0.002041347072873544,0.0012427363827048634
WATER_SMP_0014,1.31,4.23,DEMO DATA - BIO-OPTICAL SIMULATION,0.00888008666851865,0.009494624026323449,0.009125307709201854,0.008839761430640808,0.008973632121766164,0.009338544484266994,0.009185449458081838,0.008857015320721737,0.008697023297021083,0.00853850862280312,0.008198962611558357,0.00875136989624551,0.007933937839178194,0.008134465389157342,0.00794176702844269,0.007481331424191497,0.006732641645476458,0.006651021137341997,0.006181683604285721,0.005571910856958505,0.0055930950701319,0.00479695730362514,0.005167167114973429,0.004340259783056609,0.004222327263655682,0.003954677752024193,0.003552129447278861,0.0036566084424556303,0.00329034589198433,0.0036815264754830263,0.002913645628352137,0.003080901472728231,0.0032173418125984823,0.0019141697698080832,0.0016689083428469795,0.001780823115968047,0.001501910854353812,0.001410257110603928,0.00132758968293947,0.001259365607930978,0.001300168697956177,0.0009977055948746914,0.0007183209747544724,0.0009161571714015465,0.0012151381488265294,0.0005426672055554215,0.0002333117149821451,0.0008064117620598984,0.00039170795917503186,0.0001,0.0006021146072103525
WATER_SMP_0015,1.52,5.06,DEMO DATA - BIO-OPTICAL SIMULATION,0.009945017633835696,0.01013490467320891,0.010299417503390095,0.010273036540070257,0.010420283447158347,0.010041328540734801,0.010261220788854688,0.009933790652066794,0.010105499580501168,0.009907885009201122,0.00924931095581742,0.009630375364363425,0.008887817307869026,0.009006527732742924,0.008563990165268999,0.008672389823746301,0.007702138286628526,0.0072977150639465535,0.0070192443461988396,0.006550069198879259,0.006494411813257709,0.005384246589640204,0.0051726708430016545,0.004796722984996732,0.005044737207343757,0.004943306829721142,0.004128895037079514,0.003945028460679712,0.003970983965529018,0.004293954101278873,0.003556509285259786,0.0035930992358327806,0.0033433946000018143,0.0027118337748683343,0.0022208863982070837,0.0021796257737207573,0.0008620835145632934,0.0017117498215913655,0.001169157338821744,0.0006873406939089422,0.0012726979086819458,0.001424758031051254,0.0008744151993126775,0.0011133900648114632,0.0012312454712175092,0.0010695384551037104,0.0011013794993352125,0.0007725789650081388,0.0005187904400189535,0.0001,0.0003297767389936168
WATER_SMP_0016,3.86,9.6,DEMO DATA - BIO-OPTICAL SIMULATION,0.018569361880773128,0.019611802986207728,0.01901355578862838,0.019172915171554058,0.019331240328224208,0.019165539368929597,0.019601393635481225,0.01879760113007251,0.01888324064035113,0.018389972133590272,0.01795109323680435,0.017844399050469296,0.017644838046739355,0.017103988498311636,0.0165532008559824,0.015821869198273813,0.01566053880912565,0.01463952637197652,0.014693690926328386,0.013840341041084503,0.01270971261098519,0.012373371800312722,0.011553774539620447,0.011188945895595463,0.010817398363822874,0.0092013755318027,0.009224729691698486,0.008731993663054117,0.00877368858227669,0.008511386035362101,0.00793843805831658,0.007464063493124943,0.0064567718368243885,0.006111656262420166,0.005030438074391947,0.005015254888205612,0.003981961758017288,0.0034176422883671954,0.0028476828094979928,0.0024615266518105824,0.002252723719487573,0.0025564647300815686,0.002398644543640949,0.0015612518073724537,0.002112162676747084,0.0015238579114533227,0.0015537000009230835,0.0018487163042107716,0.0015028020852864772,0.001034085105779494,0.0007393289424240442
WATER_SMP_0017,2.69,8.15,DEMO DATA - BIO-OPTICAL SIMULATION,0.014354622511628907,0.01489331956977378,0.015127123726625932,0.014944583821679845,0.015217084419774825,0.015257533488786293,0.015104535610360598,0.014871667104713184,0.014967318119710958,0.014853600636473884,0.014152031913548675,0.014614788009490943,0.013829732595155407,0.013490273530716352,0.013282787417020988,0.012690036259992203,0.01242412469585683,0.01171566622921447,0.010915648486592168,0.010661702355735684,0.00965361974826285,0.009467928761610364,0.008864524081923756,0.008257168194141852,0.007739672875063763,0.006704088245217634,0.006673018960858254,0.0065862574479508395,0.006506569892880179,0.006117572758374125,0.006620845433897051,0.005499337137652232,0.005331084861359573,0.004413910686574321,0.0034683115871428347,0.003738378444350968,0.0025098030347916423,0.002869598469084066,0.0026538728620601783,0.0019349453662289725,0.002355157307749549,0.001680860577860065,0.001676841297769117,0.0015174101085493263,0.0012616920490591767,0.0014204099786959711,0.001301886416220538,0.0004364797902500295,0.0012591676247890244,0.00028473161751546095,0.0010168657511945875
WATER_SMP_0018,7.78,9.27,DEMO DATA - BIO-OPTICAL SIMULATION,0.02752586807657113,0.027027339435787792,0.027361483652478678,0.02724304974526757,0.027556921592439408,0.02752899429937783,0.02780559007580503,0.02786246389143997,0.027730525098094302,0.02692810410189209,0.026759543676226082,0.02598209313415462,0.02584866004494035,0.025921545034200747,0.02559743322678461,0.02416354836434449,0.0237198967482733,0.02319930173725644,0.02255062221378772,0.021437565852723744,0.02098154965768614,0.019852189862709334,0.01910270672928143,0.01836285353006575,0.017278103877284127,0.01621915056499541,0.015427623459406648,0.01466218251857926,0.013976621319416039,0.013496482782531717,0.013433994893718208,0.012260561065412054,0.010939396088151077,0.010139227514604747,0.008848141032096494,0.00847631026247908,0.007533924896872615,0.006766782214088191,0.006360676453367682,0.0052240063346986765,0.004864268431729336,0.004387510459163737,0.004366725044239675,0.004454823337410787,0.004246970945059763,0.0034409501454037423,0.0030993208467254515,0.00213400951359388,0.002260693969085159,0.0019584780351968446,0.0018003304053657804
WATER_SMP_0019,2.93,7.54,DEMO DATA - BIO-OPTICAL SIMULATION,0.015793649399297876,0.01581870886405712,0.015454057386586858,0.016327319835016067,0.015800319478129873,0.016173982944329725,0.016662501106590642,0.015658110056980677,0.01502219908432072,0.015495326391014813,0.01566323920643319,0.0156245552784896,0.014325698148836346,0.014456491757130178,0.013739052213739417,0.013379897853626147,0.013704231644213286,0.01193041826829324,0.01190431885693183,0.011397559318623,0.010999989253307238,0.010114343056655095,0.009587361928221181,0.008792397004716592,0.00841785728761236,0.007690499995142015,0.007508469805150317,0.006880138908166399,0.006940984453246062,0.006721947052224356,0.006836592608981387,0.005982717187745078,0.004751537991544124,0.004917739866171596,0.003645935277150902,0.003256016590837349,0.0029195352396806673,0.0032182788434197986,0.0019070889384190566,0.0032546127761061147,0.0024156849368398015,0.0019698019094394562,0.0017073822137779404,0.0016463501079265592,0.0015684698077933518,0.0014706164909002871,0.001321032775175606,0.0010698790956778512,0.0008828473515410414,0.0008052024139997185,0.0007093036335606407
WATER_SMP_0020,1.95,8.07,DEMO DATA - BIO-OPTICAL SIMULATION,0.012409091287030485,0.01232653593734346,0.011323297615603415,0.012433254585184314,0.0122969894951378,0.01220322397629019,0.012028270171195465,0.012381766953163162,0.012190764375163202,0.011498063323548876,0.011636792685504646,0.01096989387110057,0.010557586942393088,0.010459070505264342,0.010549828751094576,0.010193003444800099,0.009652926804142427,0.00928889572302266,0.008783721784477536,0.007983867512423082,0.00784803588744074,0.0075000250737652105,0.00703133231148055,0.006715219590824004,0.006140336630161959,0.005637812851803642,0.005541271656981223,0.0050549916882852,0.004818626742007939,0.005113408439964351,0.004851957195846564,0.004472739462785451,0.003983626339102595,0.003102151561612553,0.002692534343148556,0.0018297015647963156,0.0021912572116888733,0.0019172776752154118,0.0014909655020874301,0.0017712086555158304,0.0017066326261604007,0.0008081329128282008,0.0009386964631102097,0.0008250141029609145,0.000672265149309553,0.0011109495882318018,0.0007204284701395181,0.000623547352953409,0.0001,0.0007630374834726836,0.00014458960307910373
WATER_SMP_0021,19.54,17.29,DEMO DATA - BIO-OPTICAL SIMULATION,0.0373794689446111,0.03758105992767474,0.0380129847148085,0.037287648937882445,0.03681643911275074,0.037783793131725085,0.038237281830907376,0.03799719091399393,0.03757437549028154,0.03720523331866265,0.03738907368877162,0.03659978334411612,0.03672817699008207,0.03637679369676326,0.03612769981033715,0.036165019114826814,0.03492405947641561,0.03406372469429165,0.03355930778083123,0.03232749528580234,0.03188253294239351,0.031143884019362845,0.0302301926972825,0.029500154780660155,0.028217725362062768,0.02774907537899805,0.02633153666825784,0.025328600671435324,0.024416235442333362,0.023851910943694696,0.023221995021256426,0.02159345909066593,0.02027076356532074,0.01889897628926809,0.017187564269334203,0.016092190671920022,0.01506306048557732,0.014414114910039733,0.013229158575159848,0.012252035330595153,0.011537462466460742,0.010375212535983556,0.009714901716407513,0.008795772667621887,0.008182917203845492,0.007252084076955288,0.006064908415195166,0.0061705943032398175,0.006095065287662072,0.005444641981733159,0.004994083661082464
WATER_SMP_0022,5.05,10.13,DEMO DATA - BIO-OPTICAL SIMULATION,0.022320237667194084,0.022130557920863,0.022282685508371956,0.02211894693452006,0.022247777525246874,0.022519867165668117,0.022639853595718334,0.022128601820882214,0.021872930443941938,0.02178963197159388,0.021694000883851747,0.02074677086175107,0.02009970567293814,0.02017543401865994,0.019471752936204394,0.019131053905341592,0.01863653779446488,0.01789862378486207,0.017785648391265226,0.016730670167714578,0.015979272611963954,0.015312651417758966,0.014008350173782443,0.013879622376578834,0.012764363584579164,0.012225335445928283,0.011007747173177986,0.010326493033443327,0.010706544400134592,0.01033376569995518,0.009561115834126116,0.008869334929619112,0.008510182917073466,0.006814433716676564,0.006802935970239008,0.005365420861489206,0.005290530850774672,0.004543296477775069,0.004412376777366547,0.003691841099956164,0.0034597529430724734,0.0032021955007548626,0.002596743754771434,0.0028516506589667014,0.002230343500568284,0.0020919340929400313,0.0016581615900897648,0.0010019644835073207,0.0015443671336791557,0.002171924458114339,0.0015441580031766262
WATER_SMP_0023,6.39,8.78,DEMO DATA - BIO-OPTICAL SIMULATION,0.024777586703686575,0.024868028275481166,0.0250808045506547,0.025325414113409727,0.02485079163649158,0.025536273607389602,0.025363559060391457,0.02525850391428187,0.025013285596405612,0.0246687971854181,0.024586813281154245,0.024224416599201347,0.023542139329728522,0.0230177586144131,0.022703157787732752,0.02256346691747529,0.02109958357146394,0.02035386211345638,0.020121266720744203,0.01932513672079313,0.018566240807472167,0.01776464136025155,0.01678138557706536,0.016438654603744902,0.01464802320012209,0.014022744932185674,0.013430942541323666,0.012285836185380426,0.012216047721030665,0.012342273995664454,0.011313923958173969,0.010593224066525634,0.009158570783940704,0.008333513489490428,0.00750771034920061,0.006786558128135094,0.00664971061631568,0.0058907278165859205,0.004896475203192105,0.00484834076981833,0.004502679968984833,0.00430651228268031,0.004080637138100578,0.002972998197406467,0.002732616148797953,0.0023224827885721866,0.0023772256044407064,0.0023571026241450154,0.002303598228458655,0.0017936738510420764,0.0015469211069661132
WATER_SMP_0024,1.94,7.69,DEMO DATA - BIO-OPTICAL SIMULATION,0.012030730666875265,0.011813240650899531,0.01274681806187875,0.011668123351767402,0.012207502049904569,0.012729193865038074,0.01206010655883555,0.011900939830556371,0.011713090623589965,0.011590257022722546,0.011841847415486911,0.010514259158671496,0.011349285784435552,0.010139283015636208,0.010132341075023518,0.00970159214514054,0.009601159310513183,0.00852001651084524,0.008698282524871816,0.00871719905738543,0.007246061243194743,0.007256426397314614,0.006549182362632326,0.006432164082853152,0.005882370716005878,0.005290715741218603,0.005316391266032892,0.00554693427451158,0.004954377705484779,0.00529068681004009,0.004591826630235393,0.0042989790107850106,0.004097266034300676,0.00373447651988171,0.0028569411830201893,0.0022784355717362843,0.0021062543259165005,0.0015235180510207503,0.0019009496954032216,0.0018231487244019583,0.001276115580798881,0.0011370212269250358,0.0012360567763769039,0.000914568460402957,0.0009251806637703355,0.0014836801594903238,0.0006969189838442077,0.0005885719822799408,0.00043395884036326966,0.0007900924684599227,0.00045696208972709673
WATER_SMP_0025,3.91,6.6,DEMO DATA - BIO-OPTICAL SIMULATION,0.01878899636394136,0.019519396350785118,0.01965553323036178,0.01911983498692641,0.018770347170872205,0.019619556710566307,0.019052478589035998,0.0193865231602555,0.018398508365696245,0.019044689280467923,0.018147214689462746,0.018409625776462032,0.017821404577841406,0.017106158782388473,0.016796422236197983,0.016604945321740488,0.015869820872980174,0.015415751087212208,0.01520459583854239,0.01348843810988774,0.013769976404146723,0.012630650395989365,0.011638024203556498,0.010816960452327069,0.010474950443600306,0.010145223545598063,0.009225555243852608,0.0092313701951628,0.008005062998806512,0.008165942352396342,0.007421692933565121,0.007319061334065516,0.006716900856149713,0.005546933907867782,0.004223322295814019,0.004533672820790425,0.004176255788657886,0.003798167120052701,0.003716538365098677,0.002721639033498905,0.0029690645508368353,0.002867887396770207,0.0017432705222489727,0.002159565843502462,0.0017179189588128994,0.001667508422423382,0.001635015644219995,0.0012379754872136233,0.0010483443910301563,0.001140566164655592,0.0006947038052685189
WATER_SMP_0026,6.61,6.68,DEMO DATA - BIO-OPTICAL SIMULATION,0.024880697449716507,0.025574648473079335,0.025154118620118186,0.02578653669101014,0.025769796742962557,0.025110802738620142,0.02537279914329016,0.025828929763452104,0.025015518110613283,0.02495211066588023,0.024952357672168406,0.024710743104287208,0.024001535196062553,0.023438649293758586,0.023526310518905056,0.023045765489856044,0.02218792395435327,0.021239443736771165,0.020244916591110378,0.019471080102142338,0.0190750015313644,0.018213480386533462,0.017656639597371196,0.016564805044093453,0.015044340125026416,0.014939930407951092,0.013490101789952845,0.012937080718552992,0.012525815575888123,0.012518985585373048,0.012245557092340868,0.010705997634801095,0.009533551240833339,0.008799119978951707,0.0080556432130585,0.006973831138082282,0.006990644363838222,0.005969177137975954,0.0055434564822758915,0.005125817997362854,0.004619324861072944,0.004344448018403271,0.003538960134528094,0.0032177576728553564,0.002744295040173072,0.002921487116499379,0.002763048013657658,0.002429131342583995,0.002577601851891751,0.0018764388017083074,0.001899475274891862
WATER_SMP_0027,2.41,3.67,DEMO DATA - BIO-OPTICAL SIMULATION,0.013606499312079445,0.013916785605256578,0.014314659219192795,0.014404459185310622,0.014072586294793066,0.014114607952191103,0.013617613981878638,0.013862108503880427,0.01409025966475247,0.013806301205850417,0.013550908640831145,0.01313947530936555,0.012808669580446857,0.012250762726596824,0.012264033159531161,0.011753057336818454,0.011317868275416886,0.01053182274106654,0.009543979574126941,0.010005750196196003,0.009011169485985385,0.008370999758737611,0.008314661462592129,0.007472408427596021,0.0074036275788581804,0.0067890390910626515,0.006373152984834611,0.005403128200940514,0.00591561755005233,0.005412158895326753,0.00494478058207404,0.004691826128506651,0.0036104554178582457,0.0037577987858833806,0.0028922879833412508,0.0024500058368461344,0.0021189165680663394,0.0026685718606039325,0.0019301560252402018,0.002382502078904156,0.0015820731762550247,0.0010666610851307696,0.0010944378921688446,0.0016640450563827208,0.001122772991297437,0.0008926378417140545,0.0010031132103893719,0.0010131473184304184,0.0011140351310829708,0.0011375015366894574,0.0005263823755599165
WATER_SMP_0028,8.17,11.63,DEMO DATA - BIO-OPTICAL SIMULATION,0.027385983512499757,0.027826715925474185,0.02815916281187605,0.027882308181716997,0.02793140192675602,0.02832235552623644,0.02815579279691938,0.02807901462988436,0.02768539780047104,0.027630263412184428,0.027149293422378994,0.02736009677673628,0.027008490581711963,0.025687093060004426,0.025443749716307515,0.024695159424135332,0.02431255226834872,0.02379080600423174,0.022637812981516583,0.022006175514952205,0.021150047286469697,0.020646361200111207,0.019708816855806766,0.01855252279670712,0.017885831743032744,0.01672700257614599,0.01590925903676004,0.015733099390997856,0.01507902633721928,0.013835775012290883,0.01388877776104396,0.012996336587062413,0.011266987127393307,0.010663803525955121,0.009817469890412663,0.008141524268010602,0.007467174601911343,0.007398463219771485,0.006580342723760434,0.006113071706958226,0.005537676907171522,0.005077912254650921,0.004123727752731434,0.004430920187406575,0.004094963730478205,0.003333084341116097,0.003075241806942706,0.0023420217938012722,0.0026935312333236,0.0024717996318488066,0.002063740155793475
WATER_SMP_0029,3.74,8.51,DEMO DATA - BIO-OPTICAL SIMULATION,0.01881595392877759,0.018514393314257832,0.018887949506333126,0.018480820864845267,0.018808394046793367,0.018749106350886113,0.01880912157777748,0.018522316917215256,0.01843478515681947,0.018510983448909467,0.017868155077728615,0.017200258366127295,0.017837983722921488,0.017307925181966027,0.016038250883383818,0.016120758406018513,0.0152105593263614,0.014852711068745755,0.014244250928590387,0.013444015167063266,0.012619792851249529,0.011976874770271808,0.011233090666238408,0.010583369547502575,0.010146379771870852,0.009311092318613708,0.009161535910001326,0.008982913723773474,0.008126024012874577,0.008211629775786712,0.007989377314508904,0.00739485800873339,0.006459528588087091,0.005808856531125089,0.0050108578309049825,0.003944067661852014,0.004147974496858744,0.0037944420849043196,0.0029797723463203234,0.002928754823523549,0.002855202643061158,0.002342569134133084,0.0025032438425309483,0.002685893997903725,0.0015543161063375993,0.0012058247228444842,0.001556661012428751,0.001541480803379176,0.0011282045853918876,0.0015177585426806891,0.0005753573134941302
WATER_SMP_0030,4.79,7.02,DEMO DATA - BIO-OPTICAL SIMULATION,0.021531283179002346,0.02129347800492482,0.022108278098648147,0.022269081840791405,0.021478198498472833,0.021534774738149878,0.021900389798273988,0.02141787533650393,0.02135817314772333,0.021161667074607437,0.02030369771648659,0.020543833468102575,0.0199526208176733,0.01956750810179312,0.019650856288703285,0.018292503982916986,0.018318286361362467,0.01735329513418157,0.01667882213633314,0.016294633092417785,0.015429645655653709,0.01475086530279337,0.01411084206996061,0.012957013257450717,0.012111260628305734,0.011224116766717944,0.010610066742133765,0.011168512112203934,0.010235439953690952,0.009106969595573012,0.008667166664836133,0.008544520080444517,0.007726731665101629,0.006870317008392782,0.005883012380595525,0.005317549384983361,0.004955604514643107,0.004449759449440531,0.003366231028539314,0.0036031849080800584,0.003085469991963133,0.0030890039283573323,0.0036527273942875793,0.002611666951762205,0.002173613946712455,0.0023308843385962128,0.002004730754663557,0.0018089902788617149,0.0017041272363318607,0.001992907444559282,0.0009040795667625595
WATER_SMP_0031,3.74,9.27,DEMO DATA - BIO-OPTICAL SIMULATION,0.018611210610529966,0.01832711261719543,0.018875579744563747,0.01850143068609306,0.018680535119095395,0.018703151230667067,0.019024531508423728,0.01889897260925051,0.01809079010721515,0.018269959156227637,0.017776666581555967,0.017295099419212562,0.017238504086349287,0.01679154548782815,0.01714466752317346,0.01603460038695186,0.014939199232335477,0.01459545515405654,0.014453834288269496,0.014132542084315778,0.012371057515490303,0.01161226940948395,0.01206175171504274,0.01094266708476111,0.009899490805004227,0.009681516829813792,0.008168292082054803,0.008557794301921606,0.008449952147276294,0.008504152961251359,0.00764350034865145,0.007381907433094514,0.00623470888889535,0.0057048282537108235,0.004614521533991248,0.004196697370552472,0.003587328436335891,0.0037211983853827875,0.003463802673758765,0.0028446586153834585,0.00265954116619278,0.001968837878825294,0.00208967223642283,0.001960055064270849,0.0025748806988082555,0.0012852134856940714,0.001903557448865887,0.0016229713444408892,0.001280660094070669,0.0016084650920776158,0.0010877548298751894
WATER_SMP_0032,26.62,22.98,DEMO DATA - BIO-OPTICAL SIMULATION,0.040153885069340645,0.0401377648236121,0.040612209831383854,0.040638816196222685,0.04015855200395388,0.03995676491449178,0.04026600488169828,0.0400274063227333,0.040153034606579714,0.04041007037870161,0.039728319495842684,0.03963706119202331,0.03940721999478153,0.03933754206370651,0.038053275875834174,0.038138723298773734,0.03792465082996092,0.03770725714590325,0.036629642116142794,0.03558717157862459,0.03565128848104246,0.03453217769395237,0.03356563375128167,0.03287602130247084,0.03208161735405073,0.03094859221006314,0.02940701406593551,0.029344978011880827,0.02865843868384017,0.02779094249277297,0.026445924014443994,0.025608226816406135,0.024256540738134155,0.022905445572828535,0.021447790508881754,0.019677144910943755,0.018681768589830304,0.017621820899071453,0.016791961256840005,0.01547370805636456,0.014444191357819785,0.01321895211505646,0.012647481637445246,0.011424335438091607,0.01016824940153068,0.010021754737964808,0.009033542231528167,0.007963643834637492,0.007273264928624378,0.006873612466527048,0.006336559423708103
WATER_SMP_0033,5.98,9.66,DEMO DATA - BIO-OPTICAL SIMULATION,0.024054109834677366,0.024249910121811817,0.02479200492751764,0.024689239044171342,0.024467440671653164,0.024688445864759424,0.024042258548764493,0.02436463878527365,0.02462607102386817,0.02379860472917493,0.023331680660848012,0.023052633806164406,0.022523836033474732,0.022158562273669694,0.021768365509386375,0.020887971026960793,0.020692256023519644,0.020288050071355316,0.019031557147483693,0.019008463614744408,0.017923128711605264,0.017271279475582952,0.01593881685644162,0.01555521968574029,0.014129580637988548,0.01389258901497653,0.01290112723533719,0.012381232714042933,0.01141905895003393,0.01114994768125252,0.011115411936339529,0.009889269605949802,0.009319197707533956,0.007738369406384295,0.007501307070824123,0.006149498579780227,0.0060884111234995745,0.005592222054918065,0.0047258793265533075,0.004676989772674835,0.004181119731125466,0.003573082062715238,0.00309337053356716,0.00249611015260369,0.002904791634105802,0.0020697722128234165,0.0023297554571873676,0.0020050296141377634,0.0020901014230974473,0.0016159027538917526,0.0014442620305432014
WATER_SMP_0034,2.6,4.65,DEMO DATA - BIO-OPTICAL SIMULATION,0.014867514705680665,0.014854156345647324,0.014927209111048046,0.01502131111308717,0.01443407415702317,0.015098919421507219,0.014992922131517372,0.01439933596660625,0.014482392105921874,0.014350118531414446,0.014082507090753994,0.013939033399344844,0.013940630568257097,0.013466510368462142,0.012340388958569584,0.012477714569628229,0.012216082397172144,0.011433860880775717,0.011124857721495606,0.010865766322300408,0.01002400372649389,0.00924218920681957,0.008932349936734654,0.008119764873760243,0.007553154323672262,0.006934617480626362,0.00705589664360896,0.005984460627369595,0.006446338396606389,0.00594222750901142,0.005098997588411658,0.005190859613971585,0.003884073553355654,0.004126313864391531,0.003716046675154087,0.0028911333558861636,0.0028016776542502553,0.0030920301481982965,0.0021229396022489364,0.0017466113916956567,0.00231650293804301,0.0022851390063566485,0.0015372538735101734,0.0016936400031364797,0.0016598708297739285,0.0009140298651356063,0.0008816560269738052,0.0012971730428060983,0.001343393345015154,0.0009252327449124919,0.0004186495539330483
WATER_SMP_0035,11.68,13.04,DEMO DATA - BIO-OPTICAL SIMULATION,0.03259287111538839,0.0319987329160405,0.03218375241201054,0.032475440087216846,0.032886778705719544,0.03268104405746853,0.032507376739057896,0.032430996886511514,0.03216257370852242,0.032120428985464564,0.030941300906135474,0.0313001148617448,0.031090549950679936,0.030240841674964533,0.03020828585587544,0.029475439851709556,0.029446523443080977,0.0287148745718153,0.02736835859079294,0.02667288518453402,0.025854568017440984,0.02485291307849834,0.02411670663798901,0.022863470958109793,0.021750247372984647,0.021246656370850873,0.020232741399609826,0.018903031916860918,0.018708282046149296,0.017650705162255732,0.017192567732964497,0.016350780493553242,0.014831996471335906,0.01365362219003888,0.012151904923551188,0.01120946049726012,0.010305223520176203,0.009328385474916413,0.008742524590229171,0.007621462078192202,0.007273636886930044,0.006713888029838875,0.006143329413100694,0.005609785674451845,0.005165461207914104,0.004867557754845228,0.004561919002428873,0.003714602848437076,0.0031906439266712453,0.002911124432148113,0.0027777476213517397
WATER_SMP_0036,2.28,6.92,DEMO DATA - BIO-OPTICAL SIMULATION,0.013310198986730927,0.013278537566495795,0.013189503347048829,0.013481870000582416,0.013681791740713082,0.013779822433464147,0.01337070007585455,0.013311138822592173,0.013013029309670023,0.013095534600762751,0.012622050929736423,0.01277835232319646,0.011760052126946918,0.011839032597034168,0.011652992153349653,0.011201795706428564,0.011511004109620507,0.010341631956130425,0.009451230489866265,0.009226890697406693,0.008218244530157064,0.008220076806439068,0.007489879348322004,0.007517297204322083,0.006595014227112531,0.006272993099054724,0.005737511399132542,0.006204394227083911,0.0054973008553300265,0.006111799662994971,0.005640913558218105,0.005115973613973087,0.004451221117185814,0.003800064260346042,0.0025615949663486,0.0026608566708962718,0.002706090017815363,0.0022015344984623827,0.0015878780596788875,0.0018066698111629976,0.002163017090969022,0.0018701808699911684,0.0013356356597607631,0.0015105375368826726,0.0009977556181740095,0.0004899379654670852,0.0006270400025859244,0.0012855734002764898,0.0006550969581478433,0.0005923994244203183,0.0005104395277175331
WATER_SMP_0037,7.15,9.0,DEMO DATA - BIO-OPTICAL SIMULATION,0.02673307688676955,0.02681550263650776,0.027122594863602745,0.02649837446875003,0.026680373048842097,0.026135466619942628,0.026982363468467625,0.02608492711611366,0.02634082982588126,0.02572948313792673,0.025605474447659645,0.02519379008017948,0.024864234805591478,0.024425412903153643,0.02390305090826661,0.023739476051805184,0.02252411360754675,0.02223543354813121,0.021800243505873264,0.0205034278259816,0.01962723699032097,0.01892769553648138,0.01848073702932332,0.017297424854560525,0.016181023542912565,0.01558773894834243,0.014255393441928216,0.014055033451846433,0.013408916942332606,0.012716011630801643,0.011971282611106642,0.011128313195809272,0.010524755496285449,0.009671132707808635,0.008166945472320762,0.0077096236600628,0.0062818776806779445,0.00614461839761006,0.005772805791580737,0.005011378807708068,0.004542026659081323,0.004196031239908026,0.004090457329677202,0.0035843715926136546,0.0026364274830271016,0.002366753703062294,0.0025418937169502877,0.002606378091571572,0.001412321030182335,0.0018748491185177788,0.0016741720128464464
WATER_SMP_0038,1.26,5.24,DEMO DATA - BIO-OPTICAL SIMULATION,0.009237730608300625,0.008745617785632834,0.009000001841041381,0.008932789416214212,0.008235310774151197,0.00906547120425488,0.008834653962173224,0.008830493917722707,0.009735761202762077,0.007783932662175345,0.00874935888817107,0.007940744196661381,0.007881822169315413,0.007526207315289795,0.007134943437591966,0.0067947205983004775,0.006752426806359932,0.0058743555417586114,0.006222337201985998,0.005535361190146539,0.004983204060416869,0.004851508270136994,0.005033348033053129,0.0041740220988571355,0.004134864426843523,0.003529252156709951,0.0037587153782531785,0.0036281998919191734,0.003989289147022922,0.003432800869253559,0.003621210212916399,0.0031692215893806236,0.0030796148762506285,0.002004431705873489,0.0020667898312640752,0.001523795642562103,0.0013813798005157208,0.0012874879993153522,0.0012150807079647763,0.000996396177278559,0.000997477462272678,0.0013171982745744863,0.0010582558568022027,0.00094971522903199,0.00048551755354211024,0.00029489277879238664,0.0007934679285106238,0.00072012298356234,0.0008542894074561233,0.0001907878450506801,0.00026652747899365975
WATER_SMP_0039,2.09,8.69,DEMO DATA - BIO-OPTICAL SIMULATION,0.012155418395438353,0.012615306747459556,0.01309418537114804,0.012690427067185912,0.01302749039486905,0.012750069890398478,0.012840679071728412,0.012297687732920988,0.012526863040374547,0.011423156243163582,0.012043348562031547,0.011349514236095131,0.011901394341290806,0.011437622400280015,0.010975973836690127,0.010894184460010925,0.009729585626815083,0.010093876123105071,0.009388603381493646,0.00856610142665761,0.008499666199793367,0.007347588535593488,0.006955819382632762,0.006552375258269431,0.0061238711666265575,0.005549444898324596,0.005904575803426656,0.005295489223569693,0.005503616416036984,0.005314601786829279,0.004850882636271507,0.005056024761138765,0.0037141939943595883,0.0035372207924718947,0.002556846782451757,0.003151496311079478,0.0025409439418546545,0.0020755649352442057,0.002230633237536034,0.0014245637675031723,0.0016838873300072305,0.0014370690100651568,0.0013254209237906266,0.0015088246208145991,0.0012386436806646512,0.0010072736214484532,0.0003350953967076561,0.00046281287348823964,0.0006409084972540079,0.0006395788358829166,0.00021267716843452114
WATER_SMP_0040,7.08,9.51,DEMO DATA - BIO-OPTICAL SIMULATION,0.026768290900358777,0.026665436902957685,0.026520265202844746,0.02645023658916246,0.02641042406785817,0.026187137175927876,0.026444618095791544,0.026394500014929254,0.02578499340704046,0.026040459115465934,0.02561690643653681,0.024753820749529355,0.024669570434171405,0.024344127956981442,0.02451497730514067,0.02353780331373988,0.022336690072489236,0.022197459641173783,0.020853907609846126,0.020866584068014282,0.019587120475223405,0.018856390857373985,0.018414310544079212,0.01674525195738085,0.01581624737890904,0.015166005521788968,0.014802400228692815,0.013312833462766845,0.01237692732364644,0.012638891875588806,0.012371928511360882,0.011739901350820871,0.010199326548206695,0.00913739224884185,0.008651713837431428,0.0069546803748437285,0.006735902652913428,0.0063247029928961696,0.005868125084361196,0.0050862393830037374,0.004791716337201757,0.0036115928494322262,0.0037701762085426984,0.003744402835973412,0.0029837224212428087,0.002993715790165524,0.0028334297104736215,0.002343902025875624,0.0022673164791892062,0.0017174025074754222,0.001753214624211894
WATER_SMP_0041,10.92,15.41,DEMO DATA - BIO-OPTICAL SIMULATION,0.031409295612507375,0.031436548287562746,0.03134124367837532,0.03167380969904291,0.031868942730807426,0.031043367723054188,0.03196279097436023,0.03142107893895935,0.03150402729800859,0.03153507179159982,0.030506804565625305,0.030388888002768608,0.03013807616185437,0.02955091231705743,0.029805912622485796,0.02846593325068342,0.02793281462842395,0.027477885537143802,0.026315983879628243,0.025764166128155807,0.025134555972853224,0.024050920350270573,0.023194612404267734,0.02210105985260884,0.020810797582772954,0.020342406338029157,0.019778996774120344,0.018411928113325805,0.017864210456793782,0.017517916312252656,0.016288523146951294,0.016188020830505277,0.01444000620024161,0.01349111484776163,0.011537312874819001,0.011260661084223269,0.010064550817260993,0.009211295421079256,0.008389673484330179,0.007566484993477179,0.007366575179582509,0.006456363828855356,0.005273299394364337,0.005017382116371748,0.004824251978710943,0.004537041317257802,0.004025764536174993,0.004039816126923924,0.0027508502969916418,0.0030699747366986913,0.0021989026464517875
WATER_SMP_0042,6.94,8.29,DEMO DATA - BIO-OPTICAL SIMULATION,0.026024032348016972,0.025933165360092093,0.02621618503388508,0.025919834674885393,0.02660799819803997,0.02653498340809472,0.026345848253843625,0.026027364240213343,0.026080142694989518,0.025476423183356783,0.025668085925810515,0.02556865994039939,0.024996354668976033,0.023996820348634637,0.023804832528211667,0.022731187227406163,0.022658286833439414,0.021937470814961585,0.02050973643993585,0.019948366769403647,0.01940183958131445,0.018556441140075593,0.017420565580821338,0.01702034299188363,0.016089429212178628,0.015068189660517503,0.014052507523577666,0.013861190744759225,0.013471433703883613,0.012339689859760562,0.011712094094235686,0.011228852305478093,0.009974193359096573,0.009013395310589607,0.008363552109192351,0.006805474202909108,0.007126291520872507,0.00617822598936621,0.005507359337435032,0.00511772226243491,0.004682829849647968,0.0037584374617879493,0.004342412628892098,0.003553185346538564,0.003349493498966096,0.003205009240446864,0.0023414939717792994,0.002541758918941663,0.0020931537306690265,0.0022214015549472804,0.0011417380199611976
WATER_SMP_0043,5.52,10.47,DEMO DATA - BIO-OPTICAL SIMULATION,0.022976192664356115,0.02298363253072156,0.023417067414011297,0.02351196198016958,0.0231992867626453,0.02319220218380429,0.02331741687496848,0.022974012715702534,0.023333160495441273,0.02275056749310749,0.02171181414198443,0.02213514097340842,0.021540823433085162,0.020909763627883,0.020518337507947373,0.020359047050427265,0.0201111714523371,0.01914687721637221,0.018170358525817113,0.01775323184724279,0.016713897043030515,0.015856050272217075,0.01491540569881366,0.013924697101319614,0.013520278040442413,0.012886166098315647,0.012076010269497572,0.011403975135361217,0.010876834975739713,0.01106921769311217,0.010069898184285902,0.00996223397034827,0.008434377543269955,0.007469454116018865,0.006355673868870441,0.005934312445368237,0.005806619812222685,0.005179562155764543,0.004877759764470806,0.004336097279842762,0.0034751628370056904,0.0033633671466158487,0.002912728977054973,0.003256321532225902,0.002232971020438277,0.0026178092521609753,0.0023964821558911846,0.002476003091066701,0.0016208422931016989,0.0017907444407930235,0.002110147881611356
WATER_SMP_0044,4.75,11.69,DEMO DATA - BIO-OPTICAL SIMULATION,0.02104920531704076,0.02092540404969856,0.020938796591874472,0.021795193771333005,0.021053083172335826,0.021497620647947184,0.0216832873377823,0.021499120250936206,0.021409030012724893,0.02113046712240703,0.021173212445961934,0.020172573822521578,0.019867178638880264,0.019394979610428586,0.019378909517569484,0.018852589784825655,0.018123828000508074,0.017707495828115004,0.016326347046895756,0.016476466777509913,0.015705373786552002,0.014723358093656146,0.014280361975958875,0.012487550897925281,0.0120692415526756,0.011270220244237,0.011051531552680377,0.010047228836087633,0.01035070206493506,0.01039453660917479,0.00987189561759938,0.009059812323214213,0.0076864267744121756,0.006679809016472727,0.006416806840377653,0.005595275012977622,0.004823974109084486,0.0042707887419079806,0.0033969291413158526,0.0033254664368263485,0.003891000730506965,0.0026309678460467597,0.0027945030322213487,0.002785875668614641,0.001874997006350413,0.0020950152292665064,0.0021278973220099215,0.0016745397027055136,0.0023715472042273138,0.000865348550581943,0.0015518886079952166
WATER_SMP_0045,1.85,1.54,DEMO DATA - BIO-OPTICAL SIMULATION,0.011576783622448664,0.011934772747819887,0.011888427638164955,0.011563943370761344,0.011852410736081127,0.011195360411653369,0.011869518526396654,0.011678653545504462,0.011644913935588513,0.01159753632529955,0.01117976717608413,0.010866542801785355,0.010275099845074333,0.010009886200451536,0.010233386728285724,0.009935233572168809,0.009036998675082938,0.008707821359062794,0.007994305580239806,0.008179940849272439,0.007585528999210738,0.007525845070089337,0.006241477922402824,0.0059608520824505455,0.005724798635262484,0.005448239860423717,0.004817502497514852,0.004292698497705233,0.004541664954874466,0.004243983092084325,0.0034861315538991054,0.0038540860155493063,0.0034516339080559676,0.0028030636958333104,0.0024908088874471585,0.0023847229361088035,0.001747946573965183,0.0018280720368100965,0.0010039291392881428,0.0017581656409358963,0.000885891652041925,0.0016769446502518418,0.0010099793944133666,0.0009392277473180685,0.0007178787602713446,0.0007322076226194083,0.0011647885058396219,0.0001,0.0009853189206146433,0.0006447567608058257,0.0001280103526889899
WATER_SMP_0046,3.4,6.13,DEMO DATA - BIO-OPTICAL SIMULATION,0.01710789579983203,0.018062109336841232,0.017373429090663896,0.017374398382532893,0.018086774204697197,0.017830849447186877,0.01738714891400077,0.01762574002204782,0.01709620830302283,0.01752691534378938,0.017256679593708732,0.016788434521737592,0.01637780519612309,0.016389866058279835,0.01540803756986267,0.014558137831344162,0.014514349405568443,0.014439320962253735,0.012915753153747924,0.012496946641008618,0.012100116360297106,0.011319504578249722,0.01039818888875275,0.010389301726830696,0.010118254244768718,0.00887422753785938,0.007996055729697235,0.007369977125266008,0.007620209355351638,0.007643837918015335,0.007126328703834862,0.006447253982142049,0.0055714979709726425,0.004704335826361711,0.0046709527757566455,0.00421449910589082,0.0030925841113420747,0.0037055170391148387,0.003107292267306604,0.003087060228388075,0.002019080829000762,0.0017872269394304439,0.0019468358675828602,0.0019548522639033553,0.0021720338245616814,0.001689405474534376,0.0012633677569709983,0.0008998357395883418,0.001460221982264772,0.0006961720822970305,0.0013784272904388193
WATER_SMP_0047,4.18,9.5,DEMO DATA - BIO-OPTICAL SIMULATION,0.01966187169656529,0.020368099359928244,0.020205047763753488,0.020033629692491024,0.019951550985150803,0.019993609934571534,0.02016565336793949,0.019951629525952228,0.01958948134473739,0.019503245879728525,0.01930701010845966,0.01832028774743897,0.01871739976859185,0.017854115147583827,0.017319514019908215,0.01662942885878552,0.016024286357594966,0.01554416383256763,0.015093415478768805,0.015220360494795882,0.01378411608573584,0.013288414803646686,0.0126406639430839,0.011843981683749626,0.011071977554565099,0.010051110959363795,0.01023310531191938,0.009886933802511709,0.008586168731659917,0.00861409494164905,0.008516477343257384,0.007679956584108864,0.007238071257980757,0.005944018594389612,0.006027346044509135,0.005132705033258983,0.004369999236172565,0.004220044372291881,0.0038922137289890526,0.0030702100235363286,0.0026997654018179767,0.002697612853396588,0.0026849285505281596,0.002241638478489512,0.0015200333525897311,0.0015637803156671158,0.0016108213765798607,0.0014542586310387553,0.001926963826101772,0.0007907567747755893,0.0012415773226871199
WATER_SMP_0048,14.09,15.87,DEMO DATA - BIO-OPTICAL SIMULATION,0.03451805034886902,0.03490673113483942,0.034224642413891664,0.034578215021311684,0.03464814038438647,0.034541304442638435,0.03441488794430127,0.0344910760675283,0.03346768161437597,0.03424792851616642,0.03384366989032947,0.03344599617847214,0.03377623177929728,0.032550050475982154,0.03216168582861763,0.03234913505057587,0.03090989921695946,0.030341544318999384,0.029749857014228238,0.029275749919750692,0.02826025127834305,0.026932745728185367,0.026235792184141623,0.025243960920247083,0.02438977540677509,0.023485760817546292,0.022428981766446743,0.020833115687769042,0.02095933922940549,0.020107277101152024,0.019702172338004056,0.018356569371529935,0.017207193363541918,0.015587444667650217,0.01453275952352201,0.013145089687141022,0.011962168388751736,0.01176662720420133,0.010504168752301294,0.009610472767833578,0.008302284710186772,0.00759105593552453,0.007402884380206425,0.00674061934986044,0.005937838617059004,0.0056312396537847855,0.005572456247446307,0.004849584932831946,0.003879927613858747,0.0038041383523454222,0.003243451269818856
WATER_SMP_0049,7.96,12.11,DEMO DATA - BIO-OPTICAL SIMULATION,0.027356663049229207,0.027515780216775733,0.027626802062846793,0.027483761845856856,0.027868881659390412,0.02773932539814216,0.02697937947469754,0.028372304067347854,0.02792610527735241,0.027272209490916282,0.027117040814695008,0.026425460367362114,0.02688967054631398,0.026492395903967767,0.02545128190368842,0.025132544319000055,0.02424159776136514,0.023096854772118137,0.022632382392968893,0.02200743006884157,0.02100268324798414,0.020209969289329124,0.019356483696369997,0.018446149882011785,0.017556366730196567,0.016288896530732535,0.015503772145362926,0.014593756579759115,0.0147477256401101,0.013404188356440439,0.013820530904741474,0.013011697655140396,0.011358316613910758,0.009465488069170804,0.009071732257686718,0.008286296739390787,0.007274785108315114,0.006784477675739794,0.006814556733861929,0.006014192877042908,0.0050352655896650465,0.004368114152369498,0.004319291621150003,0.00395692131794968,0.00380515208095216,0.0031609548464574698,0.003168307018817287,0.003314893280131065,0.0027228350279598257,0.0022301608359560623,0.0019768945058755865
WATER_SMP_0050,1.48,4.97,DEMO DATA - BIO-OPTICAL SIMULATION,0.009779119697020252,0.010294015897198718,0.00978710263280117,0.010003141328115162,0.009995248920527921,0.009793211202081518,0.00946726347812173,0.009880846680628524,0.009639111206347679,0.009648851188653315,0.009148021160439326,0.009452351639943249,0.008571171337827461,0.009068083222525523,0.007725300735109999,0.008053203986731301,0.0077202679396068275,0.006979435259827443,0.006975549392202216,0.006855965928901525,0.005428669915723987,0.005867634619914588,0.004596950140646206,0.004692020635062401,0.005121480463441934,0.00413686094042582,0.0036968012488100784,0.0038309264623566457,0.004468881814075552,0.003297413334837651,0.0034251252142279477,0.0038836967192499164,0.0035303984119159637,0.0024624456815571763,0.0017326181983519113,0.0024549431261452373,0.0021034837150882978,0.001668605082828434,0.0010821573942007107,0.0011859350061981418,0.0010386531620292943,0.0010823699630477049,0.0013241730197938765,0.0010671016372945643,0.0004023992495137557,0.0010681569748143681,0.0006853766548478186,0.0007398350305411133,0.000921464344294697,0.00010082407976015427,0.00038089636880429904
WATER_SMP_0051,7.84,11.45,DEMO DATA - BIO-OPTICAL SIMULATION,0.0271239607889993,0.026979858315829424,0.02768437709400119,0.028423926200876918,0.02716515511767475,0.027707610108541513,0.02785988433119675,0.02760249595121095,0.027374284297412357,0.02680361807605614,0.026989014965619656,0.02635720493893125,0.02553077733018042,0.026087983264153937,0.025497907373458677,0.024647006451550425,0.024063908742794057,0.023626805263313,0.02263070716566429,0.022047807456024082,0.020860318239581784,0.02048197528136101,0.019295826547772652,0.018347828705232532,0.016983191482140104,0.016521751095547762,0.01530172971442317,0.014617755792130527,0.014027988622470323,0.013518081056535892,0.013905490429347578,0.012796311800154924,0.011848059677126387,0.009729560733697224,0.009074516320887236,0.007806325922616237,0.007268533307926453,0.006570725028025078,0.00664132144311299,0.005616174386854425,0.005559538315284318,0.004960771666171365,0.00504606425178144,0.0035198119612055534,0.003981536075246902,0.0036174220866590505,0.0026789359726106716,0.002996428272393013,0.0025425264095699203,0.0021431216077775236,0.0017544515897550258
WATER_SMP_0052,4.45,8.25,DEMO DATA - BIO-OPTICAL SIMULATION,0.02023087027145443,0.02120908814822874,0.020707978673531826,0.021018346450866244,0.02058103943598481,0.020574201221408458,0.02107471549522078,0.020236571341637352,0.020355280600865323,0.020273808448589704,0.020025056629670267,0.019609924822318388,0.019398855121810273,0.019050217787056588,0.018573034433833218,0.01751833237941501,0.017145369277433126,0.016965436570432667,0.0162170507701072,0.014849648905347403,0.014657328836086574,0.013232869100413519,0.013105550161844434,0.01292317894721731,0.01133652096507202,0.010657844025072147,0.010488095764665958,0.009285153212196457,0.00922292235655361,0.009334654109112718,0.008583806266046202,0.008059136837812144,0.007496636538989154,0.0065133466650040914,0.005705217508878266,0.004923497481819175,0.004655675056004464,0.004096605427073864,0.003901995761762993,0.0032776184203456406,0.0030612980708148887,0.0025338465007671263,0.0025588943378333294,0.0020869043008903527,0.0017775121175305731,0.0019900632357474786,0.001794796874355021,0.0018007333333283754,0.0012864998877443116,0.0014020474085637627,0.0013213263474410816
WATER_SMP_0053,3.52,10.15,DEMO DATA - BIO-OPTICAL SIMULATION,0.0179376974170219,0.01768795039718628,0.018080579317552775,0.01821011203645009,0.01812950576762877,0.017485928742818218,0.0180995646426801,0.018607163369717423,0.017677756988065032,0.01735864573269255,0.01742857458166253,0.017098036849309012,0.016999043710548205,0.015851678262055555,0.015989830394594118,0.015445973711860113,0.01468595589904726,0.01425622673904666,0.013861239370303828,0.013189526455669984,0.011944119408569836,0.011882211694948849,0.01096197589033286,0.01035073939868569,0.009708659288385778,0.009029571376840725,0.008904903298071863,0.008170112131581628,0.007720878619493809,0.007883694275181279,0.007825026296995212,0.007561587584058448,0.0065132369564307475,0.005168421812352047,0.005410188281317462,0.004181492603751282,0.004062990265057293,0.0032897697091568696,0.003191259171598026,0.003006706973548412,0.0028672024205261253,0.002587147414618504,0.002319630482360764,0.0017699324827985395,0.001516526883844837,0.0016272304964656586,0.0016613468095760034,0.0011819356902114263,0.0014479187297867372,0.0014549970950203384,0.0006454183810931048
WATER_SMP_0054,9.87,13.4,DEMO DATA - BIO-OPTICAL SIMULATION,0.02979095433170887,0.030165349848005032,0.03042912230474638,0.0302697124943533,0.030880799262723746,0.030605214721669265,0.030444551555213903,0.029905719422196195,0.029791929688901566,0.030065150937021508,0.029077115336820124,0.02969685420738131,0.028960609179606307,0.029534029605277633,0.028744417620140714,0.027426968307560678,0.026818553741659815,0.02645994095946823,0.025927682314443683,0.024129158549124684,0.0232413881694962,0.02270558939021592,0.022145913766793254,0.02116862696601701,0.020362508956509776,0.018686421001846257,0.017386737765125247,0.017514034847355125,0.01640037862655021,0.015547630033411619,0.015559895200682945,0.01479706507257885,0.013289556147522958,0.011890953284872972,0.010812850103811696,0.009772536551357408,0.008651231231111889,0.008104557037005142,0.007796968025250373,0.007104704089441867,0.006468555030746022,0.005570333847295175,0.005304640844150185,0.004234142475679766,0.004505231529907605,0.0044791928404294195,0.0032396414683838206,0.003167981962741953,0.0031329328064297595,0.003127105338841304,0.00235854364322696
WATER_SMP_0055,13.8,16.72,DEMO DATA - BIO-OPTICAL SIMULATION,0.0336386517323741,0.033410563462781186,0.034153659480869,0.0348205527510024,0.034337765360740055,0.03425322066791033,0.03431798358567039,0.03413300253235297,0.03375837223489962,0.03406372882006178,0.03364514540643661,0.03328744932941474,0.03263650664654607,0.032907773215179646,0.03224323970170553,0.0313438931097835,0.031214975435562106,0.03010905077671374,0.02930806587557858,0.028541518968673497,0.02741004542330855,0.02720348353799932,0.025586206117346286,0.02479699881633982,0.023529434289058054,0.023071934678572,0.022002238518741023,0.02102578251116726,0.02011339904481885,0.019500717987596134,0.019272713110177503,0.01791041321288824,0.01681177525626908,0.015003859187913644,0.013993007877834304,0.013187023743944606,0.011980171044368857,0.010782566229483074,0.010145791678938568,0.009207361824827023,0.008538741927253618,0.00774088301979338,0.007136349688681026,0.006640417425574199,0.005712774117383474,0.005181363889922404,0.004584534319857886,0.004073711149497181,0.0037770180796821303,0.003812091234239148,0.0031500049457507725
WATER_SMP_0056,12.74,14.37,DEMO DATA - BIO-OPTICAL SIMULATION,0.03312718681679262,0.03314172492096056,0.032664686725484095,0.033538690314172184,0.03363272482921848,0.03309623199597331,0.03348027575141864,0.03300936301087936,0.0331573949902227,0.0325577525099562,0.0321531155199545,0.03227302662969972,0.03198869681050076,0.03148418782944533,0.0307647551509518,0.030454857225803236,0.03004906870406599,0.029287734713778726,0.028629959933549713,0.02759166365194057,0.02730838541110052,0.025718869627805317,0.02528814548571482,0.024526163502850282,0.023306780349154933,0.022058357902928972,0.0209251971952223,0.020476717946635074,0.019025178811875598,0.01855838515955599,0.01799691363245517,0.017449763177678955,0.015887362866488102,0.014105890986193699,0.013039788511686978,0.011861229674950785,0.010886242054621948,0.010535413770228876,0.009031553321624591,0.009175015478408453,0.008235449308194363,0.007653380159276446,0.006570195057994576,0.006089810959076469,0.005171955582247265,0.004951378821656183,0.0048017053443658005,0.004623267787235538,0.0035171218336071657,0.0033863494521612423,0.0031271855769826515
WATER_SMP_0057,3.09,6.5,DEMO DATA - BIO-OPTICAL SIMULATION,0.0159951584117059,0.016712220791097333,0.016409025183761097,0.01662578499641036,0.016570242817580454,0.016450431436480697,0.016623588758641724,0.016454081486632337,0.016252933343615644,0.01594305174208131,0.016005353168080796,0.016104520374762232,0.015301446828020706,0.015163405530882895,0.014009429683204885,0.013996189783827778,0.013106785698455383,0.012449770242301046,0.01210302811077966,0.012095283242568027,0.01142236670112698,0.010602568962135435,0.00946057754616706,0.009256362659361549,0.00881177209853272,0.008206003725567353,0.0070957905311493565,0.007000590783616578,0.007015441080334929,0.007024422961167839,0.005922844081796511,0.006024785373392371,0.005428598369223086,0.004932108551751483,0.004286495459418614,0.0037928563379434352,0.003017421360851261,0.002381323708550928,0.0025654433373146534,0.002737635246904295,0.0026298516680033426,0.0022188577439788385,0.0019462247061970055,0.0017596091457381157,0.0013224998726434067,0.0013080678847164125,0.0017185560041230487,0.0008177445158371736,0.0014785438929810725,0.0008010816901210942,0.0012080067815894151
WATER_SMP_0058,4.72,7.91,DEMO DATA - BIO-OPTICAL SIMULATION,0.02073593469682013,0.021484811194444016,0.021204591850105727,0.021079377924595886,0.02160597514116761,0.02183440768797045,0.021220779810637677,0.020916010133825103,0.02117603373154293,0.020959855786845498,0.020876552446683662,0.02066594234409462,0.01997564644116039,0.020107142750934122,0.019121494450482855,0.01840372441563452,0.017431148827085675,0.017200963248042586,0.016507498500843976,0.01619458030354837,0.015319062865679536,0.014082687389385512,0.01373340222288577,0.01312410792762423,0.012624986466303348,0.011694527208683993,0.01097719092091501,0.010218727287824931,0.009937322412877647,0.009892987270074547,0.008700517678109398,0.008331311780500424,0.007340773544544124,0.006796045629792862,0.006281260093068779,0.005118525913524635,0.00408161465875332,0.004244819425741648,0.004254667779014286,0.0037861749297496516,0.003426052678180215,0.0029128334455614446,0.0023372590240029103,0.0026230059462918616,0.001987319073162913,0.0026822094074715197,0.002006201092905734,0.0014861749917839382,0.0013181548943499604,0.0013294710984396673,0.0011546504511164679
WATER_SMP_0059,7.89,12.1,DEMO DATA - BIO-OPTICAL SIMULATION,0.02768814708482439,0.027575870484656942,0.027430636872830257,0.02830739650583654,0.027801834620605148,0.028017888910486562,0.027555298602426167,0.027744678955841557,0.02757187702897585,0.02669697784401986,0.02759443122688784,0.02704227899185219,0.026139616943092102,0.025470088638685547,0.02538591934988516,0.024728803612715265,0.0241731087033727,0.023433025170657915,0.022786001428946875,0.022281038747925145,0.021189579283902867,0.01984221292690871,0.019676020631124995,0.018848134139203113,0.018374472856245515,0.016161410893742203,0.015687099933326714,0.014254597404053652,0.014525607382082568,0.01378183685193753,0.013966440698824616,0.012282040796446575,0.010863970978636941,0.010030002209682936,0.008516102897985246,0.008463612206724166,0.006895467037693488,0.006888894338226618,0.0056776417723550885,0.005668128026083646,0.005758986873211719,0.0049125703532545304,0.004118773868826137,0.003975261051002888,0.0036283946291056127,0.0034328667090744868,0.0025769592968066524,0.002886716454626572,0.001643721212002707,0.00203455461471912,0.0018662018171696987
WATER_SMP_0060,13.2,14.72,DEMO DATA - BIO-OPTICAL SIMULATION,0.033553466829139914,0.03352705823701385,0.033221443793166515,0.03343387169380996,0.03383599061283375,0.03375777866330712,0.03356831048798077,0.03351115545851332,0.0337278592702705,0.03317509129835926,0.03306084517865406,0.033438519548127627,0.03200228028873262,0.031455798237890756,0.031767480425585415,0.03078842372224574,0.030294778285855913,0.029493472091886228,0.02892822229538038,0.028707047293772374,0.027635432606394658,0.02677055307410633,0.025158321012515465,0.02426738181599395,0.0227499873700024,0.02231109540274464,0.02179822348191036,0.020739651073707625,0.01979602399312381,0.01924583107505229,0.018304811250733365,0.017525549605262532,0.016376658153701575,0.014270247850644865,0.013565051701250653,0.012650483322337185,0.01128273606547437,0.010742919762057143,0.01056135493733208,0.00891801466952567,0.008345224357674529,0.00732866090861063,0.006971613047623875,0.0064658301900014994,0.005838764543324257,0.004967446382624287,0.004867006935137203,0.0048122731708219735,0.004111470475577268,0.0039014172887447164,0.0032082496399025886
WATER_SMP_0061,4.12,8.88,DEMO DATA - BIO-OPTICAL SIMULATION,0.01980207732102203,0.019803648743768918,0.019544221858822552,0.019997753577875168,0.019636832656232978,0.019732657108129034,0.01992043381472656,0.019844151841034614,0.019237564752709522,0.019696266921551422,0.019282834861468225,0.018576204327087065,0.01794859394094657,0.01793600043392442,0.017365034913141904,0.0170051130260662,0.016291685497088444,0.015189765197441538,0.015034278996279822,0.014391234949683205,0.013984802319231252,0.012883128675366085,0.012886652844300229,0.011099051722741126,0.01136201393744486,0.010220969626809963,0.00993617946416443,0.009242763866256713,0.009289663515216533,0.00864099386488132,0.0080962052797988,0.008230138014346255,0.006913072329831165,0.006120813222016242,0.005664932463644826,0.00439812390181371,0.004425935792398544,0.0036818124188120758,0.003472215009901248,0.0032166027944157886,0.0024538820574450003,0.0024033588969571704,0.002797863320117495,0.0024348973993772068,0.0019462399066198708,0.0018520202754721796,0.0015215414835169833,0.0018628822740468856,0.0012560080450972188,0.001258810886244351,0.0014180485427995335
WATER_SMP_0062,5.21,13.32,DEMO DATA - BIO-OPTICAL SIMULATION,0.022099651078208125,0.022956601357211073,0.02215065622665266,0.023180513430030397,0.022619033795734468,0.02265121000189062,0.022100999309306747,0.022423511493750246,0.02208550493011194,0.021996294068624102,0.021860875877724607,0.02185461254905309,0.021236637657557077,0.02081659692906748,0.019890281754367387,0.019396798101404787,0.01959377967366474,0.01818222224034171,0.018208922040664988,0.016914879650000304,0.0162369821877287,0.01578530069669793,0.01505985884482044,0.013852089885745907,0.012976446373959423,0.012303670923976965,0.011732553347591488,0.011408162810274076,0.010910025566304748,0.010972055361303856,0.010956622676166696,0.009850135047515815,0.008761109235057268,0.007074385645351049,0.00577147805484444,0.00593903922414505,0.005225598232996988,0.004625307229049316,0.004430283016056496,0.00395237729150757,0.0039527774443070245,0.0033126807802413435,0.0027619395444467443,0.0030073537067915714,0.0023929267494263813,0.0023856410939313965,0.001874339067129906,0.0016312357495918927,0.0016773322959126385,0.0014977157021509781,0.0014941770617745167
WATER_SMP_0063,2.5,8.74,DEMO DATA - BIO-OPTICAL SIMULATION,0.014192126786310058,0.013823979408910584,0.014320850715755612,0.01473469261187956,0.01441990279234389,0.014411385297287789,0.014718291763340685,0.014104497944316875,0.013707888743484224,0.013931053150673748,0.013598047683453362,0.013173487426331457,0.013088096039721182,0.012924907333309114,0.012373723357451571,0.012033612782572095,0.012020788192449755,0.010884186145765595,0.010561038124546044,0.009800822085144281,0.009166712623035873,0.008708478230230405,0.008205103646966508,0.007928128811714962,0.00801111026426788,0.0066118887894397555,0.0063066185014954675,0.006179995610413705,0.006275353223394026,0.00626123883679252,0.006424608652419998,0.00484449774923883,0.0041306716888423614,0.003931140672572775,0.003780968622419667,0.00253187928219507,0.001774287023988165,0.0025890293088174678,0.002265658865181315,0.0016620882147124058,0.0015078897820712945,0.001343173327765969,0.0015127269980410474,0.001150943527507933,0.0013590580416590575,0.00023815972882128787,0.0007319440223795517,0.0005554714946857406,0.0007296624285823413,0.0005666277885336523,0.0008963428328909083
WATER_SMP_0064,2.32,6.21,DEMO DATA - BIO-OPTICAL SIMULATION,0.01303914326211596,0.013706172769686838,0.013930342380725365,0.014361392715805969,0.01366937058424253,0.013885667242861962,0.013183878162468491,0.012904249041440585,0.01373052990378705,0.013288171833513735,0.013413357463974155,0.012375488360061328,0.012630258282453512,0.01268292583638146,0.011860317583076587,0.011397264448845871,0.010868732773243451,0.009923481409854345,0.01031174459154284,0.009219104499028042,0.009043186835810065,0.007909703422685797,0.007513741066834741,0.007794200887961682,0.006769380327093518,0.00684848221849237,0.005994101479180679,0.005192671813455039,0.005883505502219347,0.00536410050196437,0.005558552028042828,0.004933281258887779,0.003857576818617953,0.003742417268838377,0.003832052916068665,0.002935139876597703,0.0024790781717923655,0.0025801610274072133,0.002110653425865831,0.0019199355291776119,0.0013558649467511534,0.0015949621917955344,0.0016909274496635378,0.0009979265092327691,0.001556490765725814,0.0009930063728249765,0.0006556305418821096,0.0011319056370924481,0.0006656452809122178,0.0009062766184738269,0.0005246176175740219
WATER_SMP_0065,11.59,16.67,DEMO DATA - BIO-OPTICAL SIMULATION,0.03188766550476029,0.03221520527651847,0.03228086771454533,0.03168350281348662,0.03199361552093369,0.032613072760843353,0.032252513278217654,0.03204385964376239,0.031650537767494026,0.03153717020222655,0.03100114276680879,0.031265541079688666,0.03074468422029902,0.03020140357604857,0.02997631968342578,0.029549464809171415,0.029450481267084837,0.027691255153217572,0.02775707854096544,0.026910687725819955,0.025543289044994547,0.02494951671765597,0.023821144341370056,0.02304697787652536,0.02244159369383515,0.021139083493267468,0.020101047562733163,0.018961719140096377,0.01803549307007609,0.01793807620100567,0.01772098920331069,0.015890422084274353,0.014698177827225802,0.013629751444708094,0.012008162013877815,0.010986063698338988,0.01018116116889679,0.009082433275124863,0.008445692403144415,0.008242994515334527,0.00697832836602224,0.0062730956497169975,0.005987703316319577,0.00586162225717467,0.005087828430656864,0.0045502121296224765,0.004281507867219758,0.0033570589450138827,0.0036736854361170673,0.003314700232435997,0.0027791468070182267
WATER_SMP_0066,17.9,18.51,DEMO DATA - BIO-OPTICAL SIMULATION,0.03682655429279111,0.03632807066511682,0.03711568298721562,0.03690194860309051,0.03679801958367919,0.03689924297605634,0.036839771047137856,0.03716295904283386,0.036354603932508,0.036283029671087846,0.03660796729122803,0.03585256297865691,0.03598225091774727,0.035847551739016444,0.03478585777104887,0.03462112003610442,0.03352153956853446,0.03348507019099007,0.03264953669430883,0.032003343365656155,0.030881435741078458,0.029734422863001358,0.029487890655268658,0.027770299197485856,0.027291756334716845,0.026608611010383334,0.025302459064164944,0.024850051121683286,0.023804714052603964,0.022654232836008984,0.022075536855848468,0.020945724253681654,0.019083281030815594,0.01777358251357072,0.01647895025223173,0.014794492291817452,0.014314988772778271,0.01320771418025011,0.011818832348234927,0.011527053195138741,0.010751252955075369,0.009781675067086637,0.008840429284271449,0.008386296120651168,0.007730865972036989,0.006982817772157764,0.006051627282049307,0.005833472624924395,0.005601896993030434,0.004596340572301941,0.004974022663257254
WATER_SMP_0067,5.71,5.49,DEMO DATA - BIO-OPTICAL SIMULATION,0.02326986051906835,0.023597207699116177,0.023509821739537196,0.023863096824499577,0.023314895276912613,0.023668691149992337,0.02345013335600637,0.023711094928866645,0.02380652993029862,0.02348267435316774,0.022299586650752105,0.023286665741117617,0.022366284173786236,0.02158984883687979,0.021358078078212155,0.020797458297523785,0.019927083087564725,0.0195221212128953,0.01857416003367875,0.017892450065609508,0.017035141215174947,0.016015012552273326,0.015675722807523215,0.014984928363830783,0.014138352357722882,0.01341290871044528,0.012484902479295183,0.011538089065218787,0.011380323916996482,0.010214983089195705,0.009781403469182576,0.009038533118545593,0.008805969330119349,0.007912895535178537,0.00701668814376003,0.006548963978052174,0.005411036347189323,0.005286424234992137,0.004693293454094475,0.004568760218281348,0.0038959547695998123,0.00346104600887666,0.0034133328021515577,0.003215288336201442,0.0024784607189580667,0.0024106286680620793,0.0018832084173808928,0.0012433042339093357,0.0018634879951947327,0.0018138199625882892,0.001553340943341563
WATER_SMP_0068,13.5,13.79,DEMO DATA - BIO-OPTICAL SIMULATION,0.0330231759639135,0.03365865426207561,0.03322052696789379,0.034382726661678936,0.03369282735450704,0.034400498688175664,0.0342686442445775,0.033628874376860934,0.03342399374060838,0.03368187141212513,0.03308223625019927,0.033068784131459236,0.03253758418972326,0.031732860846762766,0.031122133541099585,0.03132203461622121,0.030486978269503227,0.029830211409462265,0.029486191841173896,0.02885344691904429,0.02758919845107958,0.026687569049545376,0.026012130636512882,0.024484874640089117,0.02394761607198988,0.02299733348682808,0.021988253024445705,0.02026069846530936,0.019859907133936608,0.01917609406294414,0.018699849290498408,0.017760394642276682,0.01676146383983254,0.014792081887171111,0.01352483309532842,0.012917057185523871,0.011692133344832911,0.011099660429669275,0.009979770391930645,0.008767676944060622,0.007982177555267044,0.007229116078348241,0.007250251748587877,0.00680899341458304,0.006450461477973629,0.005632746454950204,0.005251996417905377,0.004289724294345946,0.0037126254039619114,0.00394355624943932,0.003473887025582241
WATER_SMP_0069,8.08,7.72,DEMO DATA - BIO-OPTICAL SIMULATION,0.027679864118004653,0.02793077931604536,0.02804181288782699,0.028420298540766217,0.028470660390867642,0.028245954058116782,0.028287394562539928,0.02808639868966929,0.027637284109604362,0.0277886784271924,0.026870142813207383,0.027270720466376734,0.02620067333035696,0.026187446258490656,0.02532953428452387,0.025170456515223608,0.02435771586627664,0.02319797283841048,0.023059970343386953,0.021971211513780883,0.021578582484204526,0.020449116097872217,0.01967314351759763,0.018350897147944255,0.017528969667039703,0.01663006569034079,0.016114712126551304,0.015547858357325577,0.014133237271230087,0.01410445719013643,0.012453954182817969,0.011874100859502409,0.010910129369652707,0.009735649816018729,0.00871226982103463,0.0084941881172374,0.007597126081742354,0.007137270265531365,0.006642548428004759,0.005968693206053231,0.005578663088399378,0.004889886854657654,0.004119593270535378,0.004391836866958465,0.003528632383499317,0.00308578105013459,0.0030025190565851484,0.002497950227273992,0.002387082247896927,0.0023788690141022385,0.0021645915521397324
WATER_SMP_0070,3.61,7.19,DEMO DATA - BIO-OPTICAL SIMULATION,0.017814529081840284,0.01807088825239727,0.01864124221069602,0.018534251768645815,0.01903528487458802,0.018751923953948677,0.01868095197632676,0.01781313428393209,0.018300448237651593,0.017845644593459418,0.017434291055611485,0.017335735175258674,0.01720322999255902,0.01665457361644969,0.015778371901141956,0.0157586352826176,0.014799246489954726,0.014475730955637206,0.013710999784197837,0.013104606184777544,0.012751533451750034,0.011550359342619861,0.011782268739783348,0.009990349043949824,0.009704289152909997,0.009365855239468361,0.00886555279556282,0.00822564102769169,0.007963878651044552,0.00789816685248746,0.00738295151398362,0.007305986074515434,0.00638261466901223,0.005611341433178958,0.004394871407886811,0.004144295161982817,0.0036694350175303456,0.003111635322622703,0.0032119614171838605,0.0026602298691748376,0.002759268439606093,0.002004428363248027,0.0026242831839990936,0.0016415973164490849,0.001795686852265371,0.0018030047005269012,0.001244692640724349,0.001535749288144769,0.0007879305190626824,0.001480487929539424,0.0009477624818577805
WATER_SMP_0071,8.08,11.5,DEMO DATA - BIO-OPTICAL SIMULATION,0.027466378182642942,0.02772248367577429,0.02818520269096901,0.02785748545227143,0.027855024210317023,0.02801389121395769,0.027678225835828768,0.02847599944371134,0.027603367668266182,0.027808838966176613,0.027348970602138166,0.02665682414775022,0.026554868502435904,0.026334524916253977,0.025524216395645682,0.025359985670746182,0.024671960570053973,0.023949690872155878,0.022793489014453584,0.021818274729666416,0.021127822241031338,0.02050527769887644,0.019715953201541913,0.01798420922402034,0.017699956635425725,0.016811654713672027,0.01578478369320007,0.01549937265754565,0.014686680269654048,0.014503505815676838,0.01346229151350511,0.012925942181517503,0.012000429241441686,0.010717779607478637,0.00894190770253353,0.008322098955774201,0.007564458236003514,0.007170722355999484,0.006640505625381303,0.005636376993282182,0.005400767145076859,0.004303918398308147,0.004907492395887026,0.003920061742060903,0.003721466412455602,0.0032729620698364542,0.0033991516835311314,0.0019200387363098855,0.002506869970430955,0.002243490002157049,0.0019236187024946336
WATER_SMP_0072,20.71,24.92,DEMO DATA - BIO-OPTICAL SIMULATION,0.03841402032273089,0.03776274713418268,0.038364637504871214,0.03831355781253852,0.03862615647417409,0.038053933523188865,0.038003827466640855,0.03848321086256874,0.03817145660911246,0.03742636888953095,0.03752827900264769,0.03755816826456017,0.03739552009403195,0.03659001198782921,0.035514808101429464,0.03608535376661851,0.03504416955366397,0.03422846778268806,0.03334829452631623,0.03374734833478919,0.0327882592766017,0.03187102075350293,0.03148857140687568,0.030340380784841962,0.029648568509602898,0.02768754168656234,0.02700476032347412,0.025559626254230226,0.02526476723368639,0.024700640691355302,0.024242973164214202,0.022957916328928324,0.02165906807283979,0.020072979262139752,0.01899121334821747,0.01691813392005464,0.01555169301414883,0.014821948309254516,0.013478470330836163,0.013179991942675287,0.01171080100690494,0.010732022454922548,0.00991320080848141,0.009470817729691803,0.008456679229345971,0.007607896471072059,0.007643272014530583,0.00627575862010683,0.0059763689123052645,0.005636847257101347,0.004467610599662063
WATER_SMP_0073,5.88,10.36,DEMO DATA - BIO-OPTICAL SIMULATION,0.023922247068640063,0.023622624350237063,0.0243109713103552,0.02386065334361797,0.024399370966494024,0.02451876810438907,0.024391143334082988,0.02410114362970153,0.02379423915347685,0.023471394622632657,0.02380765034513287,0.022818997474197574,0.02232059891123215,0.02237524015328771,0.02142325280211202,0.02080848240550044,0.020040037140141388,0.019660185999483937,0.019069409932913412,0.018419138040286824,0.017852577486086905,0.016921816823143906,0.015885481308142352,0.015051488905019835,0.014428442361622213,0.013833069302089227,0.012725319823328128,0.011934655546043912,0.011368961085107765,0.01091909936457815,0.011097122723785803,0.010311764517903192,0.009301941844933407,0.008036555772210014,0.007580615692225848,0.006281125592699244,0.0061189278956353815,0.005308057849574211,0.004673799800195677,0.004607685822496412,0.004159265667530466,0.0037807072152313465,0.00336433982935866,0.003022338086491847,0.0034696640894071656,0.0028518642245667965,0.0024791771928891126,0.0020822832934158163,0.002156403939490621,0.0018327648679901589,0.0015245099104284404
WATER_SMP_0074,21.15,21.48,DEMO DATA - BIO-OPTICAL SIMULATION,0.03799775379854222,0.03819600922827564,0.03737226681169989,0.03845943658867278,0.03829036180658115,0.03892110412552107,0.03841914854143539,0.037988170738019786,0.0382206563729898,0.037769526493523456,0.03802782896204406,0.0377279702359064,0.03763313804979008,0.0367617252881734,0.036608533053275015,0.0357325480258709,0.035839136967891816,0.03521277572717481,0.03457538803328518,0.033737596253489384,0.033113350315241326,0.03266442141239369,0.03123568192597588,0.030445072244320855,0.029098340004390506,0.028114350967067138,0.027319668154956282,0.02663246372574567,0.0254532210919882,0.02481741764535674,0.023984078759638143,0.02282625109482388,0.021644136273545778,0.01955810747766207,0.01892445979125695,0.017033560384277707,0.016276235011456756,0.01458807789875374,0.014132358231531207,0.013139899475627794,0.012103812216131734,0.01078578679398988,0.010301417896279834,0.0090618905089741,0.008579367329617551,0.008250301447882578,0.007513930823821723,0.00665893696737476,0.005785942101170676,0.005738858452938258,0.005058647528854841
WATER_SMP_0075,0.74,7.25,DEMO DATA - BIO-OPTICAL SIMULATION,0.0053127019367138935,0.006243169838380862,0.005991514597324687,0.006338657967268592,0.0056153026531375345,0.004941968764205024,0.005913525858529035,0.005834738313335824,0.005139491282470355,0.00523425511120849,0.006217358877254097,0.0051446268105216466,0.0052847457077433435,0.0046845618973657115,0.004054010508350256,0.004420581866234796,0.004174134089091405,0.003910100262297861,0.003768525192852311,0.0036541026476254145,0.0033030466745956285,0.0027456148121838843,0.003052917862575897,0.0021127233778126904,0.0018878063582317907,0.002564923733334203,0.0024166645537308995,0.0023125761169255246,0.0021327381512022065,0.0025981464822510134,0.0028124523851275596,0.002176764579317639,0.0019505064936849144,0.0018434153098325053,0.0016744103861165071,0.0008732421928324032,0.0010821069635740736,0.00018575972992041672,0.0008823820219808871,0.00037731940082795686,0.0006511287665824051,0.00043056647221802733,0.0008520165007169127,0.000149162126963266,0.0005595763333810566,0.0002510737249039462,0.000254551822505255,0.00021717332769044263,0.0001,0.00021703325345397398,0.00018060268187765813
WATER_SMP_0076,11.68,9.92,DEMO DATA - BIO-OPTICAL SIMULATION,0.03206328685298727,0.03217755406879709,0.03251788287566468,0.03264398979531963,0.03209954432818176,0.03267967997004929,0.03202120276579758,0.032462536442720104,0.03232958596982833,0.03137370575823807,0.03172213836165211,0.031242579765352843,0.030784505896769145,0.030985330272758328,0.029890157855247245,0.029288684280314187,0.028936350244291777,0.02844235537625375,0.02745927072868646,0.027061677126851202,0.026029650748281095,0.02432854572967259,0.023892999695315532,0.0229163898105502,0.022228765927067764,0.020270814459990173,0.02080302057689743,0.01926479826841379,0.018366875957398696,0.017976432043104153,0.01753275708601524,0.016080329086664142,0.014905858836735729,0.013422848241732403,0.012200546316055372,0.011100269942495135,0.01010921443252929,0.009341079674002044,0.008386472058049758,0.008059782439936563,0.006912337123435226,0.006853610472079724,0.0062064888865486275,0.0057237304985433834,0.005024966052841482,0.005644587812650103,0.004705581407877341,0.003534319697813634,0.0036197709031644447,0.0030397876604138564,0.002618151281303169
WATER_SMP_0077,6.49,10.66,DEMO DATA - BIO-OPTICAL SIMULATION,0.024571598987030915,0.025267218767002678,0.025060659183447184,0.025642946432208436,0.02569477486620252,0.025806021018675553,0.025085346883977292,0.025378006624588154,0.025264032229633044,0.02471337521842741,0.024346240173261948,0.02472255323529826,0.023909303535132754,0.023573038716605578,0.02261787221586293,0.02192408114692295,0.021490470787326653,0.020945408012725333,0.019939143466082866,0.019491093751205862,0.018188966284937862,0.017533299717761828,0.017223519235160783,0.016342176869553877,0.015174820370567553,0.014125261434427532,0.013315714983519031,0.012853976627788527,0.012705250443238376,0.012433300492226662,0.01151025121967159,0.010515969555576666,0.009894455229615915,0.00847359020839773,0.007607244170603496,0.007386767146015356,0.006603058113442061,0.005851028915723725,0.004921858845847238,0.004905522658651353,0.004734327691635724,0.003909024114330874,0.004064302035988976,0.0037134024256002033,0.003518912536055659,0.0028314138911509938,0.002660186942660109,0.0026747169788958677,0.0021718703088617706,0.0016935777938161562,0.0015332669441827358
WATER_SMP_0078,4.76,10.35,DEMO DATA - BIO-OPTICAL SIMULATION,0.021325861293518704,0.02101863653194765,0.021479787970125692,0.02193037341387461,0.020980730406833473,0.02208977463843264,0.021908940294145484,0.021325778665150105,0.021464543493619773,0.021084824880934275,0.02117859988325598,0.020773049357048066,0.019670129691587254,0.019822696570050397,0.019087735333922388,0.018626683713403355,0.017789121639038678,0.017895704661294403,0.017010248273731092,0.015772443468173372,0.014865649043063523,0.0144041043233287,0.013892760568532466,0.013072580208296321,0.012617665765917491,0.011740398469051314,0.011128406055245158,0.010434210705771515,0.009628921561479889,0.009787945873140204,0.009808661704479051,0.008793507752537058,0.008011558855700197,0.006770580534925951,0.005706989000753058,0.005320405937908792,0.004932472818177334,0.004205492430872068,0.003940012320840337,0.003370525274115537,0.0036585295548804313,0.0029315087722658166,0.0031778165558242126,0.002946217420021342,0.0022307592360789243,0.0017403428236239028,0.001223730847045005,0.001231883067189406,0.0011013298548477922,0.0017816944219150072,0.00127103376564743
WATER_SMP_0079,6.51,7.25,DEMO DATA - BIO-OPTICAL SIMULATION,0.02513646028640579,0.024517479229841984,0.02495181664219338,0.025664928895218153,0.025528946025930133,0.02539602211663666,0.02555691304433584,0.02577259074194698,0.025054489442459492,0.024922988772068833,0.024682128820188127,0.02500391549728347,0.02325781093528654,0.023633715212895912,0.022876438742722494,0.022506101781606353,0.021510038911447555,0.02101351999202442,0.02051697479198592,0.020472496036924557,0.018981816247830918,0.017657965292298183,0.016937249505011128,0.01606617475041432,0.01479394175892088,0.014368562299309637,0.013861905184243534,0.012539945091737028,0.012663102231735657,0.011996182344757042,0.011044182635768708,0.010437141951235518,0.010011582740164364,0.008785880354680198,0.007708048874362328,0.006912011223167972,0.006391133688213231,0.005667833333177427,0.004689611366802862,0.005471201715217909,0.004477294350200623,0.004155095839680511,0.003654377578032779,0.0031167461401392,0.002974712396316504,0.00226978669848463,0.0031759964413990444,0.0018882118358323609,0.001735433803941,0.0017185685287634238,0.0020603336176372934
WATER_SMP_0080,1.23,8.27,DEMO DATA - BIO-OPTICAL SIMULATION,0.008683456095695067,0.00834625452150213,0.00911579316058724,0.008962862878110262,0.008888302718349544,0.008901566539428706,0.009340156339781662,0.0091857819777888,0.008205012782474826,0.008750849647218579,0.008203287711414816,0.008035453823787328,0.007149529768764704,0.007353639144259735,0.006887008325359429,0.00708688417952812,0.006852216415598116,0.005589321275297338,0.005877820326886807,0.005889362587556789,0.00516427445676225,0.005108854144526646,0.004670856228836865,0.0043525668468886725,0.0038698987742416253,0.0033256135321369207,0.0031826234116142608,0.003721638315076176,0.0036833911443501987,0.0038541691606168594,0.003797400905395585,0.003518601261208133,0.003339347906554226,0.002294602438476767,0.0014995237153727088,0.0018049594127083303,0.0013182106798032293,0.0012443911319687945,0.001597686343212521,0.0010030980940775591,0.000999837044438138,0.0004719727485223646,0.0006803146438107345,0.00085697735045141,0.00014213410982568157,0.0006097725652351373,0.000526137860987804,0.0004597782119460548,0.0007146799150874817,0.00046422804400562056,0.0007715159440852615
WATER_SMP_0081,5.07,9.74,DEMO DATA - BIO-OPTICAL SIMULATION,0.02170955673835697,0.02220321359648323,0.022307509205474526,0.022042311747370317,0.022688466492458925,0.023091615662996137,0.022332728994438018,0.022381112567418537,0.022092500786253494,0.02163449765619165,0.021026398356140223,0.021027008560101194,0.02042953849568885,0.02091005976028171,0.01986123859551103,0.019236985936246006,0.019004222873574658,0.017753884344042646,0.017174725720551946,0.016706863787618167,0.01625032562057634,0.0153276803259536,0.014474159580647655,0.013639321582155802,0.01295330969639355,0.012128350098049287,0.01105910688017646,0.010834812737057957,0.010150109399304382,0.010236684451977776,0.00966645620672047,0.009871311567143689,0.008151157990326828,0.00675506517406656,0.006285597246773672,0.005811930456486415,0.005622316780626352,0.0044853687539307425,0.00377555133962489,0.004117479947135919,0.0031103298052677863,0.003073647707338356,0.0028334366213590366,0.0026206742550127058,0.002602142765209924,0.001965517548734473,0.0018835281326859835,0.0017747251575691528,0.001654127624480697,0.0014843572161557209,0.0014458049977113395
WATER_SMP_0082,8.05,10.61,DEMO DATA - BIO-OPTICAL SIMULATION,0.027856952910135017,0.027888519003992734,0.02803708070796524,0.027516613072761743,0.028053326292988297,0.028182585199396353,0.028208315768527836,0.027680371423362382,0.02753372005951153,0.027345161222208276,0.027404973299455352,0.027220146589980804,0.02639209729946724,0.026329289552748502,0.02557523714003422,0.024922224191387062,0.024259560560641085,0.02385554788071671,0.022986766444172888,0.022782935622280596,0.021014551837793907,0.020560633804086924,0.019352861947029055,0.01833508867091453,0.017660431811633133,0.016767842105574797,0.016704036346441704,0.015005602212288797,0.014144292935122321,0.014084028158298125,0.012776390332485938,0.012492340153357087,0.011414187342504031,0.010493271696841016,0.009517038158157427,0.00821668424780618,0.007598873101639258,0.006773119125984749,0.0060769724470156475,0.00596326356720858,0.00498193942291702,0.004770384381096296,0.004162438934199038,0.004225896625611024,0.004233418053856538,0.0029646558416619433,0.002489637324844616,0.002724881094107297,0.0025084113409024325,0.0023334131405020665,0.0019190655223883795
WATER_SMP_0083,19.73,22.05,DEMO DATA - BIO-OPTICAL SIMULATION,0.037392812523532805,0.037699018959042714,0.03800736926901749,0.03718391197264621,0.03770158001987662,0.037882759543591514,0.0375119077564593,0.038235417801876136,0.037412005167553705,0.03743228621701264,0.037406704730214436,0.03680864592259695,0.0361269120731929,0.03619379890953069,0.0362175236728693,0.03533708288992384,0.03465554761838367,0.0345994759627711,0.03357539045029686,0.03281511435482298,0.03224799778486156,0.031612284701592275,0.031218284869791793,0.029820156506992424,0.028928301389153747,0.027369697250143245,0.02612667641270737,0.025476249648331697,0.024749102896264547,0.023790942695971245,0.023309347498892588,0.02236902506398564,0.02091349883831231,0.019391303855606546,0.017853964851861366,0.016316771451670355,0.015161965105522106,0.013893024994996913,0.013781139734539078,0.012288501171653931,0.011300489694067264,0.010218742622566324,0.010554610258074592,0.008576123284216145,0.008041348894532988,0.007613787095438136,0.0070343193524791915,0.006551709459808138,0.00625991603020249,0.005364162295217272,0.004429550396486362
WATER_SMP_0084,4.0,12.74,DEMO DATA - BIO-OPTICAL SIMULATION,0.019143342377487986,0.01945342341272624,0.02008940115150962,0.01912087384858961,0.01993206406879165,0.01961273655839175,0.019750892447400043,0.01936035219459942,0.018978067502984683,0.01924275062319122,0.01894644373809327,0.018720145943992933,0.01804942574434929,0.01744639080449685,0.01668209946626978,0.016872739765261623,0.01618921564718044,0.015170231135011588,0.014664589509040682,0.014026562313920386,0.013042620457616763,0.012550048425216162,0.01175638817000753,0.011273825724153447,0.010485249403640729,0.009558445826477344,0.010088770733109126,0.009500310267154118,0.008790096792039046,0.009104550042064546,0.00893376789525361,0.00852904537106065,0.00694298803617998,0.006465064995028439,0.005094992758303013,0.004213921884340438,0.004355200937517758,0.004138640480313529,0.004188205425796095,0.0027431119363051457,0.0030295515697891617,0.002437289710006073,0.0025575277984235902,0.0016641150731733887,0.001528174737049062,0.0014935818463649008,0.0015856142237414851,0.001220133711695691,0.0014744390318020021,0.0014616388218336733,0.0012217997560187474
WATER_SMP_0085,3.17,7.9,DEMO DATA - BIO-OPTICAL SIMULATION,0.017157851574884305,0.01691992978112693,0.016523223021747198,0.017356834398774452,0.01678868079260231,0.01722535354896374,0.017363007252428786,0.01692071741769542,0.016179898238261586,0.016149208495203245,0.016567715518750872,0.01581686561522656,0.015539716275155664,0.01534517461735754,0.014884318110917517,0.014276752269928044,0.013612324697042667,0.013032011896862695,0.012808586098159398,0.012122982843739938,0.011271648618805542,0.01105757430398024,0.010076347079291132,0.00924555007067506,0.008670690292435933,0.00803047430483414,0.007740883309061069,0.007835501613404053,0.007040630132559755,0.007225109035466188,0.006720145215735002,0.006311154998330526,0.00518726496085084,0.004793738587600144,0.004147619934698934,0.0038749186704132837,0.0034027640460508714,0.002663538351281256,0.0030715002444209084,0.002557583650097073,0.002323631291635705,0.0020505804831191226,0.001705446895574227,0.0017504642292176056,0.0016677980100939115,0.0008554877236703568,0.0010856462627682308,0.0010507005071611682,0.001095112353275127,0.0012775387585454968,0.0005986229046219054
WATER_SMP_0086,4.05,8.74,DEMO DATA - BIO-OPTICAL SIMULATION,0.01922134372795715,0.01935852122246873,0.019380436337159003,0.01958862593966933,0.01995555286670528,0.01939593291413968,0.01978134821294067,0.019033809543982615,0.019215611673011435,0.019071445337136003,0.0194047456640929,0.018497392258645023,0.01754321607771957,0.017175423191072108,0.0173069658512446,0.016956015866872814,0.016317225970352206,0.0156499962673322,0.015311447092164965,0.014137800023773999,0.01388519821021096,0.012430737122191799,0.011945482256764131,0.010970906718941966,0.010733629751686404,0.010129080352348203,0.009574345281490971,0.009104971638346416,0.008540678367013518,0.008573705375514358,0.007854022237403908,0.008097624294958748,0.006750877732465722,0.005813628832287282,0.005687098742839946,0.0042590460401759666,0.0038402590204668925,0.0034663389146054827,0.0034331997407836172,0.003271000245316212,0.0030770022848623877,0.0033639960124669235,0.0016770238022737558,0.002314598457690431,0.001764171133977769,0.001572508353312457,0.0013960495610271513,0.0011580228669491094,0.0017985755877595274,0.0014212035864867101,0.0010624155098581474
WATER_SMP_0087,12.58,14.15,DEMO DATA - BIO-OPTICAL SIMULATION,0.03323734985592442,0.03253697781269574,0.03271582303394496,0.03254884255497533,0.03303978421455414,0.03330294520077103,0.033244862429997205,0.033170453952062195,0.032563473346568186,0.033035907661662936,0.032619768315624784,0.03246341704921321,0.03131225472570118,0.03154971568349788,0.03061482560940403,0.030305183969940336,0.02997650721318114,0.029174870322120298,0.028164632223962986,0.027638200768463496,0.026340027284464256,0.026258748056857736,0.024921968197056436,0.02434905899695529,0.022847339091185477,0.0218066661872565,0.020701705626563725,0.020278322001964187,0.019089490238090135,0.018892672628516537,0.01785208543246327,0.01633988092369738,0.01546295998505582,0.013911240930483812,0.013019831997941678,0.011572533333143781,0.011267745057714586,0.010111485447727908,0.009293005839175871,0.008798417060877878,0.008191371020026192,0.007241111631646748,0.006404350757642464,0.005534633138117377,0.005333272954287427,0.004865698619551147,0.004632440079768722,0.004081973592512816,0.004010796992713531,0.003271061284605109,0.003117958089306731
WATER_SMP_0088,7.87,9.6,DEMO DATA - BIO-OPTICAL SIMULATION,0.02768390620848686,0.027598096214361014,0.027607706980164546,0.02753525808177423,0.027572629454748167,0.027507582189017592,0.027550957791529003,0.02783789285842888,0.027387373825701996,0.026834277739477743,0.02749557302897948,0.026726284576500028,0.0258118416394169,0.025643313405504704,0.025289981029052763,0.025189225714583447,0.02370904946573221,0.023643500944234334,0.023029221862467576,0.02163366376307645,0.020911536420376627,0.01982215679764067,0.019182537348529864,0.018321888415998848,0.017604781946937473,0.01680410691886039,0.015359742080057272,0.014221702807695276,0.014208624616077484,0.013795833851052436,0.013165388061735027,0.012125046057302965,0.011183736308170721,0.010488049138010394,0.009153077768406402,0.00809315336315845,0.007346913206427656,0.006816416427601151,0.006780792383736576,0.0056989829746144525,0.005250588913433245,0.0046509761261225,0.004699508917873743,0.004565221269909388,0.0037514358336592922,0.003309744968312208,0.002992419989284234,0.0019885163915841822,0.0026739024755037667,0.002259509072521045,0.0021373125899517317
WATER_SMP_0089,3.96,9.83,DEMO DATA - BIO-OPTICAL SIMULATION,0.018902708735563704,0.019140823500950848,0.01924018234414672,0.019740833309882185,0.019351474945418137,0.02007716236737898,0.019522308318243052,0.01890177705177984,0.0190859190018896,0.018715966628826325,0.01798622838832005,0.018803415653325897,0.01816020697688235,0.017683149794373524,0.017097427908363824,0.01611184767423885,0.01581818782859095,0.01561567684182747,0.014416181876686127,0.013314909984717793,0.013329945676678608,0.012666327121573763,0.012053840354691077,0.011535991995095658,0.010820761215721494,0.010045332438822321,0.00974260875949475,0.0085103418308691,0.008905584773450919,0.008815047188506772,0.007967061047601956,0.007273536883751738,0.006621183791400728,0.005722997462738391,0.005367756967951266,0.004366355748404682,0.003839581918134493,0.0035348649264404187,0.0037182055914009096,0.0030803710026734124,0.0027418281796739445,0.0025050697813052904,0.002689934341788634,0.001862111147965268,0.002284920972661764,0.001774283278334167,0.0014999897986114356,0.0021502007105383214,0.0009486746569399235,0.001037177147136504,0.0006628832507596658
WATER_SMP_0090,9.12,10.58,DEMO DATA - BIO-OPTICAL SIMULATION,0.02939318532448511,0.029780693702886604,0.029905026419368347,0.029861781740203496,0.029483139255844764,0.029434869729281932,0.02899630288101192,0.03000997530815405,0.029387167344110385,0.028889467515571685,0.02916732790113047,0.028148583380738376,0.028172412699778243,0.027546605326353512,0.027276018470074628,0.026490241983113307,0.025439418475842607,0.025205664525987652,0.024752122701207996,0.023633438952585642,0.023034625262539497,0.021609055613847853,0.02100232815979814,0.019883267182685883,0.01933310525404645,0.018144693449613475,0.017397442297731287,0.016690393029676565,0.015925974136745364,0.015249284793129907,0.014203322811448425,0.013576713764907633,0.012271550171881444,0.011138627094589086,0.01005708985604849,0.00896801735243692,0.007896619412682306,0.007586951284021595,0.007203496398351828,0.006143356350658974,0.0059957961425452485,0.006043845407904901,0.00530130977642892,0.005044441678357665,0.0042603135514236974,0.0041175786181118,0.0032053252927159645,0.0029133018853191046,0.001995922502665433,0.002909646418783985,0.002775277274203769
WATER_SMP_0091,6.54,10.37,DEMO DATA - BIO-OPTICAL SIMULATION,0.024905468928723216,0.025159366854683236,0.025137085328437624,0.025565719719505928,0.02583258742848362,0.02496961723648774,0.025562625357113494,0.025251248302183008,0.025207278437136882,0.025092384034182617,0.024620431668429185,0.024307760425834088,0.02387598690713198,0.023772307292026635,0.02308884538671437,0.022454384166730883,0.021377817035603878,0.020966098067340448,0.020624109463150474,0.019600255857523837,0.01898681870029288,0.018490980188400022,0.01742353593941833,0.01627641685059124,0.015223942475364204,0.013746219462331696,0.013650114078234188,0.012935686035486463,0.012682198056690205,0.012145746096732057,0.011588964016787438,0.010352132507507803,0.009562025884436573,0.00890187661014122,0.008321286411079565,0.0070051047662079,0.0064969668842612275,0.006130393195832337,0.005098207414693702,0.00498726692281984,0.0042257195336861154,0.0043108730637037886,0.003731637713674663,0.0034400622308086294,0.0028078184084015896,0.0029727676299614167,0.0031283605537532765,0.001965366896447741,0.0019514413470541265,0.0019277118872254302,0.0019167176049472124
WATER_SMP_0092,13.13,14.55,DEMO DATA - BIO-OPTICAL SIMULATION,0.0331350368203924,0.032610017162974084,0.033990700427926485,0.033897465438667826,0.03319349088807926,0.03353918570977807,0.03415234737111477,0.034029390989173916,0.03373996042093767,0.03321654905132368,0.03305068980298952,0.03268623718699275,0.03270521471129208,0.03168527473521007,0.03122661097332384,0.031230287983122374,0.030311364266191358,0.03007503418929333,0.028737680839894687,0.028143396813217682,0.02704989290608491,0.026445532909254065,0.02507084793910115,0.024397662358204536,0.023102381567699087,0.022694412556374603,0.021659536072030763,0.019999098952723615,0.0201948313361543,0.019931559059033276,0.018453863486314233,0.017201806077550334,0.016928218299408503,0.014298579826977043,0.013425386791410402,0.012372815788369447,0.011762187129065599,0.010594835548520023,0.00952427382063111,0.008623521468222992,0.00808685571064037,0.0072127217396569495,0.0068987831606624975,0.006128073229619799,0.005303967610471513,0.005623939406908406,0.0046318951637376125,0.0039712107370882335,0.003906258218788542,0.003614888263494315,0.0027385510784544067
WATER_SMP_0093,3.45,8.72,DEMO DATA - BIO-OPTICAL SIMULATION,0.017684401762000715,0.01740058083851952,0.018326859178629813,0.01803480270864907,0.017783365155110465,0.01766382759144315,0.01779525448718192,0.01790270455261707,0.01755405546941521,0.01728868708278473,0.017112063990704394,0.01660278077697523,0.016319953783816277,0.015387545134927417,0.015849831081753626,0.015149358659081595,0.014291547732407915,0.014523880333368938,0.013383337609320294,0.012427529368598447,0.012360785485624965,0.011578960648853697,0.010930164142902902,0.010038865064230119,0.009666785736641084,0.008846221407335103,0.00856055730093403,0.0074456942241920235,0.007698603949888322,0.00823275485133719,0.007224295688449409,0.00671196353945391,0.0059564114945172345,0.004887189743494683,0.0038843824357634176,0.003946557420674267,0.003650411517738941,0.0032571498223825787,0.0029311990610716085,0.002716123136755057,0.002761442069023635,0.002169806477115436,0.0018465887020616427,0.0017444988858472603,0.0018294823618431792,0.0019216641781444285,0.0011663011776713566,0.0012542608976204796,0.0012079778710315848,0.0007016147594071947,0.0009085020587816575
WATER_SMP_0094,4.65,9.39,DEMO DATA - BIO-OPTICAL SIMULATION,0.020544513046094382,0.020603733718108346,0.02136036085234931,0.02121294315956525,0.02142480631183754,0.02134959165255194,0.021004553936391075,0.021175307003286428,0.020656933180162308,0.02122693111647851,0.020129285678634923,0.02014703293963023,0.01950642589701182,0.019548466950808436,0.01878317093982861,0.018182304968868537,0.018003088341917894,0.01712376155118514,0.01660166711812983,0.015453874226927112,0.014604616258194422,0.014318791648789783,0.013441002307614502,0.012970714432381576,0.01200855801096725,0.011363947534261435,0.010153405872063957,0.010697331593708705,0.009766720368311844,0.009796003096494902,0.008964692872606438,0.008640104285284458,0.007247326107111949,0.006825686417633893,0.0057705244503414395,0.005251408362532323,0.004948494411381897,0.003941233059975199,0.0037218463589678286,0.003712947664875331,0.0038820336473120694,0.0029142175041949516,0.002860690119260569,0.0024020150680034926,0.002789022044866017,0.0014743745289075459,0.0018375845954684152,0.0011492304851335637,0.000728297759529501,0.0014272794706638773,0.0012508510297257914
WATER_SMP_0095,4.42,10.61,DEMO DATA - BIO-OPTICAL SIMULATION,0.020295717693279768,0.02049651054641542,0.021571201725864547,0.02063996113901289,0.02090487513894142,0.020546753573877856,0.020772030048614765,0.020503309009204725,0.020290084124781445,0.020742796747183254,0.020278539617738366,0.01963871851415245,0.018523290924916575,0.018669020252333014,0.019099155159084308,0.017681257234484583,0.017498888883021743,0.016977979257012665,0.015953976606073412,0.014949996188036822,0.013763893922014011,0.013975913412382213,0.012793254090460676,0.012354974734908089,0.011196851893843215,0.010785524598737996,0.010246250163668369,0.009859731879518257,0.0092052030440694,0.009750549150645186,0.008897105004742488,0.00791674438364685,0.007449954150660884,0.006507455916114658,0.0057087170984363176,0.0054304542249886045,0.004456468865789696,0.0040778613221389495,0.003414442802729644,0.0036550530684220425,0.003155035347573278,0.002689900001190251,0.001984370466017602,0.002751109194042121,0.0017321147840989248,0.0017247976141588817,0.0018291344021936654,0.0011984215611504808,0.0009600907070586061,0.0006354735006291437,0.0013660692384357912
WATER_SMP_0096,1.88,5.48,DEMO DATA - BIO-OPTICAL SIMULATION,0.011563707970113303,0.0126811350091511,0.011558416015799157,0.011608869786503955,0.011716020537967302,0.011927879569656352,0.011649729731426533,0.011874933822937939,0.011261281011902267,0.010966400012933792,0.010629741984165657,0.010253425369991229,0.010480743627109901,0.010228072411963855,0.00978053353127879,0.009967462647935828,0.00956420035734583,0.008677954020202728,0.0078086924208647344,0.007735905599193114,0.007280239883593358,0.006817000291590726,0.006362702116966233,0.0059420768078592276,0.005602574701631056,0.005136841669262735,0.005061219247202549,0.004890046995778671,0.004420191392889329,0.0050330064944713255,0.004206817034707054,0.003652807483337707,0.003724057254894639,0.002816982063636141,0.002708921036529152,0.0015626986823870427,0.002457761102257254,0.0020438808466907176,0.0012189387586181604,0.001069007210622184,0.0018718075212375786,0.0010190353570275904,0.0008717593304118758,0.0003346950998497384,0.0008116383255496968,0.000759964787440081,0.0009626179398230164,0.0002554995881487701,0.00015328766671321198,0.0006850935940962237,0.0007979660985985299
WATER_SMP_0097,7.67,10.59,DEMO DATA - BIO-OPTICAL SIMULATION,0.02654032229352802,0.02750279337381195,0.02731959580313072,0.02772578384623891,0.027423654461503067,0.02668784004070572,0.02734896425418393,0.027609966261051277,0.026865886803833245,0.026802154646533016,0.02659083696496225,0.02543821831537196,0.026412391945595994,0.02518194100929657,0.02508456764172071,0.024327936336629087,0.024095258475714164,0.023149917336753107,0.022217869391331226,0.021235470968886828,0.02091852899528862,0.019259412591663562,0.01913069335912254,0.017702407214072187,0.017488686692526057,0.01624015101883324,0.01550645856808531,0.014593672936687637,0.013492420952670128,0.01330549889173274,0.013185685455179182,0.01217357134668954,0.011382139096095702,0.010009093646829389,0.008585374050538004,0.007799080730721945,0.007366016008593626,0.00602085121507847,0.006650042724990884,0.00575517595609976,0.00550333218362696,0.004209695669774986,0.004640372485366926,0.004552351742975028,0.0031335233936369833,0.0034372383480728934,0.0029094717723082064,0.0021745771238209912,0.002538183247729129,0.002414702748715321,0.0017788009337594806
WATER_SMP_0098,7.45,9.01,DEMO DATA - BIO-OPTICAL SIMULATION,0.027020222843164386,0.0263368320254525,0.026518176525719788,0.027097214071766015,0.02710999837090438,0.026886809521769167,0.027294200457531014,0.027107379150763642,0.027046979175113346,0.026536409558496496,0.026478512887943114,0.02582772096423546,0.026179850405685923,0.0248608522081947,0.025216507734186627,0.024016660949160076,0.022958220758038467,0.023092668377159727,0.021982203426477318,0.02141769299832294,0.02070879532312774,0.01958989234888704,0.018431931249867087,0.01800426651172368,0.016800838139849526,0.01609427335931323,0.0143688144969094,0.014393440664702271,0.013481150708314602,0.013668230866672659,0.012753555415630698,0.011793762253152448,0.010824141668134158,0.009303402614773354,0.009130471448441103,0.008438041671929464,0.007276795972665596,0.007030554406609908,0.005827821211821669,0.005245309063301433,0.005019918540344036,0.0046968418645483125,0.0040407806922460885,0.00394511863778951,0.0035309249299097477,0.002823313419776499,0.0029889767470918254,0.0028278433592380642,0.002378801822026503,0.0024531374793412804,0.0015418569551133065
WATER_SMP_0099,6.07,8.97,DEMO DATA - BIO-OPTICAL SIMULATION,0.024316164797414514,0.02398677287624504,0.02412954675309234,0.024360607363501322,0.024310051679087803,0.024424340815376984,0.024470684233283385,0.024679503788639173,0.024170158973680324,0.0235716217454241,0.024111256516112567,0.02318025579423274,0.023015937257505226,0.022710292151049354,0.022121017625839255,0.02181850391312978,0.02101054124672405,0.019936527513677322,0.020132871496927926,0.01878381035906447,0.017895456971655985,0.017417496292032857,0.016373168715189883,0.015576267835935055,0.015357398015758654,0.013689289175383503,0.012890100514446813,0.012365867583412033,0.012176326398829039,0.01101293767112801,0.010368019100228762,0.010016441131060297,0.008725224433918643,0.008078134704116297,0.0074699534591162586,0.006329663610801636,0.005570748290878304,0.0054969296812772605,0.005260051207387681,0.004055095733533997,0.004405342365257006,0.004031583111521058,0.0037294865302519497,0.003493726492413949,0.0035000320031619517,0.0024684399333822203,0.002366866775738939,0.0019890168466401912,0.0019141161220556926,0.0021910479413911835,0.001161977171613243
WATER_SMP_0100,5.01,9.77,DEMO DATA - BIO-OPTICAL SIMULATION,0.021607104979966686,0.022432785473577115,0.02244487646641943,0.02211043403265432,0.02251385754928146,0.022352294381428262,0.02264347155843423,0.022107450654283548,0.022230359652799053,0.022496848235587064,0.02160800608843204,0.021109920791593864,0.02092085300241084,0.020147056946230386,0.020471031472321714,0.019254979367684246,0.018517417966818613,0.01770347322447849,0.01760001503050746,0.016815314761128373,0.01566422164627332,0.015225220729478888,0.01382593297065402,0.013554282554886598,0.012856406842708999,0.012472339852286383,0.011034884014673339,0.010342314391915007,0.010116106548502216,0.009731588500696416,0.010138182308346231,0.009504827059835337,0.008192476808294243,0.007478193316741183,0.006304331221714228,0.005569499628816866,0.004966345905828133,0.004519125147193729,0.0037399218883292463,0.003909421494065295,0.0034736311599160756,0.0033926008370009295,0.0029063287353539606,0.002563133177474473,0.0021070349762371556,0.00216767035526162,0.00216475951959239,0.0014156894401136679,0.001617048252261414,0.0015081935477410729,0.0010844208300919362
WATER_SMP_0101,1.95,8.07,DEMO DATA - BIO-OPTICAL SIMULATION,0.011871917683297662,0.012196737658441002,0.011844283013243535,0.012320207469422213,0.011948603288762844,0.01250627550341704,0.012824748255793448,0.011764923985545295,0.012045485022217849,0.011490775460833854,0.011806048469531897,0.01086117229884814,0.011095341591354235,0.010365276770301439,0.010209557047054299,0.00957881123415423,0.009727324494443855,0.008802506274432239,0.00877735092018618,0.008056674516607795,0.007668439761748088,0.007289306286746423,0.006562347056997567,0.006408289543450659,0.006374379070204818,0.005287221892434488,0.005560972288583701,0.00550265686469717,0.004829828144042886,0.004718475699398237,0.005159581342636389,0.0045051143746711875,0.0045817530795222525,0.003344569541162573,0.0025386806850869713,0.0020483685887342454,0.002449365497087747,0.0017410962679862555,0.0017451695049089924,0.001856470413084665,0.0012767158089952342,0.0012735634293415472,0.0011597680704213476,0.0012582380688802935,0.001129179911510807,0.0007940092362373188,0.000795803598244029,0.0005896792014424912,0.0001895830619443706,0.0006483127446146979,0.001082778483863546
WATER_SMP_0102,4.32,6.61,DEMO DATA - BIO-OPTICAL SIMULATION,0.019851095991329462,0.020030089876487623,0.02011293975409034,0.02066627978456907,0.02061714058786832,0.020424257340510114,0.0201380472033492,0.02033247449013249,0.019674098183308893,0.01997096329239709,0.019918546338851248,0.018955309775809368,0.018489461821782193,0.018987970052478133,0.017844200613100984,0.017833946587578215,0.0168682551996973,0.016247796983214727,0.015775906430660055,0.014699205512908695,0.014302516111736833,0.013431534287109196,0.012424452007718882,0.012194359117156498,0.011291700196067763,0.010619972547125262,0.009655246268963583,0.00996302404439307,0.009362763357735908,0.009071410548268507,0.0082764286480367,0.0072263412359592025,0.007540977194158692,0.006129361904223944,0.0052236313406178545,0.005010900763908414,0.004775667883821071,0.0040198998247578345,0.004050614671437828,0.0036621916285775194,0.0027113240310585774,0.0025539072170565075,0.0027884000078791725,0.0014542056479723976,0.002010249215722505,0.0014317064103399797,0.0015412115956622665,0.0014337463882054665,0.0012698360784633325,0.0010790333199624117,0.0007953149517144156
WATER_SMP_0103,4.6,10.42,DEMO DATA - BIO-OPTICAL SIMULATION,0.021530381070156358,0.021552591276694642,0.020759042896595224,0.02165959570196022,0.021100773232845094,0.021249949713320133,0.02113457827400216,0.02084701563856312,0.021178174146975846,0.02070379977118735,0.0202499048110859,0.019671765234211946,0.019409188079312707,0.018744103664132337,0.018746722177222744,0.0178409244370229,0.01753135456521309,0.017392065395758854,0.016675120481341243,0.015610154460935699,0.014874763874037269,0.014729027114312853,0.013575257634128264,0.01257108369754871,0.011496121220295226,0.011318499431150816,0.010800159345431048,0.009880162066786626,0.00988839173535985,0.00951442074425957,0.009230000094171896,0.007869173561989608,0.007608224703963019,0.006977765501943151,0.005655582228323848,0.005212611847767133,0.004463834427583678,0.004372662537139987,0.003819121518526963,0.003254346747964021,0.0036160207952370457,0.003201112227737388,0.0024715506937873126,0.0025557867285419832,0.002342381942810478,0.002168313376432647,0.001280091726817296,0.0019199612162541268,0.0012921985730567297,0.0012151340716085196,0.0019862702290145253
WATER_SMP_0104,3.18,10.26,DEMO DATA - BIO-OPTICAL SIMULATION,0.016815328670645016,0.016732246870936864,0.016280007477017536,0.017418325415761788,0.016620436694616814,0.016705088385228304,0.016845412526337405,0.017262519485466015,0.01691446588455262,0.01643083557253425,0.01631655851824569,0.015740220362853552,0.015609913391892289,0.015191019385712769,0.015016734912734139,0.014533010199379174,0.013871793170963502,0.01306458260364688,0.012819910157567588,0.01197402032570585,0.01106740398089205,0.010653439131605396,0.010180185582310033,0.009812241438375608,0.008880606115065573,0.008002259875972615,0.007900503627439175,0.0076160411160218705,0.007552999611181344,0.007769808208453095,0.0076117659909948005,0.006579171896034085,0.005732559326761484,0.004714919811182942,0.004499124270895498,0.0041867078538157035,0.003262580536597152,0.0029659223644229174,0.0031993402956601628,0.0026579399790700045,0.002405710505615714,0.0017058313298914341,0.0020732845517416,0.0014144661924774672,0.0011922570292423739,0.001282186938421083,0.0010775772523928186,0.0010661779420965219,0.000590922780068329,0.0012116756179835647,0.0011725081467254465
WATER_SMP_0105,5.32,10.08,DEMO DATA - BIO-OPTICAL SIMULATION,0.021982454337426776,0.023017185194971843,0.02260207086919684,0.023184772507059616,0.02294686543091804,0.022969601687805503,0.022849689709779273,0.023160945622324527,0.022262926423835105,0.02259813203666451,0.02246930408442944,0.022018428240662063,0.02210716099757206,0.02079982781475332,0.02073879786165215,0.019859891470607263,0.0196524269477992,0.01862574395272384,0.017817427913804012,0.01759722371473587,0.016301699302898244,0.015247906633638939,0.01472483384978513,0.014266126871792335,0.013698231378272908,0.01252985685269023,0.012172750648675915,0.010805201951339152,0.010717733702706992,0.010493796232625448,0.010131433561931294,0.009470867882985116,0.008681636883095378,0.00732694846426434,0.006626186193972395,0.0058792565062628,0.0050602017955345205,0.004828631899928719,0.004391795880737408,0.003992587247055286,0.003689712117638629,0.003369772003028536,0.0029114037836724805,0.0031424126728189423,0.0021530880868170497,0.002053165614466915,0.0028895605256255286,0.0015493329716989642,0.0012773261166206312,0.0017426733746553989,0.0007528990008045788
WATER_SMP_0106,8.36,15.44,DEMO DATA - BIO-OPTICAL SIMULATION,0.02798734209722753,0.02886863198511265,0.02789176356712576,0.027851111470645423,0.028043244392745324,0.0287634720957313,0.02878298014312054,0.028191096393330575,0.028394267813166105,0.028393584848809602,0.02824073934999249,0.02729799797715683,0.026287215161760066,0.02627523255431855,0.025875765156083065,0.025348061812799232,0.0247329209273607,0.024432894248156888,0.023735570482714723,0.022510298225365117,0.022057678382660605,0.020965437352227816,0.01997752982243426,0.0193062659697238,0.018113005944312567,0.017759428769832445,0.015814295300459462,0.015375611202089903,0.015039674445261475,0.01488411825406702,0.014625820391894154,0.013334746139614793,0.011672637961742739,0.011027631901001407,0.009832983678630527,0.008083324707273808,0.007897878319573535,0.006756563147309252,0.006428824866823785,0.005796482289750813,0.005788949525662434,0.005097858790751376,0.004229994378811774,0.004467112377999363,0.003393151425881398,0.0035734513850480664,0.002910368683632136,0.00275215828595123,0.0027456963124273463,0.0025068438279082263,0.002529173590351223
WATER_SMP_0107,27.36,25.34,DEMO DATA - BIO-OPTICAL SIMULATION,0.040225794522739354,0.04045718090726925,0.04032396000266856,0.04057363332345327,0.04068673700603355,0.04053164700387544,0.039994861710559104,0.040576986052103546,0.040493206122363214,0.040048755021138915,0.03969700735107731,0.04031296715608629,0.03976166641887378,0.03924347263311714,0.03862080878648992,0.03831475902456894,0.038499170489286444,0.037642726446186305,0.03687373601989185,0.03657259756542987,0.03549870503248378,0.03545889909109476,0.03462238483083457,0.03322505491346526,0.03225610043992679,0.030654602714653763,0.02993393881461756,0.02899069380160961,0.02865789605299678,0.02787549299344618,0.02679040329285232,0.025998573476620625,0.024810449492869292,0.023259234839172697,0.02102783329142699,0.020191381976229432,0.018562229238211644,0.018065065909221547,0.016890272439328724,0.01528193566505252,0.01425500203849023,0.013320423554015628,0.011800639656382984,0.011641115196491381,0.010570241344624235,0.010103886259032016,0.00869341828808162,0.00809649988240275,0.007138078298156341,0.006643937608875369,0.0059917424905655
WATER_SMP_0108,6.96,8.08,DEMO DATA - BIO-OPTICAL SIMULATION,0.026126221114397906,0.025783380752824225,0.026158952271424757,0.02609620705646558,0.025874794601277257,0.026203491828770072,0.026382074779037028,0.025735495633212906,0.026180569889041393,0.025465270789342673,0.02529826132329919,0.02526478986383391,0.024507926656814248,0.024258753814462027,0.023633743855995756,0.02318960756608028,0.021803889911285977,0.02128474282059164,0.021286576891472057,0.020638833757645678,0.01924400198395375,0.0186033590415372,0.017901104752265144,0.017140221737779373,0.015433538665304827,0.014887527088698706,0.014204274521812136,0.013777440163916079,0.01373562565383871,0.012417553322596728,0.011468069959844368,0.011196375798904973,0.010477538039291662,0.009094370229404576,0.007881606065571459,0.007679878005202408,0.006944278948993435,0.005862330485591905,0.0057580301465754965,0.005455505857092297,0.0050595772398799145,0.00426789749884201,0.00379571890330586,0.003917410966600518,0.0028612672272021068,0.0030581725737055154,0.0022432701419328694,0.0027251936172297325,0.002101368562705256,0.002352796652914089,0.0019317365821475791
WATER_SMP_0109,7.43,7.39,DEMO DATA - BIO-OPTICAL SIMULATION,0.02626935046297174,0.02723008777395817,0.027397786580982304,0.027286699990233445,0.026839650857696965,0.026975680718609573,0.027060604989524,0.026702596011523586,0.027262776397186713,0.026582115411210572,0.025452132294333223,0.02602855560733682,0.025424535842211826,0.025047380209263476,0.02443956665417344,0.02421357214409715,0.02367212255742048,0.022732641203318815,0.021808329560653355,0.02111593444445738,0.020313877417355363,0.019214610663515926,0.018750698878364676,0.017817743424676583,0.01723202764144197,0.016235046919191698,0.01477353434425156,0.01444504638344104,0.013275685077736797,0.013206894349164661,0.012197879951814433,0.01120745762782354,0.01060132255224619,0.008698491823774055,0.00806191452077194,0.007756251744813979,0.00716310048631202,0.006426010087563977,0.005509865130948975,0.0052254130896688565,0.005112406831841402,0.0047292949323188855,0.004143450179298306,0.004121060454551063,0.0035492735316180885,0.002890382725128139,0.0027417147735089827,0.0021411110795071116,0.002288714073331366,0.002435328423090278,0.0021075351742602484
WATER_SMP_0110,5.7,12.55,DEMO DATA - BIO-OPTICAL SIMULATION,0.02382458104228112,0.023472974685393867,0.024091689153657142,0.023714362865442373,0.02425523128097198,0.023802104126971816,0.023966068102591078,0.024089136206792535,0.02342626646054291,0.023330490098782335,0.023373861058769787,0.022610296623796978,0.02185764334013718,0.022441997698255785,0.021146427193029182,0.020768804320930527,0.02045072048753358,0.019257234213603237,0.01843138844103185,0.018067597240716646,0.016681252266733528,0.016337092405863306,0.015684698803065545,0.014708106179528781,0.013501341385851592,0.013632748132807829,0.012448774977597093,0.012292623245538948,0.011472528415461026,0.011080803221885512,0.011041495546597538,0.010138673135829177,0.00878232512531159,0.008446798688874657,0.006846819589809701,0.005725216940834637,0.006079722481477501,0.005024909510323546,0.004540726174421285,0.0037774921175424488,0.004445778003685477,0.0031832357046920824,0.0032626908962460933,0.0032208270689054646,0.0028005537419873356,0.0024065651941693657,0.0016861529920116779,0.0017460872492594335,0.0018563121804301165,0.0013919295597943605,0.0015329471102194802
WATER_SMP_0111,1.3,7.35,DEMO DATA - BIO-OPTICAL SIMULATION,0.009238086374392161,0.009365026082781579,0.008734747109626642,0.009768731514573008,0.009325322060497968,0.009055766617957534,0.009318207145209877,0.00960831853748412,0.00834563403487923,0.008558911295040493,0.007732982655719385,0.0082958496463635,0.008112116445497336,0.007730094284897573,0.007262287144169785,0.006541091391310659,0.006949202769022362,0.006942520128690871,0.00598865211375282,0.00595312614795361,0.005004534922999052,0.005268157924883316,0.004674391764966908,0.004234154685949351,0.003921209608057471,0.0037527404463150275,0.0037876459335188612,0.00322652967949976,0.0036101759339066514,0.003873255509113375,0.0035468576364198036,0.004103210939816329,0.002757470161055611,0.0022244942799836544,0.0016675631538008745,0.0021921938680123008,0.001616460661042636,0.001020355196674375,0.001507991062909225,0.0011246611760541718,0.0010403264148875393,0.0007676898388698065,0.0005624971666668283,0.0008126584224397984,0.0004788820773665165,0.0011249833963929636,0.0001426229517130009,0.0009330924908377604,0.00039258229069585296,0.00047388698619654947,0.0005963323542439025
WATER_SMP_0112,5.92,9.63,DEMO DATA - BIO-OPTICAL SIMULATION,0.02367945703538024,0.02428905135373079,0.02334271367235362,0.02402448058548749,0.024005511135085107,0.023902292107451276,0.024159663343471954,0.024232996610525404,0.024166005271987975,0.02380817783690112,0.023258193417998424,0.02323101626693464,0.022760292848426778,0.02254745726634753,0.021985785812176015,0.02119270971772529,0.02029329339362567,0.01969761939055092,0.019016617122291118,0.01833761750036107,0.017732007121329087,0.01706088182789607,0.016007921553179434,0.015193999281905885,0.014394035975577526,0.013368666106269375,0.012474419060380233,0.011595934393317537,0.011475303020968374,0.011477071290780707,0.010646308320828074,0.010027460182737804,0.00924926934640267,0.008238037147043764,0.0068606499705880265,0.006760348262703049,0.006207093269819234,0.0050157604770902755,0.004641765430021864,0.004817337635073446,0.004019977671692338,0.0030330585012842163,0.0029432932211506157,0.002980146977542385,0.002423643974722069,0.0023902538423814456,0.0022881624412859607,0.0025020799083208703,0.0017804440928058066,0.0020112268850858883,0.001956252644015241
WATER_SMP_0113,6.35,10.64,DEMO DATA - BIO-OPTICAL SIMULATION,0.02514254674215872,0.024961054063225543,0.024413674054979642,0.0252280013981104,0.02544792217118322,0.02510592369567601,0.025600494242936176,0.02522908885376594,0.024980243204298782,0.024916789596899358,0.024412899387416916,0.02322696955631891,0.023426607246213295,0.023477110318913984,0.022358652037668545,0.021960359208330803,0.021086940065474465,0.02125894993749244,0.0205066787830536,0.01897601769089981,0.018490839245221193,0.01742101866001768,0.016968036975286687,0.016081456536946478,0.015310442005235002,0.014312819478049233,0.014296691452846082,0.012460524260250279,0.011813190774069225,0.011862659067281574,0.011024559860876776,0.010258213699384898,0.009364630778497083,0.008301906622737115,0.007341989144754529,0.007018723859870985,0.006085785953787575,0.005641007747676461,0.00547111722303809,0.004519417548481865,0.004250757634617984,0.0040529839643211555,0.0030045572398565987,0.002544255052807098,0.0030634419581683715,0.0028325157472766584,0.003053167930741562,0.002252306786826983,0.0022421190073172604,0.001747641225321622,0.0017228063068017371
WATER_SMP_0114,43.41,37.47,DEMO DATA - BIO-OPTICAL SIMULATION,0.04386524660189877,0.04281299965765392,0.04364105506248557,0.04420503934903489,0.04367588340535271,0.044091679105520455,0.0433900128420738,0.04352707409774114,0.043478798734146666,0.04270804430851518,0.04289824868764056,0.042763981013905675,0.04315102028903036,0.04294237551680807,0.04251711484964477,0.04236696283044101,0.04172873819830428,0.041752998764567686,0.04096347156513929,0.04049846297291027,0.0398715535006988,0.03957472301690756,0.03860723390837886,0.03833205830089842,0.03693033251252514,0.036067349525995475,0.035640706646369806,0.03449768786908954,0.03369349698748308,0.03354959193123418,0.03242596577564767,0.03154508163501534,0.030702154878129093,0.029257840964973022,0.02779005033228262,0.02584600215941001,0.024991261624314635,0.023069410360825063,0.021831324782856473,0.02015962331184068,0.02014357853861039,0.018180990268112363,0.017228204644591006,0.015852050366222992,0.015230491702884128,0.013847920824074966,0.012552999342572275,0.012108457897695062,0.01062680079127979,0.009937158890653648,0.008738674834719424
WATER_SMP_0115,5.19,14.04,DEMO DATA - BIO-OPTICAL SIMULATION,0.021841493355301854,0.022478091005249085,0.021955789742961248,0.022182457525454703,0.022665165313711048,0.022495869941839393,0.023200473019362993,0.02304494244720002,0.022071898273625712,0.022280608560991056,0.0220618390746627,0.021323187046654406,0.020661096779871303,0.020656343600386717,0.020103263472695584,0.01946703314682399,0.019124285965723093,0.01811582745241174,0.01730571385521605,0.01696092819040443,0.016293809474239924,0.015054403306661525,0.014901569768710488,0.013300846330758245,0.012868184966304111,0.012194808439483942,0.011399300307716853,0.010947352448100202,0.011475465580576591,0.010569556710298304,0.011256794140735972,0.009924582464305828,0.008732041794789489,0.007682800661666484,0.00730914112321004,0.00550391313025592,0.004894695416789889,0.004530613042822809,0.004345715529775538,0.0034332788354894273,0.0036032593517865705,0.003778530060223413,0.0030164593765119652,0.0026088211369901296,0.002260146653764893,0.0024858756198684762,0.0017594798094268975,0.0023707121435232494,0.0022235633094350874,0.0015631567523850755,0.0013397615016044232
WATER_SMP_0116,7.7,11.42,DEMO DATA - BIO-OPTICAL SIMULATION,0.027373631328475066,0.02755957678948321,0.027119366933089337,0.027293145468154527,0.027100934418788615,0.027620222365082006,0.027647598837466078,0.026940093674113,0.027050705935521578,0.026567740988935055,0.026427533993259446,0.026526996535083374,0.025744672044098006,0.025415920660901828,0.02449851528342702,0.024463897863140238,0.023758465328567898,0.022863018203820074,0.022284971903399852,0.02161054444785993,0.020487107543211813,0.01943027541486649,0.019529461372705843,0.017891948528436678,0.0171324103978464,0.01654209009434082,0.016420489543416756,0.014254962065037397,0.01423601689869912,0.013463468151332711,0.012952491993537266,0.012033713599466445,0.010792949873164188,0.009948690868099585,0.008482198368759067,0.00835732321868544,0.007380448572196925,0.006867364487092695,0.006031609380541429,0.005534157289634572,0.005241493306524402,0.0043530911265041985,0.004176551337345144,0.0036405693300597926,0.0032768629879205684,0.002585896909344279,0.0033228374537228626,0.0024427998389932285,0.0027492184876899695,0.002494256602834585,0.0015815175694556228
WATER_SMP_0117,5.88,9.93,DEMO DATA - BIO-OPTICAL SIMULATION,0.023462455525576187,0.024718148595164476,0.02460028189455742,0.024150883454979243,0.024279661918247424,0.02400869030936904,0.024273357568961627,0.023821543571345694,0.023264879184380013,0.02325881133205321,0.023383621048534885,0.022700467194532614,0.022622455121850897,0.02186411697803889,0.02143822493870355,0.02136022228383631,0.020558047529077094,0.019812735395237674,0.019368355004076472,0.018500672950947494,0.018011244446011834,0.01663566017370176,0.015823474615694264,0.014729966515915443,0.014155750238216584,0.013749078488308081,0.013082911218966072,0.012360493453590882,0.011109743951124074,0.011640333266235817,0.010296819575452223,0.010360556041435848,0.008984114259375838,0.008268051474054834,0.00675349697737497,0.006778955653723574,0.005396433117873011,0.005123162733236694,0.0045607422431079665,0.003907228007950323,0.0040680332793612325,0.004218470097658786,0.004142800975988235,0.0030653883686105055,0.003090471970626628,0.002568326566296104,0.0024139165511557264,0.001947847850156926,0.001914369275590954,0.001840053226854368,0.0013444198973261707
WATER_SMP_0118,2.38,8.35,DEMO DATA - BIO-OPTICAL SIMULATION,0.013778218116978266,0.01388154537447791,0.014218997907914152,0.013694149201597755,0.014008939997500849,0.014572970341513818,0.014285402963981175,0.014237395506574392,0.01369441716079536,0.013594817297273335,0.01356732410099426,0.013460072589491815,0.012090382579745347,0.01192575704678844,0.012321324473364072,0.011420735956068347,0.010849058411508522,0.01019729852792481,0.009911295615585246,0.009147888857728803,0.009678558562557716,0.008524131043532062,0.0079951081199745,0.007677716138619671,0.007293574486705887,0.0068261819186204884,0.006484625925923548,0.005750468936256743,0.005810762127370989,0.006156119203263363,0.005629715335455227,0.0053361591601534236,0.004758120007268189,0.004136142493532534,0.0027638069503388555,0.0030796847776230194,0.002483848806200084,0.002518485737177818,0.0023240892888531043,0.002378992626270525,0.0021253571842253984,0.001961476445278592,0.0018430913470196533,0.0013631052275460424,0.0011632296608851363,0.001304499960810267,0.0011616297003571834,0.000758034931292644,0.0008895367940461419,0.0006827255394384957,0.0003693692625125775
WATER_SMP_0119,15.09,18.04,DEMO DATA - BIO-OPTICAL SIMULATION,0.03518500254292114,0.034965151149462435,0.035681347505203104,0.0346622302441509,0.03502853002710238,0.03521109456853885,0.03550579972969828,0.03520273900325227,0.035046893107914666,0.034436531709945734,0.034196358313901845,0.034354503722590586,0.03350643086466075,0.033355896838181645,0.03320605195384303,0.03224096731368127,0.03243628159217957,0.03168011585230901,0.03013979537585645,0.029571310585715365,0.028348851157034356,0.027930154866584053,0.027475597161418487,0.026155551959612396,0.025404110001174346,0.023747626913932642,0.023378560446264927,0.02203183794280078,0.02149199740717448,0.02087887722803672,0.01979564338081152,0.018753893753239267,0.01800131520761895,0.016344207391551985,0.015165326182208628,0.013761052787193756,0.012671426696365402,0.011169512186460813,0.010725246599669445,0.00996574266028923,0.009773673799930297,0.008653646363175033,0.008214087678547609,0.007283575668227524,0.006286330292696633,0.005973304376659953,0.005488917432565543,0.004655810707418091,0.0043794068301362035,0.004025753774412941,0.004195410170085721
WATER_SMP_0120,11.04,14.28,DEMO DATA - BIO-OPTICAL SIMULATION,0.03072626663832663,0.03187517245573974,0.03135991901184729,0.03131854740845152,0.0321321432868625,0.03200161002931804,0.03211532953921738,0.03188641729552739,0.03211906530659476,0.03146885820618149,0.030997442776641872,0.03083152410440479,0.030725544657459258,0.02968109029161483,0.029219761774844838,0.028761196835226217,0.027599992541759412,0.027590744899249266,0.02624424768890413,0.026032736292992867,0.02543307597209919,0.024141783473531696,0.02385936931469579,0.02195452609677014,0.021754421034740963,0.02057909831555977,0.018863215361211397,0.01932778965780054,0.01785077087544251,0.01707737600272055,0.016247880420120722,0.015609181557589875,0.014360431484398702,0.013081569465802991,0.011739748234285642,0.010987136769146633,0.009798519310554463,0.008544350449239754,0.008349446133817771,0.007000690612216621,0.007177614352434799,0.006180866512592238,0.0059683496498036896,0.00579840859116817,0.004642975087985853,0.004806185521866619,0.003952895003754034,0.004236888642262757,0.0032603026330254377,0.0028055025160675902,0.002978519335231305
WATER_SMP_0121,11.39,12.53,DEMO DATA - BIO-OPTICAL SIMULATION,0.03157872190738826,0.03161907181066385,0.03185501337673369,0.03207379117945408,0.032537720299623915,0.03155896998221369,0.032103679567343786,0.03219248021472394,0.03191937306093473,0.032056249349806824,0.03138633013185764,0.03104006645010313,0.030899808893190304,0.030317330155494943,0.02967397697500631,0.029387634088548005,0.028417514605161304,0.027750592130215666,0.02703859161088712,0.026811320981235273,0.02459667994859458,0.02479301619960991,0.023754950889333864,0.022274727680337267,0.021873304653101427,0.02089825304027541,0.019922388637126857,0.01805449369094748,0.01855465338918678,0.017320548383801995,0.017024374572466198,0.01603689101549074,0.014304865121378574,0.013460831530995152,0.011955620199508658,0.0104275411675416,0.010511633229932054,0.009126757231016391,0.008358204915459383,0.00779591899383091,0.007344942956107672,0.006635597533100082,0.006248751100276397,0.005154787611939031,0.004845422553901033,0.004582295890395447,0.004770981979536074,0.0037855797098116325,0.0037949622159971328,0.0031601676765697605,0.002710233625704492
WATER_SMP_0122,2.92,8.28,DEMO DATA - BIO-OPTICAL SIMULATION,0.01575890877308791,0.015898549747393107,0.016217602469163796,0.01650392976555726,0.01621860164956446,0.016446860596060354,0.015739360145955547,0.015798069399209066,0.015552561201886046,0.015664083536829864,0.015213965839323579,0.015244789429949187,0.014404199618535686,0.014309486154188965,0.01407398331227848,0.012781586202934254,0.013537155137642295,0.012286371122867349,0.011210989174392678,0.011295305526710831,0.01067525694802231,0.010051716090249144,0.009784032111901129,0.00912631237922146,0.008419451248570207,0.007923818417186784,0.0072937421067928825,0.007546030541800445,0.006439442871159462,0.006864573861343751,0.006631586291106899,0.006349234288819553,0.00510846069019192,0.004059383564180017,0.0039819897732576584,0.003540296033693443,0.0035438899608940776,0.0024223643540839004,0.002891641143111156,0.0030211278076731703,0.0019833581210864488,0.001513561766018382,0.0015999519844390234,0.0015632443725152499,0.001579779816136813,0.0010982822915628682,0.0016196864349036473,0.0007075360641005586,0.00041928334520186005,0.0011816892028062747,0.0001
WATER_SMP_0123,18.58,23.63,DEMO DATA - BIO-OPTICAL SIMULATION,0.03682372244069997,0.03795963506480318,0.0371300115133341,0.03687452117910927,0.03723634166662209,0.037244603055523705,0.03727552944250705,0.03735240420764681,0.0367249440382039,0.037380109446513626,0.036736439100854626,0.036619631015284836,0.035899305093073,0.036105290187117736,0.035217573316224736,0.034895463944705746,0.033990841584863034,0.03337064591540404,0.03321534526203551,0.032155590246738315,0.031254031569538855,0.03048223600596956,0.029995659182789406,0.02865475006040198,0.02780694317005741,0.02677998607964461,0.025112582069766375,0.024289400938681763,0.02413960979689388,0.023278096833793487,0.023110220046363112,0.0219798747092988,0.02043771576173144,0.019167873564518535,0.017101677876675794,0.016022495320171207,0.014514769884792318,0.014385619472164244,0.013264761801676461,0.011740305949856563,0.010965272656807856,0.010415932182349614,0.009169945998658216,0.008270429485641382,0.008030067377798681,0.007138242106737958,0.006561691555177954,0.005692364853330596,0.004905236049571151,0.005009384956154267,0.004766088388260527
WATER_SMP_0124,1.97,9.27,DEMO DATA - BIO-OPTICAL SIMULATION,0.012071927917202022,0.01265088741031826,0.012066377793306299,0.01199271975900979,0.012291404405551272,0.012257262168421053,0.012449049183532323,0.011885128758734848,0.012389684539812824,0.012392223236206874,0.01157442720181442,0.011706865101404958,0.01072394559433663,0.01103772970246141,0.010671823968096468,0.01023088468452649,0.009557192073117322,0.008245853587400091,0.008494859752261595,0.008044662683989479,0.007478615122330517,0.007347633307560262,0.006727803316803409,0.006157098804074647,0.005654330254397342,0.005363141519720206,0.005613110159787922,0.004951731444216228,0.005068772380945836,0.0052234520743541625,0.005407129174914764,0.005027861913702545,0.0032771279282178965,0.003748258479225045,0.0032713001813262908,0.002113186233868101,0.001855555546790857,0.0017978041295431343,0.0015233430708114152,0.0016533185942075503,0.0008529432603550422,0.0009655008622129945,0.001638780366032021,0.0007859103549701844,0.0013350736537938938,0.0009757789104212997,0.00024219375848072943,0.0008992867760311202,0.0006043240555052782,0.0004404985874623497,0.0005941238143585427
WATER_SMP_0125,9.67,15.93,DEMO DATA - BIO-OPTICAL SIMULATION,0.029949862864668036,0.030185504473143075,0.03045630937754682,0.030315628508027055,0.029828517850038223,0.03010176844203741,0.03108111479961818,0.030318746454034522,0.030661598778970164,0.030162662939504283,0.02955149867829346,0.02924429079815019,0.028756531715615957,0.027797811321264267,0.02781412896617213,0.0275999943183453,0.026424849057361036,0.02603830781812728,0.025425199796761368,0.024100654752790145,0.02339545658979665,0.022341567258835866,0.02148107251627239,0.02039240935918435,0.01953328597367051,0.01923774866406876,0.017585512134448793,0.017114390367341158,0.016398642932078718,0.016505243183676247,0.015975012178630444,0.014887304893747066,0.013434530259856485,0.011903627655136848,0.010392791188784646,0.010330737111746213,0.008687187339891739,0.008382661068868964,0.00783121100804585,0.006723032029137944,0.006619448620798902,0.0059962165361190254,0.005783346610043595,0.0046597153809465695,0.003986164023110272,0.0038256797627442283,0.003677463919641934,0.0032998710885957044,0.0028601313537886305,0.002127378420782755,0.002587588590242705
WATER_SMP_0126,34.9,31.89,DEMO DATA - BIO-OPTICAL SIMULATION,0.04260366578036781,0.04225005743861998,0.04237104101523298,0.042415002768466395,0.04239347263543566,0.04255964831366122,0.04237773344859097,0.0421158541445992,0.04189123496120792,0.041943722797011834,0.041967115372355326,0.04159656768859615,0.0415661597244271,0.04134385010148572,0.041159879942239054,0.04094794400154387,0.040192859287106295,0.03933453689677319,0.03912983061304719,0.038700359549553094,0.0375359405470062,0.03784731987818268,0.03676079871906698,0.03605964999606345,0.035508448861704345,0.033966237736606605,0.03330804520938959,0.032149230933383906,0.031393187878650704,0.030626842650486263,0.03063320445007327,0.028955864944968424,0.027886491844616536,0.02556715400627005,0.02496768812541541,0.02352890541451708,0.021942111524575616,0.0206014269373672,0.019577253212634368,0.018956328690702885,0.01658041684487259,0.016215785001201764,0.014616330210590604,0.013833436287158272,0.012758949322125188,0.011745599038081915,0.010960437378588943,0.009762618437475772,0.00960117977972169,0.00799386402610695,0.007983189459580292
WATER_SMP_0127,2.74,5.21,DEMO DATA - BIO-OPTICAL SIMULATION,0.015079241570706486,0.014936405440714149,0.015431111943650402,0.014954624557861148,0.015450092933462268,0.014989768845295928,0.015492639828095626,0.014971395610903788,0.01496286610935253,0.014989672580320901,0.0144264846036904,0.014351421874485838,0.013580234103297718,0.013846277980928948,0.013769058906791688,0.013623401255904903,0.012327152827688944,0.01202312055751055,0.010717417493416525,0.011151008304663175,0.010370910851437569,0.009425553759318165,0.009374807223352719,0.008365775747734276,0.007755174197046163,0.007510711029129846,0.006580927695228292,0.00684297272955274,0.0059804760126410126,0.005795910542526161,0.005562571356806871,0.00560382581157237,0.004587273038034748,0.003751806225472879,0.0034528093378086437,0.0032195617226804456,0.00255389287047208,0.0022906451687835466,0.0030269134740194877,0.0019144910279786436,0.00187381073887292,0.0016760139275397217,0.0014913794278477454,0.0016507402233212013,0.0016091323125513616,0.0011059666609297312,0.0007115472479872558,0.0013602589666804644,0.0008545453984125495,0.0013163981870613216,0.0001
WATER_SMP_0128,3.85,7.83,DEMO DATA - BIO-OPTICAL SIMULATION,0.01884487889349249,0.019499795416929172,0.01892384460972014,0.019031655093899848,0.019217683539246595,0.018947981185329612,0.018962385835022275,0.018846192521072568,0.01859983265340684,0.01894468128156289,0.018448900640447838,0.01806682250306525,0.017862517905162276,0.017117835021133863,0.01649347089062862,0.016028306279897847,0.015651944526757493,0.014739816266821422,0.014283020148333192,0.013629073029088378,0.013753602350776955,0.011604282307564131,0.011696920828900718,0.011583377708738846,0.010424992298801157,0.009961050292622124,0.009177983358772358,0.008498510907621111,0.007747477574519407,0.008276323617165196,0.0076512144590978525,0.007053385890236908,0.006344795825404431,0.006190602812001198,0.005684096813257597,0.004480977015967529,0.003844688178457915,0.0032653685203218727,0.003432378193683694,0.00352831718076894,0.0026455296527916794,0.001755115173526534,0.0024401940206878973,0.002324994397249042,0.0013622275652781031,0.001716570113645479,0.0016403538332637904,0.0013388767138549364,0.0009926750077938814,0.0014159437358389777,0.0008825209347271187
WATER_SMP_0129,6.55,10.35,DEMO DATA - BIO-OPTICAL SIMULATION,0.024650964979664597,0.024645858262920078,0.025766690358052804,0.025661153338677994,0.02554676635749896,0.025385667460100295,0.025306428442515683,0.025036894704161722,0.025069218524959202,0.024344079623243465,0.02448151084910952,0.024270999217417988,0.024148547910668013,0.023494637648746083,0.02322703800930393,0.022818198661364277,0.022101665579126895,0.02124575045337599,0.02038275045900131,0.019319089016849852,0.01903495021319847,0.018488518350540255,0.017237642160719255,0.01684611999735155,0.014941378249234631,0.014187066107041667,0.01397720665786396,0.013131366362708176,0.012975931739214644,0.01220198024464131,0.011437848770640024,0.010834333882503253,0.009396662836097783,0.00843292902135961,0.008110781006813849,0.007308270950955534,0.006518898131598857,0.005338915734814085,0.005243758607441101,0.004518771429134712,0.004809158483289358,0.0038839653426129385,0.003367514688077069,0.003365895154871357,0.002856429450105249,0.0032111467287415903,0.0022873951004251554,0.0018524262376615537,0.0014115466512983079,0.0018526754891759769,0.0015155594413343407
WATER_SMP_0130,4.04,10.42,DEMO DATA - BIO-OPTICAL SIMULATION,0.018926393846715416,0.01985328912077448,0.019805229946767,0.01966841569508011,0.020117662143918427,0.019894865264543204,0.019390153423650934,0.019216623423205195,0.01961343860482205,0.019273275588113793,0.018937350241439683,0.01831011126825361,0.018370317770983444,0.017532931089998517,0.017250830704788996,0.017190851064313853,0.015991472228934878,0.015113249793344491,0.014632753071687949,0.014584080204762666,0.013679660309149718,0.012868634515746297,0.012051678713580356,0.011646635468952587,0.010550347302970586,0.010227262642480592,0.009327496896197447,0.008862396275613653,0.008741462733760072,0.008709418101561362,0.00852628463120942,0.007985979246482562,0.0059028119233830645,0.005812344979693368,0.005131926011262559,0.005093122733163553,0.003852862058343132,0.0038401058546525045,0.0038978082798557835,0.0027436073475094196,0.002969608253922826,0.0023483503405211867,0.002197394143163371,0.0018882489906644072,0.0017092097615637146,0.002562694987675878,0.0018332190152561458,0.0017592708221405003,0.001439089768164968,0.0006850732669140136,0.0011725279506666082
WATER_SMP_0131,1.75,3.01,DEMO DATA - BIO-OPTICAL SIMULATION,0.011485767260246787,0.010977083643408507,0.011571083033745355,0.011517152919286493,0.011858836615208585,0.01114556633699206,0.010877261234929166,0.010999781610688566,0.01140540478609369,0.01025668776812053,0.009979142866630947,0.010385572492068472,0.009951149714259038,0.00977963703987267,0.00972534333028278,0.008914861555446615,0.008135961419919001,0.008911037775242735,0.0075854165444206095,0.00714535382299491,0.007368699283106612,0.006497045009297971,0.006172458847453409,0.005923528240817478,0.005703814015314813,0.004900642835655844,0.005120172954470764,0.0037568569607182045,0.004438385666293638,0.0038056618624969724,0.004262790228223011,0.0035757833883284396,0.002928447485909387,0.0029242868591539406,0.002651533982958898,0.002309062901075932,0.0015945366754954475,0.0015771077120218173,0.0015597081955707262,0.0014020597524667918,0.0015058436507932574,0.0005548008383835861,0.0011488655805475172,0.0008609499652359404,0.000605032734740406,0.0005509646721968501,0.0006342422030317956,0.0001,0.00035864316893720446,0.00025061155603337926,0.0006228634615665767
WATER_SMP_0132,6.39,13.17,DEMO DATA - BIO-OPTICAL SIMULATION,0.02455179068256732,0.0248924672139382,0.025546872675963384,0.02546972564800004,0.025485874037131578,0.02506218664206813,0.025322038739467787,0.024983075235896036,0.024833121720452513,0.024796032678678106,0.02421607627454529,0.02450499219273033,0.023610523827676783,0.02338554174157042,0.02311944667552051,0.022418379198716493,0.02105870124838361,0.020937568604464624,0.020336930505222957,0.019587176673874072,0.01818984208614751,0.01750375601467433,0.017155908336424316,0.015771998435076335,0.015046599158770635,0.014754538926751364,0.013480291110375893,0.012670476277514331,0.012265224973419179,0.012380494985926756,0.011455657620017757,0.010980157122240377,0.010037873412890039,0.009145303909938481,0.007930362587969466,0.006708921938704854,0.006633047538812214,0.005639789364233327,0.004863399291276097,0.004726385844348611,0.00478795170677856,0.004017055918056548,0.0036129967953720584,0.0037712210662327866,0.0025487801504699556,0.002316187481615563,0.0019646017464952223,0.002330741256265875,0.002058938826504285,0.0022807273917154563,0.0017172317013810748
WATER_SMP_0133,2.59,6.75,DEMO DATA - BIO-OPTICAL SIMULATION,0.014490978965141746,0.01471811924699032,0.014831341148772758,0.014342452330682277,0.015671140133449293,0.014991048982298166,0.01483536744808335,0.014852124484919378,0.01473180103517605,0.014283313377999193,0.01389734364057836,0.0139829491141948,0.013591641469919844,0.012864282996662105,0.013125691070357395,0.012345774694246903,0.012003865659274643,0.011703842559880353,0.010773591942086156,0.010327722271109606,0.009931607875514229,0.008922865691582467,0.008609261186053893,0.008089697162694797,0.007237451983881635,0.007720980409738381,0.0061737214072067935,0.005906854585839607,0.00654432965757879,0.0062772634565445695,0.005544295800111092,0.005576527523058103,0.005181857584304348,0.0040545547781387905,0.0042794125808356285,0.002561954229639205,0.002968755833306676,0.0028481992867473377,0.002534332659988087,0.001995782954699639,0.0017783015383700431,0.0018236279944952997,0.0017754384925953244,0.001566010448383379,0.0015649707937619916,0.000827058108084772,0.0009552423805452593,0.0006425798132203538,0.0007190458279499419,0.001058213230990174,0.0007125289309696755
WATER_SMP_0134,8.84,11.22,DEMO DATA - BIO-OPTICAL SIMULATION,0.02950955868037496,0.028952271103290364,0.029042429751626634,0.029146944483746128,0.02897141693651725,0.029147057918269964,0.029455359092964484,0.029051933595044994,0.02862588555066115,0.028375675849824557,0.028248503694606908,0.028075592347408796,0.0280198193237678,0.02680587862792134,0.026596534915299303,0.026159354199153256,0.024930388857204933,0.024538291417920806,0.023839116006900654,0.02301007862079471,0.022468310672209873,0.021486245475119906,0.020459519791212084,0.019820325670336373,0.019253956539685726,0.018263661801729354,0.016263499605179612,0.01621028647651494,0.015373659290722305,0.014962780304405711,0.014162513045532642,0.013402451402451125,0.012259902429324735,0.010839703309354074,0.009666911192459,0.008897943498894249,0.008335232535924485,0.007761482582253166,0.007209702518205433,0.006221357612184897,0.0059111503396007525,0.005609942049228058,0.005203393738895127,0.004404296211724562,0.003957841508308005,0.0037157196889092896,0.0029779085587588734,0.0029574290217760143,0.002957922715657187,0.0026706405552816693,0.002163149839316674
WATER_SMP_0135,2.9,5.3,DEMO DATA - BIO-OPTICAL SIMULATION,0.015816188077000283,0.015618934167162096,0.01616423311311095,0.015984420943410484,0.015943804004113556,0.015897916277979623,0.01592556913143479,0.01570382728158279,0.015883274847391042,0.015367558208711093,0.015716523399169114,0.015383173104268646,0.014334753715584193,0.014237369177250953,0.013593980188354221,0.01322601297335521,0.013426011577645735,0.012205654414186196,0.011855365348163505,0.011341440128758828,0.010298736545158267,0.009756131443600949,0.00906400163606355,0.008578061867201987,0.007418338860921887,0.007890770157472249,0.007853744527470442,0.006897260739515349,0.006169240818739606,0.006196840368403411,0.005958954866644947,0.0053138469895306,0.005255001289626702,0.004605541416207109,0.003476727479489773,0.003619548843981961,0.00352444081803843,0.0033516445213679614,0.0033853288936385494,0.00202273413109427,0.0029279613291321653,0.0017800244647524902,0.0015310648553171597,0.0016451355690569687,0.0012251059628045503,0.001385510475476346,0.0007481279955006729,0.0009621404770684242,0.0013193608721804382,0.0008259002695429145,0.0008034133610386096
WATER_SMP_0136,20.9,18.41,DEMO DATA - BIO-OPTICAL SIMULATION,0.038125143465076665,0.038465963593056644,0.037721885261653924,0.038467071442086276,0.03825212622344235,0.038388953349201956,0.038626760453652924,0.0378815680434558,0.0378260778390722,0.03739601524404623,0.03761311037487765,0.037930375082162,0.03719841890813982,0.03648376097311352,0.03633720009993539,0.03557781966835398,0.03517062136488341,0.03505046444768728,0.03394829939091624,0.03394177268628411,0.03283551696209109,0.03207386969844621,0.0311000935176962,0.03049563735623073,0.029519318185059852,0.028339388310803168,0.02732776138543068,0.026092837816446553,0.025502992258748358,0.02453297119046803,0.02380544341250004,0.022597300532018146,0.021145991845031735,0.019580461998402233,0.018506039220040012,0.017480193390181916,0.016279272088304625,0.014468259903489766,0.01420046650257936,0.012730400295599176,0.012061924345954475,0.01071113383586094,0.01017381453344461,0.009421367392941382,0.008125969212935,0.008045709212723313,0.007605893674080836,0.006534432064342228,0.006423913591367603,0.005430551242254321,0.0052545334169448905
WATER_SMP_0137,3.23,9.23,DEMO DATA - BIO-OPTICAL SIMULATION,0.016220610082912347,0.017736440003360134,0.01755393661765834,0.017080536642171067,0.016597501852142718,0.0172580245689302,0.016677258086001963,0.017136531862251014,0.016971030788122975,0.01636012770221151,0.016723705565528206,0.01632400379640999,0.016021058455812497,0.01532989825991764,0.01445721158930467,0.014689128134674738,0.013792140181442309,0.012902345372290885,0.013144917722604023,0.012768953307062016,0.011512357120783516,0.011549837729457895,0.010304541514904675,0.009541706436411685,0.008856919969191043,0.008957932623479792,0.007735015820834946,0.007855968087615767,0.007332102294493149,0.0073030101461307876,0.007528260650681656,0.006560109255466112,0.0057475833045572975,0.005361925394193877,0.004795564894567551,0.003987044170964972,0.0032053905624140127,0.0029280443276986567,0.002822927007072668,0.0026388444751945,0.002011601272344305,0.0023101982338959463,0.0019227880771647266,0.0012034670529867545,0.0012764669349134244,0.0012555631254345986,0.0012501220828199952,0.0017163537594415018,0.0011099836134797112,0.000685659744759276,0.0009129294210077516
WATER_SMP_0138,4.68,8.89,DEMO DATA - BIO-OPTICAL SIMULATION,0.020931286280572597,0.02128482674612232,0.021477670242054665,0.02174421096654648,0.021410306821370267,0.021900214236768197,0.021623501745717172,0.021030284754471017,0.021743419397362955,0.02096125093600106,0.020338908217822412,0.020754800367494494,0.02049531206776507,0.019419932265664352,0.018783536320565557,0.01833764915259966,0.01801231412584127,0.017548242788746757,0.01666683097965452,0.015826725380048947,0.015522194521664808,0.014238171938756799,0.013889864932076869,0.012738713514440742,0.01220240519426828,0.011306343929888727,0.010655967903724561,0.01003696901055107,0.010216938796121825,0.00933962690789844,0.008950640654859425,0.009142619826306549,0.00790594895441711,0.0059688350330450845,0.005716777764522897,0.004715150885241749,0.004471773704320211,0.0033867896275738885,0.0039022419894300144,0.003248017286507642,0.003284146917415476,0.002480552671510731,0.0027195901601286656,0.0023199988884522386,0.0026663777235823504,0.0024305403921672753,0.002052611842144686,0.0015460017054433636,0.002082318343795571,0.0008779646105990138,0.0007932202651603519
WATER_SMP_0139,11.6,11.7,DEMO DATA - BIO-OPTICAL SIMULATION,0.03188950517303114,0.03275235065325976,0.0321418801366027,0.032236160375466845,0.0319063838209319,0.03262700286297711,0.0325870973085766,0.032446718272369515,0.03187839773169237,0.03165818100120965,0.03122890579454947,0.031330314629796435,0.030609396270777873,0.030147539406735566,0.0298791190290389,0.02930308223670298,0.028670767238399078,0.028294469708111492,0.02744276175646264,0.026542146275610808,0.025841790535728985,0.024600971327874453,0.02399994054934467,0.023046832721733947,0.021550586974179366,0.021273006828261127,0.019693966305382764,0.01907421681971596,0.018661381964152877,0.017950687269273458,0.016933423761684694,0.015805189483755748,0.014964769257002335,0.013597013188559898,0.01203081030854247,0.010958706774692878,0.009683842851480969,0.009542478267884203,0.008718513599707543,0.00837812427516166,0.007483230855567874,0.007157353677605153,0.005971791476919222,0.005987447341891696,0.004991889181426421,0.004926233433209784,0.003833666880549684,0.003954149035951351,0.0029324646989976376,0.003121902533412037,0.0030362124774697442
WATER_SMP_0140,2.26,4.22,DEMO DATA - BIO-OPTICAL SIMULATION,0.013186305332435753,0.0131204839208482,0.013757635670484231,0.013512644738623004,0.013405126143835254,0.01353832122907567,0.014253329316128818,0.013705619222546256,0.013564643909870677,0.013160948157686293,0.01285251718074291,0.011814450827506652,0.012020048629285055,0.01173195083711573,0.010930866393171099,0.010731764815914861,0.0100430479724027,0.010161440056522121,0.009936527292398578,0.009528365169702553,0.0088188338598644,0.007901091017896768,0.007108634951207833,0.006666465299529123,0.006330983497825572,0.005987531777602177,0.005799409681970046,0.005226251271609626,0.005420020101142626,0.005080801401280218,0.00491163289038727,0.004855511060824697,0.0036458696210233048,0.0036045372803607625,0.00303485864629554,0.002597488057033771,0.002692647303197187,0.0024616813489791267,0.0017099626944837595,0.0017537841646930615,0.0017234718576167355,0.001402691442695187,0.0015192830085118743,0.0012999703098565685,0.0016488729392289431,0.0005342219943721525,0.0008605930102331033,0.000537771496606317,0.0009127530739787622,0.0001750434510195913,0.0006995682929901693
WATER_SMP_0141,7.26,10.13,DEMO DATA - BIO-OPTICAL SIMULATION,0.026154122258296338,0.026288978206995113,0.026204716767099734,0.026588462877084308,0.027099137582689736,0.026765230460793286,0.02691016849227007,0.02711751644902153,0.026538091141725936,0.026074516178149102,0.026106098006004486,0.025465737050409176,0.025079525472693848,0.02431552093369796,0.024529669841649546,0.02355764253103958,0.023093603696201587,0.022040989592805753,0.02174686828420282,0.020608319558798698,0.019977425570778088,0.019434827690715323,0.018535440308457104,0.017400143710559524,0.01597292671387601,0.016498534872831656,0.015266720961118578,0.014235565836273677,0.013257672271817286,0.013008167602974297,0.012315064765140032,0.012019164911338568,0.01065212557592324,0.009230834038751051,0.008343676283229198,0.00801231598594377,0.007479005788639648,0.006861356815971308,0.006085644144086539,0.005279073664525971,0.003915612416492002,0.004545416164543919,0.0040572730230690295,0.0037330113895257967,0.0033702396844672547,0.0026472828486805615,0.0029296859433416496,0.0026938368036466486,0.0024732284142010385,0.002337801265614485,0.0020396644454342343
WATER_SMP_0142,17.21,22.11,DEMO DATA - BIO-OPTICAL SIMULATION,0.036015352999145,0.03626088598393653,0.0364222072207368,0.03650665993927098,0.0368177810168562,0.03671755444284474,0.037113611180993177,0.037075732344777027,0.03631610031495356,0.03497226821606261,0.03627568304175678,0.03547195091909912,0.03506900427159957,0.03480934773755305,0.034356721519067886,0.03417732065180107,0.03296892983523609,0.03249635528607756,0.03224548302619531,0.031593039296801524,0.030804502723212484,0.029526318237473207,0.028566602185357295,0.027754621918235675,0.02696994748610229,0.026275522666103942,0.024133963911261526,0.02373377746195197,0.022712594748100962,0.022076872391989636,0.022157787080955806,0.020935297917305595,0.019454981074783547,0.018021063419228087,0.016135921249505882,0.014884149209026918,0.014565763517042562,0.012830661445408923,0.01218076132441041,0.011065927924794076,0.00965935509282387,0.008796695616752118,0.008479499293346364,0.008259938274677348,0.007515759506519828,0.006934926734159638,0.00578994908505459,0.006038488055422724,0.004772385236737606,0.00467229496125216,0.004188306360772423
WATER_SMP_0143,1.67,5.82,DEMO DATA - BIO-OPTICAL SIMULATION,0.010756687352753445,0.011275447046932853,0.010707227292381962,0.010535516167489455,0.010941855685288035,0.010782543308748805,0.01185123010615063,0.010943544935072992,0.0104861203435906,0.01012548186166395,0.009676668756938395,0.009697374171763258,0.009770775243928128,0.00986514336165551,0.009446190417057524,0.00882660003017343,0.00828838585240687,0.008076884917004498,0.00743935395993791,0.007701367090315524,0.006716545002923834,0.006335501504487578,0.005289316540714324,0.0054966941374799795,0.005422295788574086,0.004496954512141164,0.0043037826125845195,0.00459667425089927,0.0038798111709900003,0.0046501784662666655,0.004062294376944469,0.0037641492920695518,0.003022081199730112,0.002927999150773688,0.003110410479594498,0.002291828979194858,0.0015714251833030214,0.001991320899434925,0.001399506907490208,0.0017661954083298978,0.0014678633795073075,0.00022635878168654553,0.0007020319978234654,0.0011902029231853311,0.0008649027757890545,0.00043293961380703316,0.00047809573645075216,0.0001,0.0005176565272698859,0.0011541044723167677,0.0006842276257656415
WATER_SMP_0144,7.01,7.6,DEMO DATA - BIO-OPTICAL SIMULATION,0.026582650009368394,0.026355813998160466,0.026528304416720477,0.02690114022103227,0.026467414016355138,0.026296540781842206,0.026611002790897637,0.026632980532568514,0.02589300016326066,0.025603016667268656,0.0255842479460335,0.025454576095840075,0.0250459868011022,0.023919824396097734,0.024401122465304376,0.023057709910801714,0.02253747371981202,0.021661168758761652,0.022008827508157008,0.020496829546657887,0.01935711265312656,0.019029455398239536,0.01813531135624614,0.016965716577183473,0.016381432211298876,0.014990170043370159,0.014235104305467528,0.01303055697731989,0.012635887040116851,0.01305184773456185,0.012390175472102471,0.011101573850103106,0.010597326687239197,0.009045896253450435,0.00812297764806891,0.007455772796477931,0.006753531053542935,0.006148890628715445,0.006026891987600464,0.005238602446206714,0.004953083023892881,0.00462882434808594,0.004048589601171983,0.003284715858860996,0.00284276379981605,0.0029934397738288106,0.0026231604793643067,0.00245025756642439,0.0021907663751269367,0.0027625684761763123,0.0013991194984308496
WATER_SMP_0145,7.45,10.47,DEMO DATA - BIO-OPTICAL SIMULATION,0.026062046598533103,0.026925146664620134,0.026842239617276834,0.027139608099074772,0.027266088986344698,0.027475540536481484,0.026587665661236614,0.02676958786147006,0.026906636973229574,0.026792937883031383,0.02694419877050429,0.026236530433415776,0.02553505299633042,0.024825857747064344,0.024404001095781797,0.02381676295456326,0.023555849358032042,0.022747795089249977,0.021535859110449834,0.021020202989701788,0.02059364714528622,0.019582907764583893,0.018769286843806694,0.017815674225928828,0.01727777262254098,0.015949141596045685,0.014895391787569727,0.014004700031842902,0.013815494845719622,0.012565416276256552,0.012673725199266215,0.011818238371655757,0.010386995815808927,0.009391067440758362,0.00891314181756427,0.007915329634318949,0.007186868173208824,0.006640668173295512,0.006021521614008596,0.005852746429668521,0.005040454452309274,0.004125012563160187,0.004644446999371651,0.0038916167101925793,0.0032592343122046247,0.0027440442504932504,0.0029496109664710413,0.0025313519216043196,0.0027975274788956143,0.002001680907878607,0.0016541462712703122
WATER_SMP_0146,11.31,13.5,DEMO DATA - BIO-OPTICAL SIMULATION,0.03189389500926977,0.032065005603486324,0.031965039325851964,0.032206258881263446,0.03203996439685508,0.032125502564508725,0.03236225166547715,0.03210836110440657,0.03172597318296533,0.0319839804158972,0.03061363282455954,0.031624901232855045,0.030123492230339697,0.03001184928120158,0.02969050758190712,0.029099769814602574,0.028825388158115018,0.027526117838590974,0.027184175458683985,0.026140463030573286,0.02555980182079846,0.024563141987426547,0.023680989414751382,0.02252285320595502,0.021536605408179758,0.020751451333693233,0.01994179927481615,0.01859727645442104,0.017839181223663785,0.017716271268886717,0.016823680604646542,0.01608062408611765,0.014294507029320723,0.012701606836660714,0.01186452275275599,0.010763081895843329,0.010080219887632882,0.009112800311743403,0.00878459609022393,0.007781501660960179,0.00726285635346524,0.006657744967408371,0.006103603447660433,0.005513153325337106,0.005187899956141042,0.004347648945072051,0.004593203063906229,0.0037228771193410465,0.0030522416927753686,0.0031833764448340415,0.0025802239172273127
WATER_SMP_0147,2.25,1.41,DEMO DATA - BIO-OPTICAL SIMULATION,0.013497891900809859,0.014053741663044614,0.013222698197572949,0.013597970514831519,0.012979712043822632,0.013616172217006114,0.013150840247588575,0.01312642235696711,0.012839974774520592,0.013204713834624716,0.013059957479971903,0.012496014704169167,0.01192078867928683,0.012310126908490482,0.011226252857186073,0.010389436652123201,0.010735002720209086,0.009802930922282637,0.009950245005450898,0.009046183733773952,0.008841207153777206,0.008577811955965714,0.007294404700586297,0.0069938537392721135,0.006658858796651067,0.006678149123991315,0.005582739291645116,0.005208086845786492,0.005185088010356505,0.004553240737940839,0.004446692052325591,0.00357297271761616,0.004315162838268197,0.002871648317642714,0.0028465911678090643,0.0026475370320072395,0.0029823631156194615,0.0017888753863682294,0.0025795448109604386,0.0020271448742774888,0.00175658210966458,0.001182248570238479,0.001508804219299605,0.0009928378519988242,0.0014739096233597664,0.0006972825614289503,0.0008591171099219915,0.000639886575807628,0.00043177875843766305,0.0008794404913858693,0.0007534653391874413
WATER_SMP_0148,2.1,6.57,DEMO DATA - BIO-OPTICAL SIMULATION,0.013064165253933604,0.012253860224573093,0.013169719388255948,0.013637640106519156,0.01275574945906436,0.013431809320755623,0.01272058235541352,0.012286235543961813,0.012465331725181893,0.012690295038098105,0.011902769476958643,0.01171267658247921,0.01177094309703832,0.011257612607677445,0.011062510327730219,0.010559090439086639,0.010206573657324882,0.009486836813816277,0.009223640089948972,0.008402241017649498,0.008587016669313817,0.007528747387803429,0.007579339056787577,0.006700073180991592,0.006374793524251107,0.005740511042309951,0.005229265062348171,0.0047852496037709726,0.004916363444381319,0.005114187005866984,0.005123754915523372,0.004961536321223011,0.003925467514293045,0.0031691262648233043,0.002487888273105551,0.002692465633958996,0.002690050730885154,0.002434616408734524,0.002075285005507131,0.001879984100733929,0.0020392091113064737,0.0014849997245162663,0.0014475414837302354,0.0010376739848112233,0.0006164368314126004,0.0007210748663216263,0.0008338579509945201,0.0007736252003023553,0.0012597324887229449,0.0006396788729552525,0.0009087598775601897
WATER_SMP_0149,9.18,11.89,DEMO DATA - BIO-OPTICAL SIMULATION,0.02905976735672611,0.029263208571411455,0.029088075952030907,0.0293546150792439,0.029783265647569418,0.029629533995228,0.02986349095856383,0.0295367327707008,0.029224124845305923,0.029765226901009734,0.028824764727595927,0.028873714309697977,0.028014860592655295,0.027896467791498552,0.027448388218287847,0.026657755384561593,0.0252544931934992,0.02527474667401216,0.02489287732759447,0.023886547205821142,0.023021561522318053,0.02149114637860005,0.02087830614692565,0.020277026154977285,0.019313234287377204,0.0185784322025895,0.01722694575623293,0.016580273511733735,0.01585195535909639,0.015042682396672793,0.014024882252748118,0.01390088329146239,0.012644185239186912,0.011173492407507455,0.009765752757520932,0.009512371664095845,0.008455409321282607,0.00800062199425912,0.007747310546524342,0.005944912435133303,0.005817842357207297,0.0054448175348757065,0.005462076902665611,0.00408920756921619,0.004750141215437179,0.0038322950454508834,0.0034158772919077847,0.003067441447364048,0.002705271960336201,0.0028850880235703367,0.0020079649937596203
WATER_SMP_0150,7.67,12.53,DEMO DATA - BIO-OPTICAL SIMULATION,0.027123697358242372,0.027071495091498515,0.027088109038126994,0.028182456839821974,0.027578865579024805,0.02763694266630111,0.02774433926927594,0.026873984546119768,0.027668181519039402,0.02617435900297999,0.02642156869051666,0.026178903814755617,0.026094062813915,0.025526540706302454,0.024891381283027952,0.02435892459352759,0.02343312991200622,0.022587467491973635,0.02251479247316249,0.021720065639145622,0.02116286464934135,0.019592673144547244,0.01915286056098651,0.01795483348180144,0.017477366128210332,0.016505544466584747,0.015391148803046206,0.014511560861453934,0.014411602811135413,0.013936369180561169,0.013004296871920638,0.01194525055160707,0.011109403321279878,0.01044374071672781,0.009267753615774334,0.007724029782233454,0.006993230983307523,0.0071023391293116725,0.0058111804437382215,0.005778903015427977,0.004953583302340856,0.005171921453805872,0.004038570421571093,0.004228383648718745,0.0035875100902947946,0.003283548410376228,0.002319938641874494,0.0019787592526487826,0.0023257205264241867,0.0022401242352568912,0.0016228800053406738
WATER_SMP_0151,7.39,14.61,DEMO DATA - BIO-OPTICAL SIMULATION,0.026240968445166706,0.02690233783382344,0.027032405999705206,0.026911765586921717,0.02723319064521381,0.026646143993810604,0.02684101840256421,0.027338781707342833,0.026706152416012045,0.026507159894551116,0.02688523320839073,0.025437131366310737,0.025697991945725994,0.025499066502642557,0.024382696804975925,0.0241594156132747,0.022971843973643824,0.0223722258232011,0.021956562709843724,0.02129944795525967,0.020576593856596586,0.019859511327550712,0.01849121004377054,0.017973266490812462,0.016602918851280696,0.016068121756510158,0.015013088021905381,0.014422509000717698,0.014013759229157952,0.013125163767425955,0.012805788527417704,0.01231553760800521,0.010585640981596875,0.010072092460838223,0.008974222692977712,0.007928418823782783,0.0067832260950664355,0.006922164801674315,0.006565774978816941,0.005487579127688457,0.005122933812091224,0.004592006887978829,0.004286038972260249,0.003718524205255012,0.003401721393586862,0.0033699119126531234,0.0035145601514977726,0.0021282806846838237,0.0022775647237141686,0.0017362374221351806,0.002369266042792578
WATER_SMP_0152,7.98,13.64,DEMO DATA - BIO-OPTICAL SIMULATION,0.027324097104960993,0.027234358645142807,0.02798901613438378,0.028411074999434897,0.028133758481625647,0.0279964787455168,0.028008528673437155,0.028208487993140217,0.02736489883734829,0.027379299034292738,0.027003416324824118,0.026454501801394414,0.026310418714579464,0.026283566134473284,0.025602340320961012,0.025046883566801164,0.024261043991545973,0.023682898836288574,0.022543667346898263,0.021902736651316194,0.02122413894504357,0.020385984958922767,0.019506708871583664,0.01845507612200471,0.017452661701071105,0.017578880375157584,0.016020086467967716,0.015154041467007018,0.014481090614657922,0.014052657291752188,0.013622879448462449,0.012866759095778692,0.011028036257940884,0.009866872603898472,0.009039178603232945,0.008394975876514076,0.007523862267134229,0.007396650009090132,0.005923430945833142,0.005600945471070782,0.005779402909857278,0.004896631580067738,0.004691959806118745,0.004644697910422485,0.003455818766796354,0.003298772187011828,0.002939540147045227,0.0021538188562517896,0.002390396434790865,0.002513758348320572,0.0021984287254808096
WATER_SMP_0153,3.51,7.27,DEMO DATA - BIO-OPTICAL SIMULATION,0.01796283075614953,0.017795642940482956,0.017811430612719264,0.01845400906914113,0.017950425929111245,0.018172306723407385,0.018072605905995173,0.01835412309692218,0.01804945361855751,0.017160853592268974,0.016932814851671373,0.017150706507656183,0.016594886098441997,0.016065763805756136,0.016048755416482045,0.01529917419974486,0.014718931268948382,0.014363735320023607,0.013415674091781595,0.013374895042297432,0.012027881510100176,0.01181132785571699,0.011390454199124598,0.009895348060925775,0.009563241917185302,0.0093916751536822,0.008844606005264058,0.008026509502087756,0.007599724003810498,0.00791759280194359,0.007676772429083568,0.0064166733773253675,0.005652309176979578,0.0053033472512926845,0.004764695212766361,0.003976139735719082,0.0038685942556111242,0.003113085803614114,0.0023895787337110293,0.0026212405758742133,0.0025148428765778075,0.0021818336381182863,0.0017055166784926508,0.001315329891784841,0.0015297943747169115,0.0017930860671577515,0.0017549481464801632,0.0016020566568622832,0.0008808680945881836,0.0006706319401267693,0.0010670715725513845
WATER_SMP_0154,7.28,8.61,DEMO DATA - BIO-OPTICAL SIMULATION,0.026580390170872555,0.026676051698850338,0.026081268206958753,0.026514788541145758,0.02681180021221503,0.026965929619106606,0.026999099365632495,0.026708516666552894,0.026605397097538883,0.026314897711556717,0.026218973448010788,0.025770325876851127,0.025298071572616206,0.02473850566657544,0.024323696371236943,0.023866271326660683,0.023166532510910512,0.02251312279301854,0.022065679882313137,0.020962801533104463,0.019871037332518358,0.01948167727058822,0.0179326536448114,0.017125736804258492,0.016646672512612207,0.015796470759740316,0.01440216263022242,0.01390999988302694,0.013255960479005631,0.01278836832862734,0.012613126645518318,0.011707454592314367,0.010464632628705723,0.00925263914750874,0.008071248096472495,0.008114439813262719,0.007196310658448955,0.006211546173500459,0.006094120738409212,0.005352105095611154,0.004818837287459328,0.004602392519148596,0.0038496673965522305,0.0036009980182851484,0.0034025082446959365,0.00290629360535203,0.002973199014789382,0.0030740163564862023,0.0020505448639144435,0.0015618462374074596,0.0012647921292618697
WATER_SMP_0155,7.65,16.27,DEMO DATA - BIO-OPTICAL SIMULATION,0.02693688905971648,0.026949732059655496,0.02734101440731363,0.027408322381098253,0.026934028886030126,0.0268702970265066,0.027453530290570738,0.02730269610201416,0.02697635011989387,0.026391420450747844,0.02675504522130839,0.026659525919069435,0.02596420571315348,0.025167888502802674,0.024915965253348007,0.023913871660028823,0.02400516739741467,0.02302255792420747,0.02172796160976139,0.021383612367987498,0.020788758141067554,0.019692513507082995,0.018825590916901596,0.017636500954472712,0.017254145119168708,0.015969849683641735,0.014662371130990379,0.01454282285789152,0.014576650719141415,0.013926418070077428,0.014122139413575223,0.012854990546903165,0.011584368458847943,0.010111494818154328,0.008965171077181006,0.007987303602760999,0.007241358752555414,0.006862728416005991,0.005854564700945583,0.005287803788196347,0.00478706581365902,0.005287252252675309,0.004416616061801287,0.003965541196923882,0.0032045548961665104,0.003385524217493644,0.0028675040327180586,0.0026960807815348325,0.002091796144319351,0.0022076653467181144,0.0018274101314096295
WATER_SMP_0156,3.42,7.85,DEMO DATA - BIO-OPTICAL SIMULATION,0.017248402856059747,0.017827366622131503,0.017244001057783544,0.017938298366943783,0.017999556116325276,0.017514125698621125,0.017471201269684638,0.017542585508961508,0.017537178092332732,0.01719925777454606,0.017116508619180335,0.01720553216170939,0.016164332931834457,0.015393727529754415,0.01570200133405245,0.01546299325723343,0.014541725600050105,0.013530541280129715,0.01322522734172997,0.012310785664885634,0.012207635086654959,0.010968430882822702,0.010639462473962002,0.009786562532201046,0.009494405371102249,0.008741667196822601,0.008370170979079371,0.0079310283723103,0.0074080330552315325,0.00774284062228314,0.0072582189551977806,0.006424983267828391,0.006626768984508864,0.00530030751999663,0.004439058890947133,0.004396900716107697,0.004127586883425191,0.0031990719251020396,0.0030515377611894695,0.0023818652924363012,0.002387665575698315,0.00214646570277676,0.0020553611442819092,0.0019114728881209522,0.0018080050190785756,0.0015551665645011105,0.0009786566080860965,0.0009313794353937029,0.0009319852884543585,0.0009051533698085845,0.001208956927456875
WATER_SMP_0157,26.91,26.56,DEMO DATA - BIO-OPTICAL SIMULATION,0.039773582065763896,0.04013109126342527,0.040615098725623903,0.040303578642792486,0.04056783774660891,0.040394120808462095,0.04048757280904789,0.0402829292432593,0.040456909955357355,0.03966090590447439,0.03984323376537057,0.03982698404832496,0.03963966795898719,0.039622541281957524,0.03870382339425349,0.038860750145980394,0.03776233781274133,0.03784741455136704,0.03712702031414909,0.03598378371461793,0.03566838047617631,0.034821558549216154,0.03422753573492003,0.03311635003189534,0.032165351385768336,0.03165705543619785,0.030149482867519378,0.02944392749043321,0.028370739671171496,0.02832073502388705,0.026857588393345976,0.025767998349962396,0.02497127802709804,0.022801658404036605,0.02189584855244839,0.020307719102361087,0.01874093018882158,0.017064366150971916,0.01646853454164342,0.01540752497128026,0.0146676470489875,0.013775413952073453,0.012118789954234674,0.01163643604270832,0.010745535912626182,0.010006764262600438,0.009052479377364597,0.007587308310092093,0.007438921611671128,0.0065014668728424225,0.006195660681040154
WATER_SMP_0158,8.84,12.02,DEMO DATA - BIO-OPTICAL SIMULATION,0.02902381008309844,0.028988101058604967,0.02937125533036157,0.029219921727190776,0.028775568782501718,0.02841046409630964,0.02916397821360495,0.028955882349086436,0.028573164010921248,0.028145344962553498,0.02816548190311836,0.027997435933846487,0.027863866560212468,0.027266983979019787,0.02717728114842196,0.025807765318255804,0.02574720838130875,0.024804952199915218,0.024253872420598604,0.023120296874249983,0.022734616293480128,0.021625329382608468,0.020424588316803997,0.019690553567918184,0.01866709803815175,0.017920308057393985,0.01649044698329368,0.016043554923416338,0.015584579244596965,0.014994207914556261,0.014773226636583717,0.01368489371364235,0.012277772736784001,0.01111775070915776,0.010043240420351172,0.009160998310504999,0.007720218184093054,0.007492904536756183,0.006509571830103969,0.006754173547562075,0.005808731505507743,0.00526410245489634,0.005123596418492714,0.004549417942555545,0.003686241629080651,0.0036377623307591108,0.0032228667872292844,0.0024926965491513416,0.002527960707806131,0.0024234469695780625,0.002210156814992623
WATER_SMP_0159,2.33,7.26,DEMO DATA - BIO-OPTICAL SIMULATION,0.013188541273528408,0.01407465297642272,0.013769139320079391,0.013852829481685853,0.013971425838762014,0.013589335283371558,0.013899391378094313,0.013549099633529262,0.013245361963829746,0.013498879555511965,0.013543984369694315,0.013041214472672369,0.012786917580500034,0.012001209236648814,0.01128952016756505,0.011794916171768668,0.011515195766261475,0.01088926442142156,0.009834932338190201,0.00908541213455488,0.008600359766191251,0.007900449180612203,0.007861030506811098,0.007869827385316807,0.006854843311165148,0.006528810699345341,0.00646594648519855,0.0056869274053226665,0.006336604798281163,0.006300901974256117,0.005501102086225323,0.00493229189517539,0.004664391550204794,0.003670310004827752,0.0028678785496541958,0.0031921438002711295,0.002873232570228965,0.0023131786418399236,0.0016763455065900424,0.0014952087582129703,0.0017218744165425218,0.00138062085679112,0.0012832105663396277,0.0015600923639052188,0.0013534099143189759,0.0014378696087857048,0.0006283134333957359,0.000732861053520279,0.0009822745897972642,0.0008154642423374444,0.0010742256744872263
WATER_SMP_0160,10.23,12.89,DEMO DATA - BIO-OPTICAL SIMULATION,0.03059013878221477,0.031183167061684502,0.030919624351181885,0.03116625806666402,0.030798636752951296,0.030903183023887004,0.031127603721020886,0.031243058501332376,0.030829560848313585,0.03038181472833136,0.030558144763557272,0.02916593020302024,0.029014462606531934,0.029201398537856003,0.028494807252799015,0.02810417540693144,0.027313189440653723,0.02677779790970885,0.02561885936398255,0.025238554861849314,0.024521877891480953,0.02370288891883377,0.023016675180630827,0.021529910843392237,0.0205549250211923,0.019012377583279765,0.01833220100609073,0.017586516441047428,0.017318480777334944,0.016286951535266086,0.016043568025691197,0.014835336931467186,0.013552751180318361,0.012389615033705633,0.011030984465431132,0.010035181982868131,0.008811090874205608,0.00849570703622743,0.007731446969692493,0.007072206894000388,0.006746435357403729,0.006254741433208982,0.005602730532723093,0.0053462902975985865,0.004771930378802487,0.004097522774337747,0.0036672231224383666,0.003551256764974,0.0033101714111182486,0.0032653536166383354,0.0029367062720311765
WATER_SMP_0161,2.77,6.07,DEMO DATA - BIO-OPTICAL SIMULATION,0.01514148233108709,0.015384921956150849,0.015700474605973708,0.015871616118018034,0.015849904377933138,0.015527813747130801,0.015108477983240986,0.015079288299640827,0.015309805655815531,0.015133322726709848,0.014456843750410332,0.014509118768147599,0.014349115040494811,0.01343512066718124,0.01369234078476628,0.012791192036773062,0.012792930675333422,0.011739284511345276,0.011052795992536295,0.010668166411027519,0.010210911040897445,0.00955138519477323,0.00903166655229484,0.008630668756782808,0.007925394815868455,0.007429969444705776,0.00647259125289584,0.006756711839943062,0.006406813988199348,0.006768564672587593,0.005748691791962114,0.005016628633914615,0.005102281742343064,0.004359720836058997,0.0033973326593859576,0.00281626392739785,0.003406168620708453,0.003092463633809649,0.001676257069906261,0.0020615671589005917,0.0024940044080562925,0.0016652290395259034,0.0014904786309836138,0.001397560410990999,0.0010048015394746685,0.0007011735903167592,0.001411713320852764,0.0004372325206772552,0.0009683580106691837,0.0010732513885635788,0.00029324979511287656
WATER_SMP_0162,11.36,12.99,DEMO DATA - BIO-OPTICAL SIMULATION,0.03139606201560632,0.03219943771879227,0.03212228097700101,0.03186607877299423,0.03245984352027721,0.032465235018312055,0.0321414858418037,0.03169887160569909,0.03170106862147526,0.03171278358675232,0.0313154069080387,0.03134020911190169,0.03022597653003967,0.029801742096332934,0.029807519819707484,0.02904715900222624,0.028386674594568072,0.027364755827808666,0.027163835360932122,0.02635036898214641,0.025719713171993508,0.02465567397655785,0.02366563687647594,0.023093002673013646,0.021347705766373213,0.020877676253805457,0.019206912315484017,0.01856754934649328,0.017763199404649606,0.01777524069481342,0.016809101381123744,0.015821624987903005,0.014238116675534764,0.013162852079518403,0.011822935225645662,0.011140258851977891,0.009839403521062863,0.009734440513865333,0.008089449189423321,0.007653896057285963,0.007746875130359905,0.006504067341862455,0.005673032031157349,0.005606795637565805,0.004911172253995886,0.004353130931932536,0.0038607294586890557,0.004639120443357668,0.0033837575387092107,0.002561635281159221,0.0032949614309204034
WATER_SMP_0163,15.29,17.16,DEMO DATA - BIO-OPTICAL SIMULATION,0.035112913844538345,0.03484975115774575,0.034917410822903276,0.0354822035064566,0.03525162318972288,0.03475369177948341,0.03583119715549267,0.03508362032134003,0.0355340515031894,0.035290813082437096,0.034376884902834304,0.03470285662731583,0.03385698876817374,0.0330940105151099,0.03306892070510924,0.03279756622980741,0.031960629916491325,0.031367787630419884,0.03110341406224214,0.03003414634743989,0.028934650340441792,0.028530228413143142,0.027460988899558995,0.025680251890711298,0.02555228025959835,0.024480565277758572,0.023302242772592033,0.022612570053742145,0.021409915921088717,0.02110102684482939,0.019778533482080574,0.019289878932550384,0.01837781434274971,0.016025913186821398,0.014736250815751702,0.013569685980953013,0.012785077051626357,0.011481277784875666,0.011039822897179403,0.01032902954171401,0.009442960077185413,0.008005906278024914,0.008134767734363429,0.007462712939930949,0.006820397960043431,0.006116316045638689,0.005545320617545327,0.00530366883465631,0.0051236256537910765,0.003849150784330343,0.0040807474208678154
WATER_SMP_0164,3.14,6.42,DEMO DATA - BIO-OPTICAL SIMULATION,0.016543587797202712,0.016652709324103773,0.01632308903097114,0.016757607445218387,0.016565883126716384,0.01670767082836671,0.016455954194012943,0.016543654237061056,0.01640179992719189,0.0163490472650965,0.01558247959309471,0.015330837900333294,0.015522415175714354,0.014777636884494218,0.014898713625130993,0.014163473729661785,0.013761838780998433,0.0134562649754055,0.012368156280982995,0.011697262790994943,0.011526106877337945,0.010804804016335112,0.009981269568126337,0.009844348469401135,0.008763607463162718,0.008263149590661737,0.007748372883824944,0.007072040625833566,0.007132864956233439,0.007347580490886099,0.006772507677892664,0.006136074425656459,0.005389439190035486,0.004828497945021134,0.004354316933899882,0.003849001053569399,0.0032025975568272975,0.003092325912820488,0.0028650346150292188,0.00216942189786142,0.002293693760133381,0.0013859145758723344,0.0019882176198074515,0.00186748499147556,0.0017350893840089357,0.0012480703938111527,0.00132822705512084,0.001543714207774778,0.001432742738210163,0.0009020612578026015,0.0008640424418773236
WATER_SMP_0165,13.07,14.03,DEMO DATA - BIO-OPTICAL SIMULATION,0.03358985389190585,0.03296353612126678,0.03344000273510121,0.03402405210509099,0.03396303611917584,0.03378631228854414,0.033184133804304274,0.03353391869860932,0.03323501512301543,0.03332202990475622,0.0327359732560233,0.03237036769662421,0.03169938310374509,0.032266151642079265,0.03129944952166572,0.030924804460037293,0.030273876743751694,0.02929057384745916,0.028510195052190136,0.027806543899996684,0.027057584129136777,0.026500939162003523,0.025223179672982463,0.025015436328867983,0.023789399553607836,0.022677774320951753,0.021358217875064194,0.020918621389849547,0.01966543554840731,0.019095752366132104,0.01840490468457202,0.017519534927633706,0.016197027216545663,0.014490609961963222,0.013210075639752123,0.012468980845970624,0.011535512877236092,0.010333895556336067,0.009164875650272573,0.008815895539928167,0.00834766761145935,0.00802957864409334,0.006500089078944291,0.006146219389771425,0.005613956317227088,0.005634391161796417,0.004752535306773558,0.0040627507246035225,0.004109025893468628,0.0034589599479284885,0.0028823535784873256
WATER_SMP_0166,8.42,11.95,DEMO DATA - BIO-OPTICAL SIMULATION,0.027874375696726333,0.028829370869034966,0.028554783717825487,0.028562329669636084,0.028502384830966013,0.028666051738428056,0.0286141889176796,0.028517264083170672,0.028308707581149256,0.028322343098296014,0.027796935344232596,0.027164274889394272,0.026879977495385034,0.02601410870492471,0.02669839743133913,0.025771274503068514,0.02462702326878087,0.024099371108386034,0.023248652388898717,0.02311062495644473,0.021387602909767888,0.020977050630311744,0.020009089894887255,0.019364656244055305,0.01814167012630588,0.016694434984811206,0.01623574570258055,0.015249820630922966,0.015004001007536873,0.0149537792569749,0.013408781869351797,0.012791982285431634,0.011708618657230984,0.010548144184617386,0.009804531356779013,0.00863639952831407,0.008062787647376087,0.007087545224984116,0.00673712472123862,0.006337894724059704,0.005360948261603893,0.005329030537200581,0.0046606798811708455,0.004543654221032681,0.003787563883281017,0.003611405777213647,0.0031630665236225476,0.0028518746856688246,0.0026893057055464133,0.0025271255489168636,0.0017674723788657597
WATER_SMP_0167,11.68,13.83,DEMO DATA - BIO-OPTICAL SIMULATION,0.0324224376594924,0.03159573240245014,0.03207446661977844,0.03234008034044438,0.03253986140993684,0.03289332420312766,0.03182104301244927,0.03213530243710619,0.03150705125540313,0.031958032072912514,0.0317772036505165,0.031861832143736286,0.031049802843081252,0.030894772161362886,0.030262916493450153,0.029401540555025828,0.02849248471191783,0.028320722880629846,0.027055689414069214,0.027101891534821006,0.025823308742387658,0.025342132019356065,0.0239093000776304,0.023166716514816825,0.022147005193883986,0.021040453097436934,0.01990934759091598,0.019265891784630475,0.018185606923184196,0.017526551146513036,0.017556033945703667,0.016389280112299464,0.014912365104779833,0.014045561232455941,0.01223795219971336,0.011667163692800624,0.010417930209561114,0.009242250423517675,0.009347212880703863,0.008380642420131673,0.007382230023350869,0.0070152269443295966,0.006096962947727317,0.00592902891905629,0.004464867162092526,0.0044161280463825454,0.0045918195404011965,0.0038332397196355473,0.003612588754887229,0.0028185337027662625,0.0034772020813364293
WATER_SMP_0168,27.59,30.08,DEMO DATA - BIO-OPTICAL SIMULATION,0.040673657100642004,0.040370507756296525,0.040398901034782796,0.04089263896150999,0.04121418886020766,0.04091181280107403,0.041252223681078455,0.04026585913565557,0.04020354621017863,0.039962342806504784,0.04028195807898682,0.03999107850613733,0.039638130560749725,0.03962594782724329,0.03940427814948377,0.038178143424897525,0.03800589676572104,0.0379262845206284,0.036979763403205454,0.03626387477312124,0.0361347851311652,0.03471058687007398,0.03421738316184028,0.033556840146795844,0.03236494782224785,0.03176037055469901,0.030284144754037328,0.029903388703294044,0.02872265275500039,0.02839964640883303,0.027705997518881528,0.026195710829769698,0.02430767162366041,0.023414394692327187,0.021771692671154322,0.020516627333692302,0.01901427707991068,0.01776384443554013,0.017352088220212628,0.015200676004960162,0.014792417623944516,0.013370008750188565,0.012455326845014393,0.011520655313323611,0.010482338563256583,0.010051270814504475,0.009503026815422434,0.008482022516938966,0.007675820486192766,0.0067001779903495115,0.006548534429949061
WATER_SMP_0169,4.97,3.68,DEMO DATA - BIO-OPTICAL SIMULATION,0.0224095016266559,0.0218021633631606,0.021922443322994017,0.02194711718027776,0.022006543568843868,0.021321993592292286,0.022210440533481805,0.021726927753192952,0.021335116384814747,0.021825841244592477,0.020999822467533326,0.020889698447483836,0.021040685862957355,0.019731120764551878,0.019192890461599867,0.019180759431886376,0.01884435143900317,0.017383517676601835,0.017296478859953522,0.016634723161092727,0.015103148256429838,0.015201762149073938,0.014454099377190527,0.013320777203341364,0.013014338975923375,0.012214997252918046,0.011173525346307028,0.010345454806881123,0.009617985913656887,0.009378473027255639,0.009002734897274645,0.008077351443835088,0.006782210865637422,0.00709547916622366,0.006120320597091502,0.005388389580660522,0.0052701483682358425,0.0050307637525606064,0.003330167392455356,0.003930009495398117,0.0030298968990855723,0.0032932465129734954,0.002893363162003063,0.0027814094699241776,0.002199247263387376,0.0015664167494991253,0.0017921397131701474,0.0018661741422508758,0.0018821968955150532,0.0010747341903469987,0.0015970845867025996
WATER_SMP_0170,3.31,9.83,DEMO DATA - BIO-OPTICAL SIMULATION,0.01694400568446409,0.01737364229265954,0.017208026847833003,0.017477537132684025,0.017714577541937983,0.0170619651414164,0.01716511082845926,0.017317009947915296,0.017825860678342614,0.01664034839451979,0.017254667189532016,0.016936815764226915,0.015949680292047408,0.015485191056458394,0.014917881730900688,0.014614558347642196,0.013685481775605426,0.013525021013755358,0.013410738130595155,0.012171343408794876,0.011660678185389711,0.010592060561676447,0.010581383809671082,0.009918582782133296,0.00923975953440955,0.00856812766045583,0.008042720990437813,0.007950881748245433,0.007670110287695735,0.007732016742829152,0.007487422317375037,0.007202913035778315,0.006235564782749278,0.005210514373623439,0.004875845793727972,0.004006466820708219,0.003869490744087309,0.0033321364290002805,0.002309148291972628,0.0029913416769357876,0.0024008207412880454,0.002125369224128784,0.002024929376248226,0.0016541387565199123,0.0016590931956624341,0.0012617664877380382,0.001683759164999612,0.0011422252900660343,0.0009479660294831104,0.0006823252655006073,0.0009471950657630455
WATER_SMP_0171,2.97,9.87,DEMO DATA - BIO-OPTICAL SIMULATION,0.016052304847105583,0.016230214201188073,0.015894080477383936,0.015777837210376493,0.016465668737538443,0.01670381131293416,0.015888685096806243,0.016566907681372027,0.01602215793024248,0.015733955148492292,0.015367560362435598,0.014774159288149586,0.015141581377721825,0.014223367737305542,0.01379075959460842,0.013852419649668078,0.01248591063394786,0.012060446240392268,0.011954948601707286,0.011473063958817588,0.010942827470074083,0.010112621771269462,0.010367130361002902,0.008949429035082935,0.008371383673694482,0.007657991726625785,0.007479295355681699,0.0073478033771316575,0.007455841098910041,0.0066570516578525925,0.006857869995735001,0.006540699339794401,0.005773911618116927,0.004742766015844914,0.004196281511324071,0.003278464066421328,0.0036143423202553396,0.0031441562444697374,0.0021803464140579157,0.0020234986156641628,0.001814621109406463,0.002133380984779101,0.001363134909141134,0.0014838221808340516,0.0015689204168419513,0.0012756840713316966,0.0012487693610967806,0.0007384372616047569,0.0011342403952008977,0.0006790476628014551,0.0006816279019319492
WATER_SMP_0172,3.15,3.37,DEMO DATA - BIO-OPTICAL SIMULATION,0.016681803960526945,0.016763889808286726,0.01683286689370817,0.01665969439684693,0.01681719119537521,0.01688956992945685,0.01641500250526879,0.01658164751724061,0.016681908700014462,0.015978576412904975,0.01645539955994515,0.016186545737522342,0.015081021106169327,0.015464341115140388,0.01457282944294569,0.014260256956979925,0.013468782309965573,0.013346993911918249,0.012618877504804745,0.011660205188694569,0.010948653269756787,0.010246169884742013,0.010124754030140933,0.009627897834829171,0.009048958981268842,0.00823538361704516,0.007381737327361932,0.007056190268983548,0.007227399853165265,0.006402229334512677,0.006211154824610161,0.005359320446326261,0.005215686196728564,0.004413339609716582,0.004371836468271745,0.0038819745000858246,0.0031575933958477393,0.00296621478887027,0.0025654545963238232,0.0020548467772679943,0.0019943154968366686,0.002101356608045705,0.0019479383258007162,0.0017202213873999256,0.001426004245583315,0.0016516752084982894,0.001259263773462984,0.0013317518960182788,0.00048032547291073616,0.0001,0.0009105312291084081
WATER_SMP_0173,5.69,8.86,DEMO DATA - BIO-OPTICAL SIMULATION,0.022950852759797753,0.02347432808869608,0.02357138455378628,0.024222670460815898,0.023907802090203125,0.023832426359125147,0.023978972525020334,0.023731106726481908,0.02332093593907593,0.023560362919270102,0.02262824243375012,0.022721176156016883,0.02176370864262576,0.02183444213694863,0.021319548465620456,0.021198583833348234,0.019609120424169298,0.0192344899974054,0.018955867538350463,0.01806779007342297,0.017249457337213007,0.016113352039160124,0.015411274660851407,0.015140655003319944,0.013927694128885936,0.013243413894759873,0.012338713925567162,0.011395308572539764,0.011586652314521445,0.011098715608123021,0.01116092183267474,0.009425196836502708,0.009023542549398548,0.007397861218027042,0.006977687925366491,0.006527316621635003,0.0050405757590059,0.005103151584849655,0.004544775160503925,0.004088152994318743,0.004031400705222018,0.003899265589212646,0.0031987463347147942,0.0030028134300400726,0.0027029705554117316,0.0024201161315004073,0.0018654011610120366,0.0023174920413630744,0.001884854516840805,0.001743209042460388,0.0012269593282689985
WATER_SMP_0174,7.95,10.62,DEMO DATA - BIO-OPTICAL SIMULATION,0.027311283919121583,0.0275630938417945,0.02728591816608233,0.02732993874298807,0.027702981058840274,0.028040264524827257,0.027638238102723325,0.027426691818841466,0.027330936785023463,0.02722430513588534,0.026980980872098926,0.02740229057655626,0.02667295458973605,0.02620620233485422,0.025730370189829082,0.024501345422244896,0.023797823882646788,0.02314138679143654,0.023131957780365624,0.02177952658849931,0.020739690730966952,0.020122601422256196,0.01928902181977951,0.01852815838944502,0.017594073051780703,0.0163373424442885,0.015898520110479472,0.014739604568438397,0.014314215453849347,0.014093291730370626,0.013097783035183838,0.012245461534208024,0.011486815395262319,0.009901013694077981,0.009017193603882527,0.008447187074300241,0.008178444853237576,0.007108257968383327,0.006486268995547068,0.005963830604848294,0.004981332649466278,0.0048734580177405605,0.004400541030816739,0.004110156038441258,0.0036845742529076782,0.0034293558999380354,0.0029158400514406146,0.00274684126887009,0.0021051991836906273,0.0021443945017856074,0.0024452518818027175
WATER_SMP_0175,7.55,8.22,DEMO DATA - BIO-OPTICAL SIMULATION,0.026918300241173348,0.026982919623065947,0.02768789561384655,0.02680056943569411,0.026922282418376253,0.027768513049010672,0.027218246310960707,0.02702872697788169,0.02658345570205081,0.026861651152727584,0.02661538856354641,0.02578768476331659,0.025676500350714768,0.025159021043150796,0.02481683230938739,0.02382543437202664,0.02390115202038468,0.023111099198976595,0.021988687794625067,0.02124937874603354,0.02045100371558932,0.019403219252751822,0.01862224762836781,0.017773176714070894,0.01742380675145074,0.016307539734392532,0.015422133517531755,0.01447867749350757,0.013413807132454804,0.013198589661084406,0.012870787158770868,0.011354932505453344,0.010897593853878684,0.01035194243651346,0.009031283744709675,0.008340597129247757,0.007299398749147963,0.006914810422927672,0.0058493474391565475,0.005784443518714787,0.005260492099506561,0.004705401961848905,0.004601636662023278,0.0036660569320164996,0.0034230984943785675,0.0031882081472932723,0.002558022369915284,0.002667471680456121,0.0018395569812219175,0.002446788583455232,0.0019441168689768198
WATER_SMP_0176,11.73,12.82,DEMO DATA - BIO-OPTICAL SIMULATION,0.03188261333507893,0.03194972189492058,0.03225583961323165,0.032621080180629855,0.032626699148860704,0.032255064001241895,0.03217105406368881,0.03253115358340375,0.031975064678243445,0.03201343638674736,0.03178004697334045,0.0315257871236396,0.0313190636546557,0.03025107331271923,0.02956326284364174,0.029411179328803657,0.0295053716314582,0.028895025594157228,0.028103183964176305,0.026706232416282605,0.025388281972777135,0.024331732241603177,0.023920168430115685,0.023077539299400006,0.022525360058390648,0.02136551583431104,0.02015619878891271,0.01891775924245144,0.018184599563981666,0.017940709757984154,0.01734363448947443,0.016239061661305964,0.01455216330643922,0.013738074384200811,0.012463992306209348,0.010977794231570647,0.010161678283026701,0.009787470245188612,0.008752079119636262,0.008587940333471196,0.007594772440896264,0.006675163625514202,0.006237336148481108,0.00571994472886382,0.004982722100285294,0.0044658287677464,0.004524571321440849,0.004176495448866943,0.003744989774126066,0.003689532527735309,0.002771599933718046
WATER_SMP_0177,6.11,7.67,DEMO DATA - BIO-OPTICAL SIMULATION,0.02475476919751783,0.02414448665179721,0.024237041351338983,0.024099122068914704,0.024536282736356354,0.024515086698169295,0.024770271180167436,0.0245791655622586,0.02398631536233312,0.024007225498819375,0.023735528933280896,0.02297626925288453,0.022816837710115338,0.022422463112586492,0.02256830706730258,0.021624360601533818,0.021141617315470925,0.019820748260312274,0.019912101124755954,0.019189298712785328,0.01741233460324988,0.016987414752525458,0.016516057250809978,0.01571692968386548,0.014471230464372405,0.013741866063971764,0.012857990880151599,0.012388747454589174,0.012189130053504972,0.011150734036444317,0.011137936841071542,0.00984150740333859,0.008882713904032492,0.0084211884956639,0.0076022604316128015,0.006877002325978947,0.00563428958302313,0.005366469387754618,0.005276483075444092,0.004602209734364702,0.003861233234542728,0.003945979927584444,0.0032490620830529582,0.0036850576772060623,0.0033197943708846824,0.002771925031871907,0.0027563527921247452,0.002146176200280627,0.002154781640062916,0.0021850622351222465,0.0016487141342698473
WATER_SMP_0178,19.35,23.99,DEMO DATA - BIO-OPTICAL SIMULATION,0.037193967691598474,0.036896081852436854,0.03748992748477289,0.037837718488266676,0.03791653864624012,0.03779049333644343,0.0374450924991629,0.03694243076176638,0.0372722998115623,0.037170017932546956,0.03696065711426241,0.03698380633162832,0.037085954373044745,0.03616558828030908,0.035646209278601196,0.03515900194998445,0.034741219679574484,0.03386331701724801,0.03349619174651105,0.03288435906413299,0.032042530677487725,0.03129047547724507,0.030402010655744632,0.028804698922194148,0.02853145510067913,0.02707500510486192,0.025858317990126563,0.024892331941878152,0.024652027872003435,0.02390539003391317,0.022753709305478605,0.02229467373265899,0.02025050108340241,0.01912181974476266,0.01764893256947035,0.01653224111838138,0.015647914556286037,0.013646454164310377,0.013041362768895058,0.01202203657991528,0.011327940132737734,0.010401486625402143,0.009417110972350434,0.008624291191029164,0.00770282294736889,0.0076622279095275875,0.006877631930354063,0.006433712651707541,0.00552662296353005,0.004925021661130266,0.0043398480632166146
WATER_SMP_0179,4.9,10.79,DEMO DATA - BIO-OPTICAL SIMULATION,0.02168718783694321,0.021420554543190338,0.022405288517939694,0.0215380525326822,0.022049933625152795,0.022429789508463603,0.02208260690838012,0.021847171916693078,0.02134159117855196,0.020999514873617613,0.021370003573511105,0.02125831068579135,0.020285112216483662,0.01962930428130142,0.018733794221911407,0.0186261041692692,0.01828795431633901,0.01816070413785425,0.01720430530488722,0.01638364971560157,0.015436536006772328,0.014627378386148039,0.014457833396390205,0.01332492938452962,0.011864831975510356,0.011544374071632828,0.010813160834860404,0.010399885130022126,0.010443412627440854,0.010047426491455638,0.009699411261391004,0.00942259005414801,0.007849185064063065,0.007597637248102861,0.005964701167935604,0.005517846870603372,0.004876765410438923,0.004550484474164852,0.004246322371866186,0.0038763489866714697,0.003182820485355059,0.002761661383813617,0.0035648339907142796,0.0024079883184132626,0.002524601783382242,0.0016149791306066185,0.001815070397413667,0.0016802543527039383,0.001696091515590773,0.0005883861085032807,0.0013196299780706031
WATER_SMP_0180,50.0,47.54,DEMO DATA - BIO-OPTICAL SIMULATION,0.04378997492409344,0.044308983488820085,0.043961003469600704,0.04405802186735711,0.04425691036616631,0.04402813941798991,0.04418537154591988,0.043932311961249984,0.04367940316728178,0.04444903286497881,0.04364279361531974,0.043837929683598016,0.04394746703138391,0.04333538831150799,0.043036763541185394,0.04308067112666644,0.043038514582120636,0.04200227979156971,0.041915315763202066,0.04100300532302755,0.04092012195255047,0.040514516226328866,0.03966247798389729,0.039138972101596954,0.03813368864787334,0.03774548063347472,0.037102956630382905,0.035579757853175006,0.03509375229448935,0.034978672338004634,0.034607308292015,0.03285774889350675,0.0319705015329378,0.030637404257837814,0.029050906423992565,0.026954508500805864,0.02654096758603951,0.025575382256655375,0.02389348907601729,0.022291783676658152,0.021196952683620537,0.02064507114695434,0.019170328189012115,0.01789886532164857,0.016655243881591737,0.015228384822854144,0.014286167897634847,0.013287279302096926,0.012487268843493413,0.01183619598070991,0.010830764753241249
WATER_SMP_0181,9.98,14.43,DEMO DATA - BIO-OPTICAL SIMULATION,0.029748070274374483,0.030406318066097254,0.030689381753667182,0.030744183064510586,0.030417824320245403,0.031483794584983356,0.030181376972574055,0.03014365031147326,0.03038931006805072,0.03074899748435177,0.029599794174863234,0.029447806071758474,0.029466528063457516,0.028691851221771106,0.028088587553319014,0.02778878856789136,0.027070579791056627,0.02660929398024125,0.025943391554162237,0.02485195670568336,0.0240038682319221,0.023094881678824824,0.022255270760120047,0.02117201960467181,0.02017492449297725,0.019535581522820374,0.01866523102232144,0.0169408484675929,0.01681021424356719,0.01613342686344507,0.015627721279981327,0.014879585567323245,0.013701200899316372,0.012135585932879467,0.010399636799786878,0.009689340078446155,0.0094094456453249,0.007574970185307467,0.008069485867773252,0.007232190694044596,0.006875773954017035,0.005867452447211655,0.004794387004470703,0.005065884058247973,0.004879627268592342,0.0043697617495565815,0.0035213880226490158,0.0034048426759036264,0.002906373405239878,0.00253468783813131,0.0028062478746301
WATER_SMP_0182,3.05,5.18,DEMO DATA - BIO-OPTICAL SIMULATION,0.015904898545676418,0.0161157270079373,0.01614306514306044,0.016084582706416852,0.016596429685175485,0.016882013365660486,0.016416460869919124,0.01591340767151419,0.016463256556339307,0.016514783366995665,0.015564108620870418,0.01531467812293499,0.015265649789316172,0.015204618590505049,0.014126414212626302,0.013407750936618328,0.013487179578557827,0.012997831727352804,0.012195808660060566,0.011443609293405313,0.0113135290530537,0.010570723335746797,0.009577513563814954,0.009222752709403464,0.008213317449253596,0.008259041373396541,0.007463419010823823,0.0070029979853117475,0.006838962002737205,0.0066306426978918155,0.006572557157761322,0.005989430568892052,0.005134036765264154,0.004768150859723781,0.004111217569906699,0.003430698416163037,0.0031736685589680825,0.002869191303377033,0.002798809865989345,0.0022941316196142996,0.0020646922440886862,0.002568995447448076,0.0020744827997886913,0.001394942279537677,0.0016401013224691808,0.00136397740470137,0.0013184261719639077,0.0011264272193082954,0.0013371624169466704,0.0009888521293154604,0.0007804233304745758
WATER_SMP_0183,2.57,6.01,DEMO DATA - BIO-OPTICAL SIMULATION,0.014858229711708092,0.014720293241684472,0.014764683951056528,0.014869993118469038,0.014761473357659363,0.014769202931934327,0.01452766406087897,0.014373628509917833,0.01415104872511383,0.013839915367671454,0.013755377775339065,0.013684120707705002,0.0134410297642001,0.012961080284948221,0.011929717240052694,0.012667996868194753,0.012050291652635776,0.011361163113163424,0.011282337516439683,0.009884530088319248,0.010202152148587313,0.008800290827310361,0.008616537812956902,0.007624092789792239,0.007484928784355995,0.007098206703173809,0.006501007336645715,0.0064448785371277635,0.006083022978564525,0.005774839628674157,0.005531040075487167,0.005495781507054691,0.004436043821157563,0.00426710541373951,0.0038242272232591108,0.0025519971025667427,0.003080913156391972,0.0030998396409732923,0.002327738769738379,0.0022233772854765724,0.002164304453245048,0.001596614249642918,0.0015752862816635676,0.0009818299902875803,0.0012862179165315745,0.0012746057407821733,0.001171586441927605,0.0012380235110318852,0.0005968398536429264,0.0005888014801148921,0.0012442089471860931
WATER_SMP_0184,8.9,13.1,DEMO DATA - BIO-OPTICAL SIMULATION,0.02876758179312387,0.029039389536098723,0.029089520408419438,0.02895368734490948,0.029734959108160233,0.029091322923770993,0.028864194719345967,0.028968063189727274,0.028349191136139377,0.02854387861491685,0.028179513502550373,0.028325402505795426,0.027546825458973603,0.027561831825930493,0.027199822170001126,0.026438479357986724,0.025504133892282347,0.02491902049375368,0.023673816747817204,0.023296697429972184,0.022240093726101997,0.021829474549885302,0.02148370346684266,0.019926259383251044,0.018221892930411994,0.01774319385131768,0.016959784089842833,0.01616880584458591,0.015364660284651423,0.015210529129108212,0.014170980300809655,0.013339339522009077,0.01261584777376948,0.010853807675655356,0.010192233280941047,0.008687784783557863,0.00884708761419968,0.007395990608920254,0.006929283566240544,0.006508335471613487,0.0056929976012976505,0.005398032481061098,0.005057497438032771,0.004738807160405473,0.004287898269661698,0.003630967462887048,0.0033009072510232222,0.003740412557652427,0.003037913501159314,0.0022182753247193708,0.0022894864455940897
WATER_SMP_0185,5.06,6.6,DEMO DATA - BIO-OPTICAL SIMULATION,0.021870921096321622,0.022085517342244072,0.021876876282905706,0.02220296309770566,0.022908414189265685,0.02253124443234626,0.021553750052081336,0.022557873463604994,0.022357291871157422,0.021704081342225005,0.021751168537772356,0.02094439170633648,0.02066967323131225,0.02081222261326583,0.01977834802008282,0.018744271894273596,0.018683325192846583,0.01803216465282873,0.017730206679632873,0.016657325075452607,0.015782565473996975,0.015458889393015297,0.014405030478105539,0.013361022211365146,0.01315069464520657,0.012094346185160212,0.011317850483364865,0.01076101908621289,0.009920432817474545,0.00968725340491091,0.009361999465559389,0.008620332093571883,0.008219537070216058,0.0070464482387945695,0.006486602693858217,0.005616483725224486,0.005416016321169548,0.004767185376086261,0.0042423198087674745,0.003857625562657873,0.00322828113384203,0.0033475105469450927,0.0028903809954144827,0.002483408394342997,0.0027204417753711393,0.0017892694038153306,0.001833192097311508,0.002082137171665201,0.0016991982829990362,0.0014363818096524287,0.001386434192895448
WATER_SMP_0186,10.71,14.99,DEMO DATA - BIO-OPTICAL SIMULATION,0.03105351535058749,0.030708414765538553,0.031186753447286136,0.03186604751086782,0.0312313449722386,0.031337274698663514,0.03122660860452017,0.031269255335545636,0.030973989707224717,0.03109337588571142,0.030747648009975318,0.03060243073396344,0.029676347401277448,0.029449160898017766,0.028981129052932205,0.028621289081276632,0.027621467792822322,0.027449746815371844,0.02678986017335057,0.025342739174037423,0.024648310608324096,0.023747766251513543,0.023769910845961403,0.02189026469434856,0.021530691656235636,0.019632548479204637,0.01872754123272794,0.017976151971947848,0.01731856868209439,0.017003018662015944,0.01623022444213816,0.01521140702687024,0.014519274375884485,0.013176650711999716,0.011864933990813533,0.010708048226765372,0.009706172859622768,0.008752339303472557,0.007898853550963088,0.0076242764331036885,0.0065373940402344965,0.006007574196275337,0.006108869472993475,0.005830010488349316,0.004912574463195873,0.004697448151983157,0.0038969261062877223,0.0032068140199676774,0.0034594634573751333,0.003142554320136669,0.0027155163615352664
WATER_SMP_0187,8.83,11.59,DEMO DATA - BIO-OPTICAL SIMULATION,0.02865138327055771,0.029179509204570058,0.02872540018943708,0.028879553253588548,0.028856923820174935,0.02918649365920117,0.02878724233299855,0.028809049926367278,0.028648767594744218,0.028571578266637553,0.027933898625577356,0.02807612756937215,0.028032452784704814,0.02724517683257541,0.02715137046256583,0.02651274141570229,0.025710294830402027,0.02480724812340754,0.024046307954663056,0.02347449605615587,0.022289748644702248,0.02096619224846519,0.02077027885999041,0.01934921244856475,0.018444936671928324,0.0177684831741801,0.01680955739405975,0.015616611512523863,0.015490912672758383,0.015233911280660673,0.01398030391631065,0.013785105770847286,0.011773507067169665,0.011663704780604049,0.009818187598607368,0.00907694893926076,0.00769615169748253,0.007561480592020826,0.00702057250227853,0.006342194531371802,0.0056556145675257,0.0050358745912765296,0.005191631336411515,0.0044300458736150974,0.004485298040797904,0.0034994766900184097,0.003191503152832786,0.0032593869315303897,0.002246921538747281,0.00211334973726235,0.0025728679403734253
WATER_SMP_0188,5.71,8.82,DEMO DATA - BIO-OPTICAL SIMULATION,0.023068045592643343,0.02303382150254774,0.024264155688117982,0.023369982522335037,0.023884794874882778,0.02384521425129394,0.022926556644252406,0.023582267034833713,0.023634685006565646,0.023387131215697406,0.02327411211883875,0.022549780658804395,0.022483454188442664,0.021608031401535895,0.020879871202981598,0.020347408014366845,0.019680698415177694,0.019757901582539854,0.01829441364320461,0.01808847865472791,0.017153901530484243,0.016406841883506405,0.016034067394067857,0.014670992921585545,0.014160801932883433,0.013174855974843361,0.012358616226095522,0.012468506633821364,0.01089875155372265,0.011355217738257525,0.01068397628256685,0.009602767964902802,0.009282782216713654,0.007254984463613025,0.006792368268111459,0.005889761627477903,0.005802792902324961,0.00484647958369798,0.004858223874626064,0.004256222015822211,0.003784353511332804,0.0036909540879289985,0.003168487953744149,0.002624032028772327,0.0035177194744100138,0.0022812910612116082,0.0015340829410309584,0.0017388424381851485,0.0014220308954583268,0.0018779605893841133,0.0015702810861494164
WATER_SMP_0189,3.07,8.88,DEMO DATA - BIO-OPTICAL SIMULATION,0.01647017450076893,0.01635996609074782,0.01647815035935407,0.016508520566810424,0.01661662414913499,0.016872840477371066,0.016661486538617078,0.01660382091000052,0.016449555289404203,0.016362414206739832,0.015931853919215005,0.015652559805667335,0.015553292313581945,0.014603074891676183,0.014108795542075267,0.013533268574410631,0.013432375235593215,0.012279711236226794,0.012408099975486605,0.01165134483047659,0.011426050938304894,0.010278418690516178,0.00981187588602418,0.00960679143557638,0.009094493591433397,0.007915867517361322,0.00769535705607964,0.007410155976330305,0.007307077084373882,0.007063153359244186,0.007313996673141462,0.005835880575298182,0.005497338623956077,0.004939290696010514,0.004261253369527116,0.004027033035695806,0.0036047469104307883,0.0028526254532758506,0.0030582543285140665,0.002209014895618154,0.0024783672283180576,0.0025372664976842946,0.0021713666266513143,0.001667869451850708,0.0013811038105425374,0.0008806170827952151,0.001303842770480738,0.0007594653016866418,0.000750301580943699,0.0005351562276196824,0.0006674566929931911
WATER_SMP_0190,1.8,7.33,DEMO DATA - BIO-OPTICAL SIMULATION,0.011384272040144645,0.011546618624461713,0.011334973787256718,0.011862006895474835,0.011477346170842721,0.011271831588504169,0.011511761079821811,0.011934133822853181,0.011310908336370452,0.010930144545348798,0.010372692231471492,0.010520995925947591,0.010378565959835162,0.009880612501374581,0.009156439413168788,0.009033864289942756,0.009336124257897897,0.008922746161610077,0.0078059181167594,0.007844281906447884,0.006855140726339551,0.007196324804795635,0.006419124639444085,0.006209561277929404,0.00500487876392906,0.005351240446033464,0.004852290653544547,0.0049601197528002395,0.0049922702788688395,0.004804770651110408,0.0045190244390761235,0.0045591345689514765,0.0037056778319435376,0.00282644026425777,0.002299645604213787,0.0017747544453449971,0.0018143799162559629,0.0021032839576194187,0.0016581665117150145,0.0012951236616443847,0.001558330965041707,0.0009421592604959583,0.0011067659548412065,0.000920873876542186,0.0011146097228576827,0.0003225243731357179,0.00046342899673631197,0.00015709092375213916,0.0005073996436598895,0.0008914634992379094,0.00032465126252068446
WATER_SMP_0191,4.23,7.66,DEMO DATA - BIO-OPTICAL SIMULATION,0.019723989346742844,0.020283182336364277,0.020453286826189795,0.020180004962645177,0.02044500692179051,0.019905270799815456,0.020583150650419435,0.020705684935648346,0.020056425407806205,0.019059758639569248,0.019247602691998024,0.019273708191587403,0.01858355961362651,0.018658611180559913,0.0179694859601194,0.017049538562000685,0.0166960076217996,0.01580423457622357,0.015370324661602038,0.014584053611361713,0.014407112906690072,0.01397915108409615,0.012196584020447208,0.01132897231213783,0.011118139654113303,0.010042831336598484,0.009880850380318804,0.009592284235688324,0.009482679203666081,0.008835773972242103,0.00834138646256508,0.007183113569142167,0.006963200298714006,0.006129530945906821,0.005572219217268561,0.004594054283942451,0.0042154649170554614,0.0035083427697579373,0.002910301240789913,0.0029410990458996512,0.0025048892180514256,0.002803831261433236,0.0022971325915854047,0.002062261735961512,0.001719479661545318,0.0008545599429896199,0.0021034010089409283,0.0011931162027972813,0.0012262004620806357,0.0007834288855586085,0.0013935632154551448
WATER_SMP_0192,12.0,16.92,DEMO DATA - BIO-OPTICAL SIMULATION,0.03234630870660471,0.03221575079743627,0.03247158227292958,0.03318072575340002,0.03270304108864633,0.032674926637383535,0.03240564459529374,0.03202969547782623,0.03240886471980505,0.03235966478478088,0.03234111369268546,0.031027987126828308,0.030996719489154344,0.03073089850610571,0.030413343582165485,0.02981834160423219,0.02921145118361634,0.02869628997498529,0.027570492313855728,0.02733377491146682,0.026343583181716406,0.0252298947119709,0.02487560722006984,0.023893322586778527,0.022700301522806072,0.02047731371344581,0.02083826865238155,0.019733341611525703,0.01947389798743568,0.01875084611704577,0.018200305272325985,0.016969814521309995,0.01576676133463908,0.014525702798608188,0.012689991343343289,0.01105782728513415,0.010505109916323974,0.009881428238861581,0.009016007289346173,0.007897129729906888,0.007104236896320842,0.00673748916245535,0.006611344939229361,0.0062940220356387305,0.005586025652451627,0.0051579604053489155,0.004382846690114688,0.003485540208874518,0.0035053573122438638,0.0032286862991471378,0.0028501852882835185
WATER_SMP_0193,7.18,8.58,DEMO DATA - BIO-OPTICAL SIMULATION,0.026229241581921928,0.02651119973310143,0.026763980523651913,0.026513822702701268,0.026071786809073353,0.026496888908071628,0.026603760196717795,0.026853545707117142,0.02615698131479912,0.026264049937853202,0.025920857005011493,0.025509907345193095,0.02537757719852771,0.02444073595800683,0.02394678671153018,0.023537627953287368,0.022715084958491616,0.02237297237395239,0.021271828331926486,0.02077571857600512,0.01986237751362591,0.019110380287880962,0.01803703193089277,0.01718454897834324,0.016415102193191984,0.015547540416246506,0.014625590219672815,0.014394086270607084,0.013004883628518133,0.012785974733070677,0.011735017638675837,0.011489995868813234,0.0100243346996655,0.009227346569572517,0.008265113245239732,0.007679573279003334,0.006766050303672751,0.006164289231191732,0.00623422872113568,0.005389413140151159,0.004672889549712472,0.00433788835044065,0.004511811386900204,0.003584144004971233,0.003114039873570603,0.00280927711490563,0.002569994626078421,0.002300546985303145,0.0018616214645741118,0.0016956410527857965,0.0015906391417776723
WATER_SMP_0194,2.23,8.02,DEMO DATA - BIO-OPTICAL SIMULATION,0.013411984262347675,0.013212058761203368,0.013331549309867755,0.013813887796633227,0.013829166788418671,0.013329493557942624,0.013161393755363772,0.012988756081331015,0.01331267314051901,0.01285856335690104,0.012577318446028713,0.012181165637247145,0.011886422881480204,0.011867610654008732,0.010996360882381933,0.011277589415629001,0.010380047274576084,0.010033975765526927,0.009199004138388452,0.009105309761300964,0.008512260922452905,0.00809527450595149,0.008053963136835655,0.007175507373045302,0.006408595409502969,0.005992260434479878,0.0060238790819044956,0.006027189894973944,0.005691369631170656,0.005844522045116541,0.0056932674485499525,0.005504725831359474,0.003821594367970275,0.003897284861375267,0.0034136205610979364,0.0023044766628343314,0.0021444311243328535,0.001920145866485059,0.0017531103302669837,0.001643471057931897,0.0016932539840061062,0.0017273560395139826,0.0016527903902972057,0.000950311794601246,0.0008330443255583771,0.001376593570330406,0.00108097329061808,0.0008257955242278988,0.000865033412409172,0.0006435807622488525,0.0007461165176429286
WATER_SMP_0195,6.95,11.75,DEMO DATA - BIO-OPTICAL SIMULATION,0.02571298185505174,0.026059853711979213,0.02565487081546016,0.025990418934520462,0.026038832054491,0.02612794856507381,0.025910654756241498,0.0259240056053677,0.025469736781662113,0.02587100224716821,0.02540458946791458,0.024580195620997676,0.02444267406608363,0.02433462964000553,0.023551428059262348,0.022927931249168566,0.022482004772782664,0.021923077525363224,0.02065734141571022,0.020479320765505998,0.019263841664672907,0.018658188673459402,0.017789308332300833,0.016761531582715743,0.015721961208141563,0.015056582732585883,0.014797979799059424,0.013226427812349381,0.013685172003637263,0.012746167809378112,0.012332268519653978,0.011168644484451063,0.010164352497107225,0.00909227042884144,0.007917913717554653,0.00735262102434629,0.0066246435179498474,0.006721038893535186,0.005288502297804084,0.0051820132232325185,0.004774616550671369,0.003962366395315317,0.0041051793841388315,0.0034260545758904395,0.0024732352812521547,0.0031214813780186326,0.002316393155636863,0.002088694652645493,0.002382828843747423,0.0018659603657888463,0.002057725260326293
WATER_SMP_0196,8.23,10.97,DEMO DATA - BIO-OPTICAL SIMULATION,0.0282399170613795,0.027850353049550997,0.02841215067278015,0.02803792809975109,0.028981678045941144,0.0281046286634,0.028571651193375833,0.028415929881666184,0.028101610562937945,0.027592313530744317,0.02747551759320863,0.02654162730778867,0.02686019616961259,0.026441049413136058,0.025858076692429524,0.024347677246413693,0.024223433487912234,0.023686843428874785,0.023255327377179832,0.022464138208064578,0.021494012083303888,0.02086757883738286,0.01947166697506406,0.019042079618387074,0.018063400137479795,0.017090112358098215,0.01601662010226395,0.015847179913504216,0.014867039896808786,0.013948164640600103,0.01370747604056749,0.012970531311370706,0.011441901147389934,0.010772011921772021,0.009512676412218417,0.007823941947116842,0.00788113892790907,0.007017901629089497,0.006703544622086982,0.006271254396226912,0.005531374887168231,0.005494713457238489,0.004499754550872302,0.004333289532950692,0.004012271342073595,0.0033971415084663183,0.003344259215265961,0.0026433443822322525,0.0024310729589150275,0.0019233606253509184,0.0021702137655412275
WATER_SMP_0197,2.98,8.04,DEMO DATA - BIO-OPTICAL SIMULATION,0.016140405605064193,0.01651450972136791,0.016486963888356927,0.016220373220621483,0.01597234179490907,0.016436188433175545,0.01657776423713846,0.016364528482429475,0.016310089456702925,0.015720040804111716,0.015394047759544182,0.015015224960116367,0.014874738947663236,0.01447806952887197,0.014131538225103851,0.013560004185400586,0.013053669251803337,0.012326353403356959,0.012283483040459144,0.011447310107889384,0.010782921730807683,0.010015264852831454,0.009243168783566258,0.009443111469257484,0.008637333167312668,0.007433790391354766,0.0076752739250715825,0.007396278773294071,0.00700698108330473,0.007368190059888055,0.006728866036739033,0.005728030313645924,0.0055234746086450385,0.004714937157972763,0.003816534071732041,0.0036898847514857495,0.0026551649871500538,0.0031546538525234922,0.002331281917249321,0.0020606135445861455,0.0021037452845181575,0.00206825672086716,0.0018053483931016732,0.0013672540224695222,0.0012869667002066286,0.000961321692252502,0.0011088662178478964,0.0013853648364670354,0.0009587421990520506,0.0011246690367902933,0.0012191010098518522
WATER_SMP_0198,6.84,7.97,DEMO DATA - BIO-OPTICAL SIMULATION,0.025447588189990863,0.025733141179250324,0.02656903379742206,0.026439454768749784,0.0255493707272076,0.02616531945504323,0.025997427406677386,0.026140385557536786,0.02550867413057564,0.02526235135918335,0.02503412941412648,0.02472761109875016,0.02474507272956823,0.023686701898762142,0.023335214047001392,0.022408468585166378,0.02261547313203506,0.022011417671469004,0.02080180343673732,0.0200386048520608,0.019456133587906054,0.018925207984661952,0.01774543215138543,0.01653762403626484,0.015375956808457873,0.014644439273486548,0.014158106494591722,0.013208268783790571,0.01288827226029253,0.012168441618511933,0.01142641689561743,0.010583281266305205,0.010419279938696794,0.009207374029016963,0.00856053335365322,0.0074504995973004055,0.006519771805665589,0.00647772285919015,0.005550893039356392,0.005146109797790314,0.00462168841036741,0.003338946716961472,0.0043250699301927336,0.003642017829146109,0.0032733955817241807,0.00286251679000243,0.002661757564140466,0.0021885439908554236,0.0023293088312100058,0.00154877638219055,0.0018116905164140542
WATER_SMP_0199,6.34,11.92,DEMO DATA - BIO-OPTICAL SIMULATION,0.02486103130922135,0.024796288307744184,0.025094144289603618,0.024772543034209997,0.024823813202710883,0.02518139020303772,0.02526078971127418,0.02438876182895304,0.024946430500863714,0.024407963359188007,0.024235087567730036,0.023553001119311863,0.02330092446811585,0.023387893683844262,0.02259094363656162,0.021892810525392128,0.021345809812627167,0.02085106405360877,0.020115113368901472,0.01919965971923728,0.01875583471786502,0.017897965155570725,0.0168896401086085,0.01592744829212064,0.015247081516087908,0.014291875126130024,0.013726039819850766,0.013054013467995767,0.012080999541344771,0.011767598390536612,0.011430644340925705,0.011140407157691143,0.009296657007359268,0.0087541434547632,0.0077577209564547315,0.007213299830432172,0.006285845842454955,0.005284369558153823,0.004907624034818158,0.004387798272042501,0.00416236229058574,0.003882528519868481,0.0032320255298495804,0.003696010865370443,0.0025575313957400944,0.0030846442853846535,0.0027857157726351362,0.0024709690090548788,0.0017849752024869437,0.0019062093003363795,0.0012478770588070097
WATER_SMP_0200,2.42,6.57,DEMO DATA - BIO-OPTICAL SIMULATION,0.014267712586147901,0.014071738667202363,0.014044709370858388,0.013844497017504436,0.013479690186401097,0.013886847887844254,0.014469171299712534,0.0139106261683073,0.01383437135649977,0.013892054256884067,0.014003531174625234,0.013582484434900453,0.012574448769864998,0.011924683109039127,0.012819697718289945,0.012363564075181077,0.011281415436696767,0.010361469898752595,0.010530161563417543,0.00969352366852483,0.009168236277695802,0.008943392094290169,0.008250039909832519,0.00727548637267651,0.007029004332028765,0.0068494584222937175,0.006397278403707581,0.00604394153078549,0.006116418239240334,0.005656099512936567,0.005623042490093482,0.0041185362233855,0.004366158739112657,0.0040756306810991435,0.003186716653601986,0.002761653983463843,0.0022863399671342625,0.002651551952719136,0.0022966971118763306,0.002181863146383902,0.0012357154251576219,0.0015405201089439171,0.00135425156480964,0.0012171978478459774,0.0009920502038208421,0.0009599222417821684,0.001216004648502791,0.00029419047813641604,0.0013169187794155753,0.0008525478475431585,0.0006256295037882342
WATER_SMP_0201,8.05,10.4,DEMO DATA - BIO-OPTICAL SIMULATION,0.027882390459483722,0.027341718983943296,0.02770813743863589,0.027961503276270342,0.02845447697402271,0.028031342056998122,0.028131217638230413,0.02771778313336367,0.02788407949335857,0.02802717532569308,0.027549337647638086,0.026892195034032756,0.02672365051049901,0.026236840029608396,0.025696865737701823,0.025299798297315435,0.02466101941495696,0.023600104588311344,0.02308831918485346,0.021991881655173597,0.020999862579370403,0.02033084472216809,0.019495134315299836,0.018103692533468815,0.017927996171796017,0.01590247709290355,0.01664808522316747,0.015513022543972696,0.014399784643455338,0.01399140260519422,0.01347068585848448,0.01232453280084327,0.011453925033879648,0.010205497258652411,0.009195915671698274,0.008424265042484955,0.007253032994298823,0.007017975847330095,0.006467423509790032,0.005911740217181636,0.005301846509402186,0.00523850979332339,0.004357085489502462,0.004131200856802437,0.004084022208640693,0.003333006959749499,0.0031114239615448584,0.002734839003687482,0.0028761954681131175,0.002191665506072578,0.0024390297754829995
WATER_SMP_0202,9.47,14.68,DEMO DATA - BIO-OPTICAL SIMULATION,0.02952912957450582,0.029468420793000917,0.030059887106231323,0.029855120472918474,0.03018063833368262,0.029178101422898395,0.029952421010956087,0.02971558396010607,0.02938311677120498,0.02932837452300124,0.029056030069665558,0.028887392536352065,0.028103875406837953,0.028159217948860036,0.02796241352997631,0.02706367105378174,0.0265890082055608,0.025983930583594033,0.02528117721279277,0.024675273986785557,0.02312251833776579,0.022174264061329666,0.021707833128102046,0.020739374720511787,0.019788815620407345,0.019137409177982654,0.017626706809965982,0.016961539856091747,0.01599014036502418,0.016496667026444967,0.01516733553960786,0.014230759183005048,0.01296647195364959,0.011549467485536693,0.010337849749760925,0.009421521408885629,0.008352029205940319,0.007806078570128312,0.00796599213956861,0.006987531501355309,0.006471908814340612,0.006014706411137304,0.005717886662547442,0.004179456344431522,0.003920560894758289,0.003660609247951715,0.0034046449927854798,0.0031289150144388584,0.0027862477845500178,0.002713200434438701,0.00240900355121254
WATER_SMP_0203,14.39,15.1,DEMO DATA - BIO-OPTICAL SIMULATION,0.03407618024413223,0.03379339165288174,0.03426812223673553,0.03448554530031914,0.03462240758128666,0.0343631734524265,0.03451713729870308,0.03424159621812164,0.034411348788362855,0.033944612618735756,0.03377622898776997,0.03334741233504557,0.03334591438626654,0.032725179480836,0.03279024632467125,0.032112208511170366,0.03138061266802074,0.030512643369821832,0.03015658126722987,0.02948213029614834,0.02849469932494427,0.02805776007706018,0.0267910144759021,0.02595886710684751,0.024712013982060604,0.023819333571551003,0.022319519508446177,0.021470714300453782,0.020961667087642574,0.02031896323931046,0.019600231035867992,0.01870899177741662,0.016615459152373474,0.015337137890637204,0.014390072672024096,0.01296461632699265,0.013192908983347958,0.011419000361413087,0.010383612941669727,0.009443377479802924,0.0086908439340468,0.008126512376524543,0.0074790309869225005,0.006681068578296725,0.006152349186458833,0.006095948807184689,0.005606860712062822,0.004804579601367097,0.0039006728712198424,0.004073231205119729,0.004019032729796032
WATER_SMP_0204,14.06,13.43,DEMO DATA - BIO-OPTICAL SIMULATION,0.03445374425900057,0.03441723771352538,0.03474439531565004,0.03441856987340323,0.03463743786137702,0.034250209419203544,0.03450394902226322,0.0347307732896072,0.034022014183292704,0.033756170645087916,0.03380612413984011,0.03341552251574752,0.03332738162685654,0.032586663743095316,0.03276786990686294,0.03133409426023569,0.031504554977984045,0.030245631971052466,0.02922328370526405,0.02906264148141772,0.02808895743798716,0.026954821282044537,0.025858047099806,0.025390868564724934,0.024674298779650165,0.023505356446905223,0.022292161120116116,0.021461109011391137,0.02053098822681213,0.01943223959358077,0.01864179313644734,0.01794271851275815,0.01665181446984096,0.015585736453963805,0.014288005025332454,0.013129754257705881,0.011879241965211246,0.010646966924427594,0.01033935353538901,0.009575583712352917,0.00794958933076841,0.0077094718435177095,0.007091197639873514,0.006717091612116688,0.005866824062960164,0.005564343536890828,0.0050205745324566654,0.0045820572784565266,0.003997063081726002,0.0036365019883593383,0.003152265559602559
WATER_SMP_0205,2.01,3.49,DEMO DATA - BIO-OPTICAL SIMULATION,0.012418527848822629,0.012557931590724577,0.012214510794059249,0.012934642790356655,0.012387341958564498,0.012911704979388481,0.012196099982782446,0.011679983131979509,0.01226948345263916,0.01204506082118695,0.011763156845204705,0.011303796933817837,0.011192405779957289,0.010720558237823872,0.010422128721878287,0.010375500474314655,0.00976381707689473,0.009456939358519878,0.008754419310242173,0.008260899585257336,0.007551320684220116,0.007319215595688255,0.005970166953564363,0.006333414573283185,0.006042810473354035,0.005816364075135739,0.005191901237482567,0.0050802339781557205,0.004115305730532533,0.00458425098888186,0.0038683404861557767,0.003653075239578256,0.0035050267146461145,0.003485927696863979,0.002826961628158873,0.002418205430828392,0.002165247857916768,0.001751495114643994,0.001619130544548625,0.0017440384594738765,0.0010483305238298078,0.0015033564805745415,0.0010827563576419185,0.001332250891916591,0.001268681677314825,0.0003838295055991754,0.000625500908427445,0.00046559742646546754,0.00010807150869662958,0.0002784626972785718,0.0012630259084749258
WATER_SMP_0206,2.86,8.5,DEMO DATA - BIO-OPTICAL SIMULATION,0.015783985360382762,0.016290498793418623,0.01604983532172192,0.01563229544717531,0.015758533886627967,0.016029080621455926,0.015921704685202504,0.015511175593383754,0.01507948208357194,0.016319885076764944,0.015044789953689124,0.014695814914894918,0.01448792404729977,0.013997494302841003,0.01368237633687402,0.013569379722457992,0.012650495882884605,0.011815351149552292,0.01156906055191017,0.010914329303585938,0.01090535207196909,0.010248171577034604,0.009347420251959867,0.008355183339627552,0.0078076608944887575,0.0076481222412733444,0.007292366749199657,0.006782894670970948,0.006640601224412173,0.00656633181631015,0.006540882565430112,0.00533097903858678,0.004968748279480295,0.0043268472972283695,0.004227426459696317,0.003143663968591237,0.003087139670817901,0.002812391838892024,0.0028805417961515274,0.002640312369008214,0.0020344378365618867,0.0017172310299390153,0.0014856374410343346,0.0014528756872431616,0.0012497097560519096,0.0014139240180893284,0.001253966173584247,0.001196564091580156,0.0012981272309395275,0.0013898074713543573,0.0007874177598344956
WATER_SMP_0207,9.13,9.75,DEMO DATA - BIO-OPTICAL SIMULATION,0.029454176621651715,0.029185315942632135,0.0297764196564022,0.029829915563076854,0.029861822043322214,0.02958955080938689,0.029314061001656032,0.028997807503939863,0.029251464993173264,0.02951402062575457,0.028693088841515665,0.02869315832565883,0.028320899144398105,0.027530655856951088,0.027496761781843945,0.02565422410317026,0.02552542928083116,0.024925886273179237,0.024209131166403292,0.023760627421590668,0.02290656764805334,0.02205825136356758,0.021206199394355814,0.019802587384323923,0.018760536630584627,0.01827102136851477,0.01701535908046818,0.01589490398405699,0.01598658075293668,0.0155314558730048,0.014894828929302054,0.013559579373362874,0.012565407429381547,0.011625535263135905,0.009970439165405576,0.009599526742676836,0.008574671644272298,0.008070432597071256,0.007209902220176482,0.0069447173247542794,0.006065597603626078,0.005035458145518094,0.005436322844532752,0.004272966023465555,0.004524262290306656,0.0037451758950567187,0.003779824137853549,0.0034511527307866086,0.0029504658359809717,0.002709789024579464,0.0024430874388796375
WATER_SMP_0208,9.13,15.81,DEMO DATA - BIO-OPTICAL SIMULATION,0.02850825383643333,0.029314386596242907,0.0290741782168258,0.02955090048710697,0.02920449167507775,0.029193910172939767,0.029984095756377612,0.02972502024025043,0.029250218412788666,0.02909749004279895,0.02869956116124459,0.028616423084822307,0.02785268065009199,0.027901610443952927,0.027013605623766156,0.026388495384050806,0.025886360565395627,0.025010805180475108,0.024541225079478143,0.02348614095173606,0.022947770655976838,0.02229260161268942,0.02079940365134054,0.020035977619575845,0.019250124509185833,0.018005346871251375,0.017345194465748368,0.016616454896453036,0.016279522244465775,0.015406428364155457,0.014762307053579218,0.014018887328073874,0.012550146016834757,0.011655263087028469,0.009934235331189685,0.010003704797284076,0.008886015975608685,0.00779609624073786,0.007408597046506201,0.006059171258499433,0.006750292174958492,0.005298720065561308,0.004960105959899465,0.003996313217075866,0.004290435674846935,0.0034368657865817536,0.003454332549048592,0.002944528997487925,0.002495443253493637,0.002313498642547008,0.002381830833198485
WATER_SMP_0209,9.13,8.14,DEMO DATA - BIO-OPTICAL SIMULATION,0.028740008844384334,0.029066289044982273,0.029620018060442756,0.0302923252467258,0.029702692409509485,0.029286269987812506,0.029404553011610574,0.029425761817145558,0.029158768098008086,0.029325154163257074,0.02885140469392687,0.028730096938468525,0.027973502023512207,0.02801353378913015,0.027052035186300467,0.02623558835729855,0.02654557381837,0.024653206168421937,0.02423354757308139,0.02347176342734775,0.023572170803214793,0.022482233784923956,0.021475686150498535,0.019988673736839158,0.019854625018314222,0.018263952278867606,0.01749437992665943,0.016394822499411314,0.01560798032234378,0.014906487283846425,0.014195246149237506,0.01351958541273445,0.012361302015401266,0.011130659044580889,0.010581897929268098,0.00836448078062699,0.008641864465999217,0.008011028506461584,0.007498113528750218,0.006536421398663215,0.006060967483846266,0.005776484682028367,0.005448139418699318,0.004467105542345387,0.004228475306482627,0.00427585555458587,0.0027898443947183714,0.0029037473147954123,0.0032612001567011257,0.002885013860096053,0.002473054340655874
WATER_SMP_0210,50.0,48.39,DEMO DATA - BIO-OPTICAL SIMULATION,0.044000318298771074,0.04394713422576598,0.044094537542879446,0.0447790691423804,0.044150465842537685,0.044374265148142765,0.044101919586481964,0.044543156900842686,0.04406773641868746,0.04411436758220368,0.043526593583254065,0.04340752347901893,0.04372390166493223,0.043122324395703474,0.043915839302909404,0.042394342766432544,0.042463081845703306,0.04235808463127704,0.04185082023148304,0.04119151006405723,0.040750703871487395,0.04020705780783116,0.0398328370433501,0.03986153985397601,0.03857891879607108,0.038075052449355794,0.03693381589314333,0.03623824005565712,0.034440644379525154,0.034745241022965535,0.034651596155332656,0.033152108778435524,0.032565068271070835,0.031007538522225625,0.028945734024004032,0.027548486142459895,0.02608711178386007,0.024930827898654508,0.023488735627175836,0.02272976179446436,0.020914077218360326,0.020295217156583487,0.01908576303740063,0.017208496014654923,0.01701326568843283,0.015580808744836087,0.014571248658265038,0.01308305656233765,0.012509110284216016,0.011721438347346458,0.010465680792501906
WATER_SMP_0211,9.55,13.06,DEMO DATA - BIO-OPTICAL SIMULATION,0.030256727789560442,0.029835312330462292,0.030294067734058808,0.030130147819370793,0.03026589139212251,0.029591355783238557,0.03015816360817075,0.029729189294897148,0.0295446924762671,0.030114466268505877,0.029261331237151838,0.028698601540665815,0.028504652923930503,0.027773045992229406,0.02808207029277164,0.0268705084105258,0.026605305298555756,0.02616286344208852,0.024860764000439066,0.024374334173119454,0.02306343303551145,0.02322314142334029,0.021852449941765446,0.0205667893435472,0.019420936131017804,0.018631689405979635,0.01760954767185098,0.01748305321774939,0.0159301672175336,0.015849384891810394,0.015174672463815275,0.014199314740192029,0.012984599371903265,0.011702604411038193,0.010850130796039737,0.009811344691812654,0.008942478492451507,0.007185366327757423,0.007522048914984144,0.006317495317683841,0.006431971922043463,0.006144549033938426,0.004927302698631911,0.00466691311377979,0.004141488558644462,0.0043015017048794926,0.0036007651103147874,0.0037619923439670107,0.0030667533655086903,0.002740464926672864,0.0024373860692988277
WATER_SMP_0212,15.01,16.81,DEMO DATA - BIO-OPTICAL SIMULATION,0.03498244153971038,0.034366751293789986,0.03503202618719569,0.03506870093593313,0.035353093415373134,0.0350848741722936,0.03479272825792933,0.03502464657518839,0.034568117223795415,0.03413591851128302,0.03469982606799059,0.03436907912247022,0.0339926619688521,0.033842388222886224,0.03279142151085277,0.03204053398079522,0.03186688435549239,0.03114090845829104,0.030289779689533173,0.029757386871655897,0.02878057726206244,0.027542877255752312,0.02704151307941696,0.02586675301683421,0.025263887621518714,0.02393793889250258,0.02340398170043116,0.02260298613919291,0.021592743700357735,0.020311174698006453,0.020476935500330085,0.01942083398084231,0.017585033557156998,0.016518251234524273,0.014605832041797637,0.013039640534243231,0.012343953673130213,0.012153859457637287,0.010309921950210677,0.009927578972557851,0.009154566466129657,0.008253025122015954,0.007582289507996664,0.007090707533483842,0.006298339717049427,0.00548125963969327,0.005454597621783968,0.005233810869484769,0.0047319184617753045,0.0038228398093139533,0.003318458488196147
WATER_SMP_0213,12.98,14.29,DEMO DATA - BIO-OPTICAL SIMULATION,0.03308876003754313,0.033801850523938096,0.03364857252049402,0.033752688222129214,0.03385560913238476,0.03371989589217793,0.03359004603949456,0.03366529558554532,0.03316546467115792,0.03271519785198827,0.03311187231054686,0.032964870039502756,0.03189800644677082,0.0320599066272328,0.03183635451238471,0.03078871798314845,0.02993985836421288,0.029557427085110857,0.028631543047803968,0.027831084400594282,0.027311777996187503,0.02581663822850737,0.024935254479385258,0.024403800325984954,0.023381301302339546,0.022445614423400106,0.021865703063491476,0.02040966266885684,0.019833661260894638,0.018747342449064824,0.01852771587287275,0.017096627850129043,0.015969391369594473,0.014537154505158852,0.013613146036620158,0.011817096826738604,0.010571150522053666,0.010326222252975263,0.00972345840820331,0.008869211797698085,0.008479246468203331,0.007571596087814742,0.006646103150827199,0.005535571975670858,0.005621677603459308,0.005501067371490107,0.004613212053281625,0.004313870175817993,0.004040704574473016,0.003250934899090467,0.003413944744306696
WATER_SMP_0214,10.19,13.95,DEMO DATA - BIO-OPTICAL SIMULATION,0.030906724973744144,0.030528584661711395,0.030370655396094976,0.030779416239309295,0.030180163930056722,0.030951716626901122,0.0309416705512771,0.031213398896720493,0.030503964955494522,0.030480473052586863,0.02983746690422453,0.029667218702263014,0.02893388858856884,0.028888455859630333,0.028348637894656848,0.02796162232165355,0.027055845756449873,0.026580342578050614,0.025711828898617756,0.02491655117424567,0.024196294767925428,0.023297683338204197,0.02259007147710802,0.02136998754781954,0.020317541017633268,0.01936515637607752,0.018230870128026707,0.0175047713624348,0.017611785720179338,0.016233454250413667,0.015783861633570248,0.014782689199891215,0.013572434670520514,0.012225879170558222,0.01121870024892578,0.009625357375585532,0.009604590204363604,0.008731080290680666,0.007475329733687796,0.006520830521345704,0.006304598575506302,0.005962431684719174,0.006286896948707581,0.005191955579227256,0.004039787611356684,0.003963348080521607,0.003775635725728613,0.003520261660210728,0.002731504641942973,0.0027944498434951154,0.00235398800498631
WATER_SMP_0215,4.7,8.69,DEMO DATA - BIO-OPTICAL SIMULATION,0.020769754194620633,0.021329551722331752,0.021600192717791428,0.021698492410332483,0.02165480903760842,0.02132433092152642,0.021630542675007088,0.021400331667068555,0.021185704143918908,0.02074460160422899,0.02050516757635335,0.020345625305863334,0.02066813068987891,0.01958395559385862,0.018814455308358402,0.01820213429235757,0.017712023252989758,0.017878752051641907,0.016435448959444137,0.016126513191272448,0.015016797942016066,0.01446554858258366,0.013871517807882804,0.012705056193677653,0.011930170850311088,0.011884945331385057,0.011011032260533179,0.01042331409695241,0.010074897774828031,0.009710831266217817,0.009783600663199792,0.008524300146763766,0.00779581460586449,0.006266042368404478,0.0056605648951919005,0.004921793677479244,0.005161956620204757,0.0035839129886020985,0.0038423408405307566,0.0027105775742698054,0.003033364208562291,0.0028359656612533236,0.003124025000433171,0.002576091627657208,0.00197735399672713,0.002337390561311415,0.0018318730682606505,0.0016638969654740852,0.0011337434135504725,0.0010539800601119071,0.0009731998721486952
WATER_SMP_0216,11.1,16.09,DEMO DATA - BIO-OPTICAL SIMULATION,0.03142922690645184,0.0316014382264524,0.03216871492574459,0.031910147921773116,0.031030336234400536,0.03192532462137148,0.0313685727820803,0.031421201200904116,0.031322499747293495,0.031167601266205474,0.030697591829941282,0.03085588944826872,0.029995958623819687,0.03008913023381333,0.03015419603126549,0.028523399699493072,0.028214856230268086,0.026861592265799327,0.026789498559250193,0.026279600687466462,0.025459782494224245,0.024378123645765488,0.023692836685212767,0.02322569306902255,0.02197840867486802,0.020284962381166456,0.01900912629600678,0.018476998370830996,0.017713402321969413,0.017658882779595268,0.016535299269385167,0.015870369043805246,0.014828663620530293,0.013147281556802087,0.01162942242385369,0.011209101325471319,0.009399095905395971,0.009069185558720076,0.008421203013320746,0.007752451768162891,0.007159832234565713,0.006689540396518934,0.005938121583616091,0.005320928687246774,0.0048303549699708626,0.004327376493237613,0.00434030854635752,0.003536337123783043,0.003641596233188899,0.0030795340796845767,0.0026307353914747037
WATER_SMP_0217,3.26,7.84,DEMO DATA - BIO-OPTICAL SIMULATION,0.017160557841135134,0.016882104668016044,0.01738685477610622,0.01732029169681428,0.017101108337764626,0.017421284489659888,0.017365558336459065,0.01744140446810764,0.01722825588809451,0.016880400574766242,0.01613905734070464,0.01690609539697589,0.01539549140721388,0.015699159326780624,0.015097056751090375,0.01412777207844079,0.01391843397580192,0.013376129862054621,0.013209245114682164,0.01200098457545678,0.011519386168494072,0.010271736088909751,0.010865084928665215,0.009399052069283383,0.009204688160757774,0.008490302601512189,0.007977025141842417,0.007877697449936952,0.007937084552624549,0.007382070847989564,0.007239063810577259,0.006604915861968709,0.0060574835959780835,0.004828778716845998,0.0046308654348729845,0.004141927206824096,0.003749252695695735,0.0029064978041012145,0.002770343372283435,0.002634502745327194,0.0019150583764936879,0.0025884860241926193,0.0019086726057936936,0.001817197673216325,0.001394614777961348,0.0010201474132423179,0.001101116364994867,0.001224706664569933,0.0012490511226106473,0.0009941131258396512,0.0009577087436173314
WATER_SMP_0218,5.01,9.31,DEMO DATA - BIO-OPTICAL SIMULATION,0.02174305749564242,0.022147161705092056,0.02256229580800406,0.022409328636914094,0.022478868523410654,0.022316567050561363,0.021720851721567458,0.021750097338145553,0.022037538025376883,0.02167939127946443,0.021539000601808075,0.021576587112335354,0.020900560935186142,0.0206130631759665,0.019761962482982877,0.018937911507051784,0.018561302280570742,0.01769241312460405,0.01771834236745639,0.01677268050695559,0.015950440376011555,0.015404434340099596,0.013654407018160961,0.013657763633949372,0.012310532211391877,0.011941272680287829,0.011153654545753035,0.01089692167077623,0.010409352368506474,0.010473116219679307,0.009482201949919247,0.009181778087120682,0.008089610600941374,0.0065851572439244305,0.005967509461218458,0.005540321165690603,0.005390804973895966,0.004743698648014824,0.003847129980939154,0.003781756184797687,0.004085305389318342,0.0031970799040739618,0.0027752483942110624,0.0027550618780484023,0.0025933962723043305,0.002005518948493509,0.002090736820861228,0.0016570042690898924,0.0018038629537355758,0.0014867020069696964,0.0014421767863602374
WATER_SMP_0219,4.1,7.56,DEMO DATA - BIO-OPTICAL SIMULATION,0.019292697526036066,0.01941649806117248,0.020055884045076224,0.01982089625661271,0.019962202575704927,0.019772841474181048,0.020075438770406823,0.019514828969802923,0.019495921628588653,0.019558282674232437,0.019405762246722302,0.018573446787622235,0.018941135562248086,0.018017320581662815,0.01713044650485919,0.017027148275368685,0.016231868817754586,0.01586939408990471,0.015086260393979773,0.014454839341192974,0.013472300608887648,0.013342246910707348,0.011990528291279001,0.01129597745841693,0.011036504855515437,0.010726480935568472,0.009521626598207393,0.009350999885821958,0.009140805673280156,0.008814253746545542,0.00811084524526638,0.007265961131922122,0.0061229335377856004,0.00587284285434968,0.005590538542926997,0.004337737125440238,0.004435099680863059,0.0035555647758625155,0.0035275133885000285,0.003392521912535145,0.002692632801973154,0.002675856368287659,0.0022567963554977724,0.002370365954995112,0.002026328866010378,0.0017875838774258853,0.002069644080811331,0.0016476350081628722,0.001102694144771645,0.0011577782079373778,0.001046289670957524
WATER_SMP_0220,6.46,10.05,DEMO DATA - BIO-OPTICAL SIMULATION,0.024947286005623768,0.0258443718377708,0.025325703268082585,0.024691121148256733,0.025183019351483354,0.02476328408218991,0.025191206298810005,0.02458822475610306,0.024761783985081963,0.02434833180699398,0.024641909830451666,0.02418874308654362,0.02388085547717706,0.023299867789502184,0.022395321263566793,0.022393241078843017,0.02218758005367533,0.021055374176179503,0.02008113033910993,0.019016752124373072,0.018374983002993298,0.017958010234101818,0.017298008042835777,0.016194331146150296,0.015488781764732566,0.01460054571725511,0.013732308309520285,0.012716327836818904,0.012493567306443538,0.01180756028280316,0.011558250800058923,0.010859039992712352,0.010234567351003794,0.008268416880305563,0.00786676713491866,0.007404124245482377,0.00655846655049665,0.006032118194925977,0.005460161769383147,0.005213573961501793,0.004072693313467551,0.0035906913404917104,0.0036430874843167466,0.0026644317646106006,0.003377287997338256,0.003095377762397195,0.0023442307808350113,0.0021303673516176232,0.002007887503871083,0.0018522302761257395,0.0016993330179190225
WATER_SMP_0221,38.54,36.45,DEMO DATA - BIO-OPTICAL SIMULATION,0.04282119901306731,0.04269442261970853,0.043101712417858505,0.04300400370197566,0.04271729340807826,0.043305464435105356,0.04247797613881323,0.0428117860780445,0.043055331437045506,0.04244426088998074,0.042618242535664236,0.042518893859345604,0.041892536065746604,0.041885917104843906,0.04157766115592325,0.04113380938355358,0.0416200951864175,0.04028427788841486,0.040349554065393575,0.03941437729348653,0.03863787332931005,0.038372321245793255,0.03785816671573075,0.03720158640470935,0.036580591636791275,0.03607871640278896,0.03426937124908567,0.03306083443630804,0.032695175876641516,0.0319354469690492,0.03161178506587898,0.029911325483308722,0.02963659385530323,0.027640793030605442,0.02535899853496706,0.02424254489376387,0.02338776518750705,0.02223629374180036,0.0202682306958557,0.019649766053220285,0.017659890150516565,0.017053130770307595,0.01628234483174246,0.014689793397968954,0.013351428355687105,0.012840615093542044,0.01165604562932196,0.011116231401403498,0.009801880498429257,0.009026384042534422,0.007892941367796384
WATER_SMP_0222,1.36,2.67,DEMO DATA - BIO-OPTICAL SIMULATION,0.009358747053369481,0.009305794536496012,0.009026865041910796,0.009450989389381007,0.009687934580197607,0.009277208653904256,0.009357450143351636,0.009265550343694605,0.008699135422830668,0.009524064815026876,0.00858234726792245,0.00870754445082476,0.008500569724610267,0.00796103637383731,0.007894679312357433,0.007475822198903436,0.006649407928987002,0.006634568356546281,0.006200830935338382,0.005891082657679864,0.005281825808728218,0.00565631346393448,0.00544953408695249,0.004921249556797325,0.004680329743512816,0.0038876924335832417,0.0035303420927412566,0.0032808011480242303,0.0035712107438554894,0.0033385903920847186,0.003089204231465244,0.0032399941200124548,0.0026339671825186942,0.0019193964726844904,0.0016814252361528664,0.0018713919352547426,0.0018077954051258576,0.0015166142303661354,0.0017924170769332134,0.0015981721920878236,0.001134715273964179,0.0006550493371093099,0.0004265676927000663,0.000624303292587674,0.0008947824079404428,0.0011518340570120112,0.0006702324981426553,0.000842367803583523,0.0003700030705015585,0.0005868988512112236,0.0006077503553339721
WATER_SMP_0223,10.48,10.68,DEMO DATA - BIO-OPTICAL SIMULATION,0.030147770222658975,0.03078186210135693,0.03131931125343573,0.03120652242645739,0.03081330349296689,0.030446646834654534,0.031021840298323375,0.031015671024751196,0.030624585699463327,0.03072991209613093,0.03057856535237745,0.03030812448072477,0.029019599426217832,0.02888980950704191,0.028688340721993926,0.02838522416918138,0.02773341735615459,0.027042304353238063,0.026043436410921605,0.025264937192850532,0.02430077724836687,0.0238620682370994,0.02242969193006382,0.02200250201698857,0.020823095400703727,0.01973999512179192,0.0185669577180634,0.017473501637960215,0.016972824892429864,0.016447066409887003,0.015108275887342228,0.014785102172627889,0.01393522186322614,0.012597104892027226,0.011156119925250105,0.010353718878112426,0.009332128849391089,0.008783506251507967,0.008496023005076004,0.007665479125003375,0.0069151288452288335,0.006036765598533812,0.005875928457943219,0.004650341564641663,0.00462364997939977,0.004453106183032436,0.004112525754223258,0.003735564892482326,0.0032970442797228394,0.0028516809164799138,0.0027994514615686168
WATER_SMP_0224,1.67,7.82,DEMO DATA - BIO-OPTICAL SIMULATION,0.010490781304701938,0.010587871359807155,0.010904365657675165,0.010959191396551526,0.0103548314564326,0.011005598927737963,0.01103638705188058,0.010684039404698406,0.011288066939914505,0.010204508112207446,0.010099870090796926,0.009854328579844683,0.00968191310692482,0.009307470563159106,0.008657545845828344,0.00856466523852404,0.008327745091101959,0.008337521005671762,0.00822940592276478,0.007561422624918723,0.006516790232480163,0.006129978293827828,0.00588486150514271,0.006070840142252313,0.005104795949397746,0.004410727501998417,0.004396171989891116,0.004663238361981508,0.00470486342129832,0.004553758105067477,0.0047674199056301604,0.0035173756007629503,0.003621320626045935,0.0032005752433997645,0.0021743414080455043,0.0018191190679750537,0.0012689683724882107,0.0021221243316520825,0.0012726438713223207,0.0014207322405642845,0.0014020855180036402,0.001558428145651687,0.0009530122798810512,0.0007413670488192048,0.0008679836286308206,0.0011222660816842742,0.0006143854925073319,0.00031414084965058857,0.0001,0.00012248997890903428,0.0007002424848258685
WATER_SMP_0225,4.15,8.66,DEMO DATA - BIO-OPTICAL SIMULATION,0.01954730201611055,0.019604377757292405,0.01968179137492699,0.019995055711073056,0.01993004480787499,0.019908251524089076,0.020336165441039968,0.020284108074471112,0.019178967641272644,0.019545820092638104,0.018945384883959374,0.018779995839114164,0.018569026642737203,0.017981431470531706,0.017632998868117426,0.01723722708974297,0.016552127185022567,0.015659893306148753,0.01502260974677169,0.014110076662983868,0.013595916899621936,0.013736767617187184,0.012199035671561493,0.011366007560050123,0.011113827187300997,0.010301546239307383,0.009661640667414508,0.009675797308617076,0.009135029917484397,0.008607839098220074,0.00829960452770521,0.007653843133356636,0.007216279000085459,0.005976573063466979,0.004776745021411169,0.004715397098321011,0.0038079976681930153,0.004534512200886456,0.0032410352549838693,0.0031636644052718665,0.0029972412564641194,0.0025648734232239846,0.0023187225758900067,0.002307604375080045,0.00243383063379096,0.0020192750979166744,0.0020623946752714234,0.0011501118493894204,0.0014187487276141012,0.0012425606660429124,0.0011856597016646716
WATER_SMP_0226,14.46,16.2,DEMO DATA - BIO-OPTICAL SIMULATION,0.034756117830866635,0.03442981628885237,0.03449415749022447,0.034860222922979245,0.034212732707759784,0.03468070093391975,0.03467389924897647,0.0343547404731273,0.03481642679086375,0.033998424873099536,0.03404112050663301,0.03387945126033,0.033850064681191304,0.03303465464853225,0.032852461550189824,0.03225477203834371,0.031493502275275656,0.03048068921960478,0.029668440050999757,0.029363947855124778,0.028346772388087235,0.02791062604612345,0.026935444531633372,0.025688057228738525,0.024382677136449045,0.02382620149640531,0.022308933712589102,0.021444124511140295,0.020648010562555632,0.02028859765133925,0.01993278703120978,0.018510869825589832,0.01702443438190489,0.015259638740133282,0.014552350500806926,0.012999793537152929,0.012260018108859136,0.01119957288881181,0.010697528610163199,0.009587471457284542,0.00885156125021938,0.008295304703228104,0.008107446126626758,0.007112425096483122,0.006233490503416959,0.005717454128152374,0.005056032283228242,0.004464201401718587,0.004155808658371712,0.0036970742993012087,0.003764355254720696
WATER_SMP_0227,6.37,10.13,DEMO DATA - BIO-OPTICAL SIMULATION,0.02443035453534986,0.025315137480402258,0.02526789723921894,0.025135594086995956,0.02517324797918024,0.025002865178970168,0.025198001331623893,0.025337469809778843,0.024638757365646892,0.024170831056507747,0.024563843147104407,0.024112107294521234,0.023280241652752203,0.02293782549414204,0.02238296483511635,0.021849633951231018,0.021342636106098555,0.02068283680493689,0.019845609311460323,0.01905183627405286,0.018415507911291987,0.017712245310485295,0.0167246036672404,0.016311159879700336,0.015253334136534819,0.013768433105437468,0.013601556091690479,0.012968264445117426,0.012194346381458257,0.011507970384074515,0.01145878628564981,0.010665862823413275,0.009304783969612327,0.00813753891595834,0.00761008781880657,0.0068079895628107324,0.006128914825746322,0.00568591329996126,0.004887057312716743,0.004632773064007447,0.004502919882950034,0.003850022859626612,0.0030962155716899075,0.003127785313786198,0.0026475755795273446,0.002773280422390843,0.002537052202835224,0.0017140726813668142,0.0022301090991719333,0.001478267272911892,0.0021065125302832406
WATER_SMP_0228,2.55,7.74,DEMO DATA - BIO-OPTICAL SIMULATION,0.014477911023339082,0.014222865969578488,0.01433170888599603,0.014825954981148196,0.014617674368655263,0.014682812701402802,0.015132849208723728,0.014334625298378619,0.014414219925705258,0.01462938636792112,0.014046806838158064,0.013201347859925579,0.013509342422085693,0.012642041519998709,0.013007925681219869,0.011899337503296673,0.012567035832678408,0.011620873254112365,0.010425844968884388,0.01014010732364493,0.009820046456582262,0.009284853520447769,0.008639421915644598,0.008345804859616338,0.007410543418595615,0.00684628561485361,0.006437618651346497,0.006530663333897367,0.006286004718759385,0.006230993257690989,0.0062033611753106906,0.004885763050470022,0.0049038713256000675,0.004153272674135898,0.003991496645337431,0.0025958704326060665,0.003198725883630342,0.0024924688130853988,0.002387298538637652,0.0025357922698893845,0.0020117310934380066,0.0017905445129778614,0.001585270375353438,0.0012237662202304353,0.0012294769139695662,0.0009045326445986031,0.0009979457053545168,0.00021270888880497725,0.0009535518785183796,0.000708046755218468,0.0005710658871537233
WATER_SMP_0229,3.41,6.65,DEMO DATA - BIO-OPTICAL SIMULATION,0.017535756728643923,0.01716874863008952,0.018275727451945212,0.017729628524080412,0.01774202103916846,0.01747994587181529,0.017716023052141785,0.018017126111914195,0.0177549056089637,0.017493041582368755,0.017142002906621445,0.016560782167552645,0.015873386059926775,0.015839855457114214,0.015375465992273156,0.015264777834702729,0.01450901060768744,0.014333035935003756,0.013614316571330339,0.012502286746835522,0.011469368146496047,0.011782869432033024,0.011130948713900954,0.009671834268061594,0.009902782865364819,0.00895749803835313,0.00834614710087708,0.008360872979518541,0.00800880431982663,0.007594389026684551,0.0072255301162924505,0.006727147925816531,0.005701228436220088,0.005063104627071777,0.004178282637400835,0.0038583464337026145,0.0034595321122027007,0.003049167591844828,0.0029861408453727136,0.0025791377462472133,0.0025807382548587695,0.0017178887730933214,0.0019644502052852133,0.0018497855649418542,0.0015456640525094189,0.0014310632472040344,0.0008653144175893984,0.001318964287449932,0.0012893755812122577,0.0011371500399329402,0.0012046762082867626
WATER_SMP_0230,10.42,11.78,DEMO DATA - BIO-OPTICAL SIMULATION,0.030739950865185692,0.030987460649710155,0.031019279080460913,0.031268547189711164,0.03063719255672334,0.030845664159310907,0.03154559425335338,0.030236801334138676,0.030785269805597405,0.03097594622622893,0.030335610270230757,0.02992196885134686,0.02970133319214398,0.029113844984474745,0.028724216347781308,0.02794335341765351,0.027853642718669736,0.027261774922958493,0.02605224301422809,0.024880939195801453,0.024295782941009855,0.02351023921799046,0.02279166971770232,0.021379721706414462,0.020464982954375432,0.019842125473406403,0.01898483411488336,0.01764818744714802,0.016753908248320997,0.0175581163803725,0.016108271123062446,0.014819225375519354,0.013950510005756233,0.012390241292209316,0.011541658931618579,0.010352002182745944,0.009487695903987091,0.00866696083430275,0.0075640322277117375,0.007922969531032562,0.0064453807193741225,0.005747834336641386,0.00556046316335698,0.004843396497967016,0.004661224851083647,0.004463540957293699,0.004169931808255255,0.0037615696090462633,0.0031009544444320246,0.002910715069137736,0.0027471475873450638
WATER_SMP_0231,3.37,8.09,DEMO DATA - BIO-OPTICAL SIMULATION,0.016812169312476793,0.01763871589495054,0.017127684441975558,0.018239858740235104,0.017531252705706917,0.01758064741924464,0.017344368639909624,0.017278579542371792,0.01799318869351303,0.01738616940934744,0.01638142582535775,0.016988720879326825,0.016536799450124946,0.015687762333129657,0.015412065059503589,0.014821668377185812,0.014886484314736242,0.01349179989455016,0.013183363179124392,0.012398733178073022,0.011469674193994988,0.01192036825628934,0.010268586683827704,0.010052181804904857,0.008837445305430403,0.008640885794601556,0.008360509610204276,0.007605377632830757,0.00782471699777205,0.007435847083987045,0.007594373124097177,0.007105767481957458,0.005748545880458186,0.005142797294841531,0.004497671371013519,0.004115001325791869,0.0035381295910713296,0.003261469878938252,0.0028391550495508702,0.0026806953600432963,0.0027918616729950695,0.0023732584258067875,0.0021859322293128684,0.0020064122041963447,0.0015737848163444907,0.0015612489555647876,0.000999752857602898,0.0015785390939854257,0.00024741208026160424,0.0009513630362422313,0.0012248485760942237
WATER_SMP_0232,7.19,8.8,DEMO DATA - BIO-OPTICAL SIMULATION,0.025826729753377693,0.02652179206522859,0.026326955306941856,0.02650975167083172,0.0269498570365758,0.02672435822433513,0.026003561441642363,0.026217032456702073,0.026643219602262003,0.026268304506134398,0.026381644478226586,0.02602493819288845,0.025019174730105252,0.025413400473842614,0.02415011635565217,0.023275788898165627,0.02274035495316185,0.021566753958625152,0.02199093041099151,0.02120907520885278,0.019610316397731867,0.018999731796662794,0.018225418232055243,0.017019459374383972,0.015880464128361933,0.015443911645768228,0.01455080041672421,0.013788873210098791,0.01339798084913999,0.013270733757004178,0.01215739971016568,0.011469239536776421,0.0106099296617645,0.009501597049736249,0.00821018259680269,0.007637989230162241,0.007107858648206882,0.006014926492388998,0.006192238547972754,0.005742479220663763,0.00463263242639746,0.004478842665855993,0.00421787181466221,0.0034974116937341246,0.0034711670121276347,0.0030691079052722783,0.0022992442533222752,0.00262109894008086,0.0019195280784506446,0.00231834956279414,0.0016414222790282406
WATER_SMP_0233,6.27,10.84,DEMO DATA - BIO-OPTICAL SIMULATION,0.02452108580810656,0.02514420340581326,0.025008185366645418,0.024622273517455842,0.0246850663328677,0.024806389680874816,0.025051264668530384,0.02493421659797022,0.024412280002425332,0.024096061144297357,0.024252665362418286,0.02377558631727388,0.024078978988510538,0.022984676168101393,0.02300138263294701,0.021533116360172612,0.020786161161255885,0.020246674258436948,0.020219413495213487,0.01963032370463044,0.018076559728568652,0.01735420157913981,0.0163031023230524,0.015258741155112368,0.015160013970982012,0.01416231368283781,0.013307692082626136,0.012247017670575091,0.012730023361699618,0.011755919438264635,0.011592169255923084,0.010210328929086607,0.009546229803207643,0.008600281278675247,0.007658927973134825,0.006843391027187762,0.006323155581934631,0.005297103723738554,0.005207810980907835,0.004733401353851334,0.004353574240103084,0.00392266887430461,0.003166295599992436,0.0028289071849869466,0.0022629059955179692,0.0029005883906381433,0.002655238720611344,0.0024334018536757065,0.0020659178261320838,0.001146073823525428,0.0013072232309204938
WATER_SMP_0234,3.59,4.47,DEMO DATA - BIO-OPTICAL SIMULATION,0.018077842951104484,0.018200303235155955,0.018194238574467805,0.018437866734466856,0.01835792801709545,0.018375661768035453,0.01808744154048642,0.018465625367554517,0.017883699380995478,0.017404225691681714,0.01731042932638963,0.01712333813971112,0.017160931226096254,0.01643534451050803,0.015930535188153714,0.015106663237340532,0.015172569933521687,0.014162721394174554,0.013720896307752332,0.01356467609449249,0.012626228830029444,0.011327579751179723,0.010623277157602602,0.01047454996514098,0.009477961780104013,0.00940395341668944,0.008635978087564253,0.008175889761002223,0.007526534700053981,0.007926414932649013,0.007858797166659355,0.006381890847164775,0.005919851474720912,0.005188436636310178,0.004511490242645022,0.003873627777444147,0.003409489787950432,0.003054880495920382,0.00321027071044264,0.0026518812086638224,0.001776632128996622,0.0024475190426684256,0.002086685553101192,0.002305029303056503,0.001833225034754231,0.001114027787649065,0.0007398889147585869,0.0010577361387174827,0.0009633267851098802,0.001322524544415061,0.0009360819386409764
WATER_SMP_0235,33.62,33.96,DEMO DATA - BIO-OPTICAL SIMULATION,0.04210039309919329,0.04146406540567559,0.042230503428377746,0.042213519720097965,0.0414235699956596,0.042431699423262845,0.04204132344557069,0.04208010910265035,0.04162131145418628,0.04214884790600346,0.0412612571819645,0.04168057293548308,0.04145212630732341,0.04064757643491526,0.04122539336053433,0.0403448580806673,0.04006888466626371,0.03896212450391008,0.039551425425116866,0.03799117335182161,0.03805359510445761,0.036779333168211255,0.03616666830497546,0.03580297341083849,0.03501380812925213,0.033363969874353396,0.033037258848733556,0.032067743511264235,0.03076158395632816,0.030970335750009438,0.02935614500036003,0.02854027046280403,0.02745256289843549,0.025468145357862505,0.024256950562603567,0.0228344412560812,0.02140314030165847,0.02047047016828746,0.018948681976029842,0.017910154293630087,0.01703722027143853,0.01581670642340364,0.01473967325142864,0.013125485586162458,0.012639147665703787,0.011277056645473555,0.010264089769671726,0.009784812164642295,0.008743001813378505,0.008509286960227692,0.007823315647089896
WATER_SMP_0236,10.05,13.98,DEMO DATA - BIO-OPTICAL SIMULATION,0.02968073457367139,0.030168143587654937,0.030107842831233796,0.03049711658592017,0.03082053344143204,0.030614326296908852,0.030465154210579607,0.03093643552815886,0.02970581419492147,0.030563387671256013,0.029766125353215083,0.029583321307350804,0.029064807828272008,0.029240250489690565,0.027900345267839875,0.027703759263617206,0.027228610677692413,0.025898746126670095,0.025362078790407406,0.024797562751949775,0.023732391628881966,0.02286768587790678,0.022084727686744646,0.021430707932801534,0.020151686266128274,0.0195781805721922,0.017985902969492745,0.017083840899786602,0.01743560493984558,0.016174241711758155,0.015346069255889286,0.014252820462855607,0.013847971808804782,0.012103777220004726,0.010943127432142371,0.009979966653842293,0.00949265253158901,0.00838916371516484,0.008459529547852538,0.007156078080613592,0.006836729593009699,0.006203121550128515,0.005433777368920649,0.004790095335177347,0.004623877590898949,0.004270217619052069,0.0035711885738217426,0.003449549987387384,0.0034561206777478,0.0034188195026497365,0.002791768360207725
WATER_SMP_0237,1.2,6.47,DEMO DATA - BIO-OPTICAL SIMULATION,0.009049968264833825,0.008337781097522519,0.008757440679211066,0.008950854083759074,0.008262462726475829,0.008345155291987282,0.008947175189934103,0.008042253605965966,0.007814419571589322,0.008529655843353363,0.008257442686720618,0.007828589235601398,0.007460518562596952,0.007094629607609154,0.007041868275665905,0.0071443728426573835,0.006440446990610024,0.006706180999678594,0.005466264574219819,0.005405179586022667,0.0049738972507949245,0.0044374963488186024,0.004399848390082492,0.004262596753723572,0.004001486098467696,0.004234571701480601,0.0035349145996583942,0.003682738567966983,0.003444077607667622,0.004056635055479624,0.004254734469253382,0.003406899078392751,0.002451118834251009,0.0020540809183103815,0.0018847089218928456,0.0016576652925528945,0.0015456813221513186,0.0013369370979575727,0.001085470704761477,0.0007894504252854087,0.0010071768517727442,0.0013583610567813578,0.0010306535651848146,0.0008150349390759013,0.0008999809638652455,0.00042225530764661295,0.00032901155833219063,0.00021003941464718592,0.0003541911857723538,0.00022668253913528516,0.0006809990031253148
WATER_SMP_0238,7.02,12.58,DEMO DATA - BIO-OPTICAL SIMULATION,0.025800685284928376,0.025868060327579306,0.02682063787575808,0.02619132935129052,0.02641814038599581,0.026505975365466866,0.025978091598043807,0.026585393777787642,0.026246072786314273,0.026304977347983604,0.02535682448746173,0.025252884533905798,0.024836398817474604,0.02444427376987413,0.023409271692782303,0.023301286529167735,0.02220696343728466,0.022057274819617594,0.020578405567179936,0.01988622278456961,0.019875232894955207,0.018623214056238513,0.017624856701101924,0.017419343019690236,0.016242411657310295,0.015515425208735414,0.014371159075115415,0.014557763567755582,0.013136341160551838,0.013514181674646294,0.012485463218904218,0.011173834286645904,0.010689883392881296,0.009454012864914884,0.008005811683876199,0.007211530392176201,0.006802950823976232,0.006328543159169563,0.004950363802465437,0.005516311390622988,0.004597232161534181,0.003925625409635827,0.0042197232004527125,0.003573541199253412,0.0036178920637535395,0.0030842282624106506,0.002677766162413875,0.0023815772439103704,0.002343451009197876,0.0018662143103531322,0.0015449384309184119
WATER_SMP_0239,3.56,11.18,DEMO DATA - BIO-OPTICAL SIMULATION,0.018120034299658003,0.01802602486167937,0.018180339641442254,0.018562799756617905,0.018228759658461102,0.018252238826497038,0.018007489411621835,0.01820851615864827,0.01802633238365878,0.017982428891676998,0.01727724190484374,0.01700042491018654,0.017011081600072784,0.01643540677503489,0.01562744165479115,0.015787576539378238,0.014343376623551436,0.014511438794515682,0.013291266909204598,0.013608576835842314,0.011934935768695764,0.01208913992832197,0.011059967984290616,0.010317577200191167,0.009836684434230294,0.009355736029526395,0.008371085676342704,0.008063733397399082,0.008401151841350221,0.007680757111342628,0.007810369387051673,0.008307912249534147,0.006204442456302457,0.005881803419346003,0.004564774621720062,0.004308878983337447,0.003920236849714008,0.0037121479273942394,0.0030057550479182103,0.003383092797737855,0.002353757241370634,0.0023664803487423716,0.002155488986873745,0.0015496440071059159,0.0016220806838499148,0.0015938737591894515,0.001268077034528261,0.001995810876207936,0.0008901718069399293,0.0013851644421197427,0.001188224679075775
WATER_SMP_0240,11.96,16.6,DEMO DATA - BIO-OPTICAL SIMULATION,0.03226333214055131,0.03216841579163296,0.03232317461141277,0.03248633316848532,0.032153677749456565,0.03239285311959664,0.03220769801523656,0.032966105959808256,0.03260653511095678,0.03246173293525767,0.0321515674571942,0.03171602406618028,0.031735533743410954,0.030684629493962647,0.030408764289849777,0.030047976164681144,0.028813239338685022,0.029464140677455123,0.027811048416820867,0.027056877266540626,0.02655117937226614,0.02556080808322575,0.024367251371762787,0.023426097055003838,0.021930290474477934,0.021177851859955965,0.020482133354612308,0.01958847126328278,0.019192637816311763,0.01828966852205025,0.017251552821966783,0.01696508437105522,0.01574146794828459,0.014154403483151817,0.01254109667904344,0.01181297010040398,0.011599106832850562,0.009774019585289711,0.008576659274664245,0.008073363465201234,0.007760816310530482,0.006459434874564597,0.006402253460632362,0.005917744639109741,0.005756567301117884,0.005219952306697006,0.0046537469587065,0.0033476914250789454,0.003907551350064661,0.0035081961122706605,0.003067159951481644
WATER_SMP_0241,3.21,3.89,DEMO DATA - BIO-OPTICAL SIMULATION,0.01628837134889137,0.01669842456021595,0.016675396763742644,0.01648116529090525,0.017107705349633958,0.016851542068145972,0.017817240554297148,0.016871723663256816,0.017155166285778758,0.01609164017456871,0.01614870330603677,0.016032370318013554,0.01537766080881897,0.015123382487902112,0.01474047947310099,0.014250977795935088,0.014356755088929534,0.013361495011560037,0.01281387742769424,0.012233898159769536,0.011643709843332014,0.010814887239627358,0.010121109250349604,0.009648395670252465,0.009336094922801333,0.008737987155620226,0.007783375377698445,0.007622999687723446,0.006970140004720688,0.006722779548748578,0.006199179905543039,0.00578973042979549,0.005652839771707243,0.00468406849387326,0.004180581079797052,0.003283217960610654,0.0032723459935972577,0.0029848162272932857,0.0025303390342900894,0.0025312622053930544,0.002163008366756142,0.0021025302023398194,0.0019201557609716475,0.00141924376736472,0.0014244445381595805,0.0014199499851177218,0.001618143278369999,0.0012183164432832988,0.0008324631362168871,0.0010508152423852211,0.001352874014912585
WATER_SMP_0242,5.52,6.86,DEMO DATA - BIO-OPTICAL SIMULATION,0.02328972785848485,0.023337561654567053,0.023513916025601177,0.02381180676151451,0.02374315200224469,0.02358478589682758,0.02368012297879658,0.022927430408071638,0.022638808324314544,0.022917378768776017,0.022613425110650617,0.022093308018357256,0.02210900971376065,0.020849117379529013,0.02073791348022488,0.020189451797037888,0.019230319562165095,0.019509869741850098,0.017952954481025078,0.017448218436661837,0.01713210912825766,0.016266140609199026,0.014936937898663013,0.014662455051503886,0.013731273465497863,0.013541896987665832,0.012206949701769863,0.011396628615340966,0.010680636533559195,0.01028500518604452,0.009742689525759414,0.009684303874217867,0.008399742132015673,0.0076684655304530246,0.007164028891319033,0.00534983268881998,0.005892885929430782,0.005043042145831245,0.004717496739342812,0.003933685426952618,0.003582282199845827,0.0036116031148639427,0.0038643144957820528,0.0031601041983788255,0.002973453827470415,0.0022937300740258322,0.0019500187951839386,0.001694224910201242,0.001598491880067793,0.0009623255259446499,0.001209185412607758
WATER_SMP_0243,9.06,11.0,DEMO DATA - BIO-OPTICAL SIMULATION,0.028860182775447205,0.02914223352393462,0.02936451862651761,0.029524285467401146,0.02945887103101194,0.029290857065708643,0.02882936882263374,0.029147165409492543,0.028875053388765667,0.02909691029324884,0.028961411622379057,0.028641345836913176,0.028196503556621184,0.02747695872212681,0.026846104552199716,0.026203160665727126,0.0253402021565314,0.025398186045195725,0.02430270817617985,0.023186146024658103,0.022472368597703463,0.021581448721706604,0.020942779595291835,0.020311600984284923,0.018926625876767272,0.017383165258305033,0.017060878323433865,0.01625307355113696,0.015602486790023863,0.014949162199720822,0.014551099308956988,0.013582132143927384,0.012400479023532118,0.011330642878184083,0.009997307714162304,0.009069836093417598,0.008852363732574068,0.007912034859210687,0.007353198778750545,0.006878107068281419,0.006114088729161439,0.005720125267020862,0.004490933211344085,0.00458533378359277,0.0040630936274665104,0.00424765080220013,0.0036797757210229754,0.0028982495092669236,0.0029119620372146976,0.002588119948806679,0.0024349250224709267
WATER_SMP_0244,12.09,14.73,DEMO DATA - BIO-OPTICAL SIMULATION,0.03208194740186243,0.03265572899194096,0.0326046736078102,0.032845751085437705,0.032591320244100115,0.03263768333206561,0.03312411862369789,0.0323667688865979,0.03224807729584591,0.03233154328548448,0.03186524390832227,0.031523269550809134,0.031452765375618474,0.03054141316965821,0.030200673143211246,0.03056763376493075,0.029476219713896665,0.0284411294388416,0.028058913939092236,0.027316306821284553,0.026604886611474816,0.025380947082986726,0.024781547714833235,0.02290806108843541,0.022197168013567473,0.021526620565408307,0.02055362789543711,0.01928611295010731,0.01895745413232734,0.018128020911787307,0.017529402087923213,0.016897258703160407,0.015559695808379065,0.013610495471754963,0.012335442496679937,0.011457268035835409,0.010647683347083286,0.009625052418391017,0.009360855214469417,0.00842702871394965,0.007763653939474829,0.006624788410248528,0.006760879876791749,0.00501243070658919,0.005596871253814864,0.005153817650206875,0.004307515196478872,0.004417696151664241,0.003648327551933828,0.00334821242115478,0.003122315554494231
WATER_SMP_0245,2.32,7.89,DEMO DATA - BIO-OPTICAL SIMULATION,0.014522719869029935,0.014065356841083078,0.013942431105232852,0.013499610240183688,0.013825890338088025,0.013513225794810374,0.013940487794413524,0.013632844977800243,0.013108732175993015,0.013283364427615471,0.012774438533169119,0.012802686713955696,0.012186811025327737,0.012101289847990991,0.011930908963068221,0.011270416789064002,0.01072170067894811,0.010429363026137124,0.010088763399405778,0.00904570555589747,0.008946553363396744,0.00875145346414717,0.008018377145765298,0.0073610160703432076,0.007047745541502795,0.006536857324246869,0.0062518751116670025,0.005193261432012382,0.005283639524590836,0.00606256205769407,0.005166900137979437,0.0052997221585919805,0.004398899475231918,0.003495575530254851,0.0033180972774807045,0.002855974317265877,0.0031262293585633764,0.0020640433906184935,0.0024732619826363877,0.0019570173111013566,0.0014797670796221358,0.0017597816556168323,0.001545656704891496,0.0012555427399001723,0.0012054445030985144,0.0008381730518252918,0.0006712835240995666,0.001057786671817133,0.0006820940954132701,0.0006522206750177043,0.0006941247856993045
WATER_SMP_0246,4.63,7.25,DEMO DATA - BIO-OPTICAL SIMULATION,0.0209995121554563,0.02064104996766844,0.021571350217166933,0.02129938499223241,0.021238085986147025,0.02141885698483373,0.021303012728821496,0.021353564141360158,0.021122864124811465,0.020959706024429883,0.020876267028979125,0.020406009113561652,0.019706468888465372,0.018976436938972493,0.019319483448540127,0.01820383875449263,0.017543294811713513,0.01653301261516836,0.016488470720985055,0.0157345108343339,0.014514578169162878,0.014367295747347127,0.013333655928730974,0.013538220309407054,0.011811784022594246,0.011121100538408063,0.010314297176373194,0.01040782359518628,0.009517376140647304,0.009089456983410026,0.009092232338614352,0.007813461938680611,0.007580723448131046,0.0070715850311590025,0.005964833155397526,0.005389776050158431,0.004971790115854775,0.0048014456565401275,0.004270310182916029,0.0036895679910733297,0.0035071864842060626,0.0026747288962437514,0.0029024179297106384,0.0021198367044459802,0.00208476216257304,0.0010633280019896835,0.0019201342388973708,0.0014351118549792462,0.0018057915424795228,0.0014480076365954973,0.0015398058704935678
WATER_SMP_0247,4.14,8.68,DEMO DATA - BIO-OPTICAL SIMULATION,0.019290778278444342,0.020070358450600942,0.020500413814159204,0.020170757560250004,0.02021087313239676,0.020012903386030567,0.019745774298311147,0.02002287089247366,0.01918199439231741,0.019294130677921413,0.018619149416758306,0.01861554742555907,0.018641226711205324,0.018169483743311014,0.017552057500188366,0.017059743303492848,0.01587171018428908,0.015716386054909683,0.014981737938917144,0.01431967550413177,0.014008069576112453,0.012866858941011099,0.01223291622273714,0.011076458901744763,0.010909106743530846,0.009988844355830591,0.00972590816071169,0.008951306495396478,0.008987407182311918,0.008711467012157987,0.008918289234331139,0.007944189785983099,0.006392215851336844,0.005679425769418887,0.005321052514522551,0.004441078933293734,0.003369339985154364,0.00427554671593883,0.0037389345015559155,0.0033613053437557376,0.0027309862158877082,0.0027737478377745078,0.002188926933806457,0.002237505911096517,0.001695234280883908,0.0022397668805979793,0.001144007868722357,0.001830369426854308,0.001332119833901039,0.0010463425717862572,0.0011278939547837508
WATER_SMP_0248,3.59,6.36,DEMO DATA - BIO-OPTICAL SIMULATION,0.018231489243627264,0.01855433344750795,0.018339580008492885,0.01804448704244879,0.018355574326485918,0.018868888804739192,0.018667872006325147,0.01842806673070814,0.01823608308720224,0.017997756035940702,0.017873936399251448,0.017075578516740655,0.016441032024151692,0.016453723907013884,0.015726307781448335,0.015150199118362661,0.014706562140153761,0.01508993680600213,0.013778130038646781,0.013215970258575743,0.012094091240331385,0.011250588365412274,0.01089657588041517,0.010914080401825654,0.009932054443180323,0.009383494282744442,0.008856587878815476,0.008006505938436003,0.008293823804896372,0.007445036806671595,0.00771336135865218,0.006868684117448425,0.005475275475190364,0.00504586820558586,0.004100214731195515,0.004484868984210735,0.003727545215051462,0.0027236800397941793,0.0031975916339379087,0.0026430062868831278,0.002101648658932899,0.0028144128477439303,0.002127581669046827,0.001810479321202514,0.0015991715072910444,0.0011015670191654625,0.001015540868390338,0.0016573426177805067,0.0010071446039689716,0.001044794037532153,0.00032417436494634646
WATER_SMP_0249,24.84,23.65,DEMO DATA - BIO-OPTICAL SIMULATION,0.03907971396546998,0.039779212387035114,0.03980459770735533,0.04028453139362643,0.04019911411712464,0.039733369052435435,0.03991755905013811,0.039618523489136144,0.040230446932400035,0.03981973421380501,0.039345292628398004,0.03912996762069006,0.03923264100704334,0.038654072898915356,0.038578356747933584,0.03703080395773859,0.037351151259263325,0.03652623839352354,0.03661884371924846,0.0359090640439435,0.03475002053158188,0.034437891947671426,0.03369170780359976,0.03230024814072777,0.032074255821246206,0.030298825759648016,0.02917034246401529,0.028503265856738087,0.027358234707012683,0.0268405103444689,0.0264515567901638,0.024915679855317244,0.02297123164976409,0.022032581875229097,0.020220864638746873,0.019341134641882703,0.018064306534069714,0.017145838012714618,0.015872987438279154,0.01486347430277319,0.013311419969400917,0.01277189947428719,0.012185139123722528,0.010499129569762816,0.010405160106038334,0.008908857704491116,0.008075332012251328,0.007725290156557175,0.007203924421726991,0.006661216149596522,0.005541833122239394
WATER_SMP_0250,8.36,8.88,DEMO DATA - BIO-OPTICAL SIMULATION,0.028197275969632597,0.028028207011644584,0.027917557033532256,0.028176072013522714,0.028276726516713237,0.02865945013862344,0.02880023223719746,0.02791195003922088,0.028303953614340956,0.02763258595298014,0.02790237706847678,0.027194225913313903,0.026671434965967494,0.026770600913409853,0.025836958676462046,0.025340199593366596,0.024132533133688745,0.0243904344650217,0.023608732832424328,0.02257261104372673,0.021278963819796482,0.021229961641924165,0.019767230519459045,0.01890750412388067,0.018795756805208612,0.01694234345517428,0.01645729121983631,0.015591828099202674,0.01488867311142976,0.014288688454298436,0.013652629422721071,0.012732250183834722,0.011558357096697655,0.010920020720674458,0.009075184357452146,0.008927399320827303,0.008137063340006011,0.00744487266050956,0.006967124562450204,0.006043450320469912,0.00498913875599424,0.005044505233705229,0.004321429211180703,0.003986398138457455,0.0034531936316428134,0.0033336186847983166,0.0029777834293893274,0.002150597684327288,0.0028063117307901495,0.0030181721373514917,0.002311470072337084
WATER_SMP_0251,2.21,4.92,DEMO DATA - BIO-OPTICAL SIMULATION,0.013064254209113653,0.01319950055668779,0.013155961580208167,0.01334769957947659,0.013316867870735908,0.013048828622792823,0.013742477285077036,0.012689094923658542,0.013207958647371046,0.01277797423577692,0.013152900683021848,0.012418230525052098,0.011901680950305036,0.011591538979149002,0.011299453463953989,0.010535308588093586,0.010211969837639688,0.009448294379360365,0.009231441697183628,0.009048972225506107,0.008616318170831744,0.007435877836479087,0.007494593499769316,0.00721821500137034,0.006527142255943893,0.0059389489602661725,0.005614942007967005,0.005287653856419414,0.005088300876721339,0.005208246715714119,0.005634474862895553,0.004322841399490063,0.0039121715672018175,0.0034407154852341654,0.0027891398041752532,0.002974881391075998,0.0016634875257410357,0.0019895472082144595,0.0021943243379664323,0.0016790961430293288,0.001355451877557084,0.0015828259354445098,0.0015848141121839773,0.0012508029189292236,0.0008333566817823567,0.0011071746000547917,0.0007558944709932889,0.0010150455860962217,0.0011594673676687552,0.0001,0.00061508409873298
WATER_SMP_0252,12.61,12.38,DEMO DATA - BIO-OPTICAL SIMULATION,0.03233321264415497,0.033745086714835906,0.03299635401961967,0.03344786515420607,0.03326072049172893,0.03303522955446898,0.03295914822168601,0.03362318356263602,0.03329549936742467,0.03340009312753432,0.032586730925660314,0.032352276889460185,0.03182253563756588,0.03139298283474755,0.0306816718434583,0.03047291797026123,0.029603008534747094,0.029303941011113707,0.028495145284132682,0.027746863356793623,0.027326417857367502,0.025926843945487495,0.025235121404968877,0.024653652945476546,0.023422772256276796,0.022336785608009294,0.020864060916045122,0.020091479409729676,0.018870952338425194,0.018757672445211412,0.017919487218295796,0.016809318397927177,0.01584540569117746,0.013851978453832564,0.013486383597295891,0.012206437400219974,0.010982439071905414,0.010109408109243007,0.009505301226304866,0.009071897409849221,0.00794576613943589,0.007302539581496253,0.006652467586002179,0.006611918368469106,0.005438113443609403,0.00505094392988042,0.005047572563606632,0.004237167550421087,0.004152451664123522,0.0031879016018821504,0.0030792657398783585
WATER_SMP_0253,33.04,29.48,DEMO DATA - BIO-OPTICAL SIMULATION,0.042085565783813304,0.041539696405567615,0.041777507206794004,0.04195682703526729,0.04161523403081931,0.041793749084513214,0.04192976962039562,0.04185856551041504,0.04214596341299236,0.04210842365288333,0.04123814303537332,0.04134011936052356,0.04128143505313225,0.04126494968499814,0.04071272761520725,0.040225636197756154,0.039931400305307854,0.03947648446850112,0.03848690096222385,0.03826018713756241,0.038022115645353995,0.036848025768848026,0.036217825993648464,0.0353148359328311,0.033829692785831665,0.0335728866587691,0.03262873038067828,0.03142081446037951,0.03047563101645871,0.02994177902169291,0.02968622960804556,0.0289684025902278,0.02739389836680231,0.02503113174167798,0.024181590810687447,0.022334224781303112,0.02106770167581713,0.019871871366991856,0.019023998857093452,0.01792903315985302,0.016470692591676273,0.015368932780737766,0.01446440479267915,0.013469858116256207,0.012672101621123527,0.01100134888373969,0.01050922474835375,0.009349284990819356,0.008870969925022572,0.008084654876986947,0.007453562506814437
WATER_SMP_0254,13.82,18.16,DEMO DATA - BIO-OPTICAL SIMULATION,0.03361907056749134,0.03356766842336774,0.03350687181884279,0.03418112459916789,0.0341377951820349,0.03406966658197054,0.034630690908249225,0.03389110922435527,0.0344400001164018,0.03431665401853974,0.03300500513832069,0.033322859059783334,0.03282232481362804,0.03165644982837865,0.03162387136975501,0.03175585780096635,0.031533971630621334,0.030543083918407623,0.029653882154137147,0.02877730887791624,0.02846057628484029,0.0277210085674118,0.02597406584308659,0.02457996822782894,0.02353626224192745,0.023506062146288063,0.022045283875413824,0.02120301174184166,0.019944474938504278,0.019722811897837946,0.019169556232405845,0.018263375343256366,0.016697762838002044,0.015023594753029937,0.013739743021805691,0.013178501294264202,0.011890746468700118,0.011100444249612242,0.009808476324765367,0.008402280324218527,0.00838774276537759,0.0075863409339029814,0.0072975648168082915,0.007569200640107669,0.006225529601450962,0.0063126404034530405,0.005177003785230231,0.004369678489402551,0.004251031210601934,0.004302524720303505,0.003970443003862937
WATER_SMP_0255,1.79,4.54,DEMO DATA - BIO-OPTICAL SIMULATION,0.011190960332588491,0.011511052187882839,0.011056629125526258,0.01175868714900095,0.011975725426344267,0.011489915303127927,0.011213474715997068,0.01142299054593128,0.011305628788895608,0.011033606780507589,0.010855125228971875,0.010505660502698296,0.01057835265351634,0.010189814190691511,0.009333848609473594,0.008959328383564414,0.008797745106892357,0.008688784217328998,0.00809246820131087,0.007426656834216379,0.007265362448048261,0.0066550520924048805,0.006590000109113492,0.006005584900097897,0.005404705083285893,0.005188467984103797,0.0051877654475046405,0.004392681016414333,0.004564321610112865,0.004344086954608369,0.004326312060478526,0.003660154911181233,0.003412348364264698,0.003221535083977372,0.0022028360483498073,0.0017832486970528999,0.0015658158735372505,0.0014136323221207788,0.001777610390539527,0.0010272098138638754,0.0012229089903670093,0.0013732190012122026,0.0011993766833844864,0.0008556678291433814,0.0009350435139287583,0.0008250268779336474,0.0006486744022700543,0.000583016108434857,0.0012538298943093268,0.0007689520774741076,0.0012187860302602276
WATER_SMP_0256,4.11,13.55,DEMO DATA - BIO-OPTICAL SIMULATION,0.019381697242622165,0.019647787903123482,0.01938304147324286,0.01961233005333553,0.020457781619623368,0.01971868571651527,0.02039215077032836,0.01933470740886234,0.01923109178913077,0.019230619153421166,0.019045209349838943,0.01901790585780162,0.018498791647168306,0.01780868933549132,0.017413450680972782,0.016830696157806333,0.016082192763999102,0.015482417917457816,0.015416903165662112,0.013893290608098338,0.014239907375463682,0.012950973709500007,0.012113996596561392,0.011858816393083027,0.011381343545098978,0.010600568821570823,0.009844618710168892,0.009666017471032894,0.008740847613242805,0.00911963040778183,0.00879787456089692,0.008788020775598733,0.007288506357383916,0.0065656407017487765,0.005561258844271527,0.004475016560415709,0.004067071208989686,0.004234974386474875,0.0032664602574255857,0.003220387139216796,0.0026581779025404957,0.002532766098579941,0.002369518546205955,0.001925822746052487,0.0016692932504168683,0.0018580530041044166,0.0013501158397681702,0.001207014340313768,0.0010292338027891592,0.0011612069444641687,0.0013531132894369705
WATER_SMP_0257,16.67,19.32,DEMO DATA - BIO-OPTICAL SIMULATION,0.036268750499409426,0.03574457168998381,0.036721560600208016,0.035855480889703285,0.036526376903333,0.03599086223373943,0.03591139730601244,0.0358713759414313,0.03595559960927899,0.03597386049874729,0.0357790286566198,0.035020500561493285,0.03467777384599863,0.03431413815712267,0.03411208188852533,0.03357947433669202,0.03279438326910831,0.032536833989969045,0.03245115137174495,0.030878272769890233,0.030099505915982372,0.029542329909571043,0.02829965231764193,0.027710955887948495,0.02628514249142697,0.025985817732418877,0.02446241563993129,0.023214552622517464,0.02249752142589308,0.02192502689049316,0.021747580751400236,0.019860335415402098,0.01862788098296998,0.017141302269144152,0.015891857906766088,0.0145853869978206,0.013138944796716227,0.012478557761133808,0.01164011431407771,0.010601004664423664,0.010160993003623267,0.00944270453431517,0.00840196962593021,0.007799746737980571,0.006433196196910395,0.006350865340725572,0.006217667898132797,0.0052698796347889505,0.004696207402494263,0.005158935408884161,0.004615255235555668
WATER_SMP_0258,3.43,8.12,DEMO DATA - BIO-OPTICAL SIMULATION,0.017676353858205533,0.01800722327794271,0.01709629846556295,0.017591644300626992,0.017712471590251886,0.017766600781237988,0.017629739132669485,0.016903869008958745,0.017627628633656606,0.017467237735638123,0.017525705758157376,0.016498398962041045,0.016113290173661,0.015161287943939564,0.015422332778415891,0.015283548607003565,0.014294475924659891,0.014552761956697143,0.01323688904864671,0.012740386185399435,0.01165413861195356,0.011506504348291893,0.010180354298837407,0.01033867477413459,0.009714436106891417,0.009298519652752862,0.008050367815108556,0.008015626687176316,0.007925028920333956,0.0077495386524224245,0.007080650485172861,0.006067502559742635,0.006110637776519389,0.005150145316293858,0.004342958462181438,0.004223128496156693,0.0035798231477960785,0.002863202200730365,0.0023826931278186437,0.002353100892476298,0.003162071194242056,0.0024342715069618536,0.0020667445394643453,0.0017664676810673467,0.0015743084820524075,0.001841721862280564,0.0012016756002877814,0.0013923179323075737,0.000997106007680886,0.0015770569067635972,0.0011211019779631556
WATER_SMP_0259,8.63,10.19,DEMO DATA - BIO-OPTICAL SIMULATION,0.02881502379979688,0.028432910565558783,0.02905601504127674,0.02873534380384588,0.02890965296996034,0.02936851965195826,0.02851734247527807,0.02879125992819387,0.028707096548707678,0.028520053134810704,0.02795813510499613,0.02838798983529912,0.02698078037523291,0.027352081255989112,0.026762380538644676,0.026390897899237122,0.024708098410377993,0.024231692366933927,0.024195057366046623,0.022391190980237733,0.021635996863137358,0.021097670585769383,0.02039689044494384,0.019887234478965093,0.018404840654063944,0.01731987877497909,0.01666977837295011,0.015910567340383656,0.015274016543022696,0.014552812457614724,0.013372271744664163,0.012779635433236626,0.01236098170505045,0.01083046514673674,0.009634678762318577,0.009187637152477463,0.007761665703091604,0.0073622051285062015,0.0068538599134247155,0.006106207373953195,0.005734946297868039,0.0051528654948832095,0.004330682471623412,0.00438145634453802,0.003538480168595877,0.0036282301018956886,0.003662030165389364,0.002864497672077784,0.0023222532890906306,0.0023845237729043867,0.0019441896903959444
WATER_SMP_0260,11.24,15.39,DEMO DATA - BIO-OPTICAL SIMULATION,0.03173759355997587,0.03167727542986951,0.03236174956955651,0.03228670151717407,0.03193981801607168,0.032204451888217,0.031829094446728975,0.03186507517344746,0.03160218447426824,0.031741730509928345,0.03168610075766825,0.031181518148581895,0.030843982157641402,0.030408446201121028,0.029799135033672663,0.028732319503853986,0.028963587309294485,0.028314113410726847,0.026964672771651862,0.02613128800434799,0.025583372853671973,0.024676194105372737,0.023521064788890652,0.022241583827318074,0.021709910060325643,0.020758781478941262,0.01980902822832892,0.01883738338232594,0.01802547598555008,0.017901602562382973,0.016968356924109522,0.01580814120941241,0.014590381333518383,0.012738151408407075,0.011955321710739758,0.011163793667205182,0.010163248738470994,0.009717422253701946,0.008442851232413704,0.007976155104848105,0.007420139008767285,0.007280431713818533,0.006058087037258171,0.005178988538969093,0.005263147277795177,0.005122188143418465,0.004054689897083554,0.004026068390668726,0.0037959368861028163,0.0034152729044652883,0.0028579152699050397
WATER_SMP_0261,2.88,6.15,DEMO DATA - BIO-OPTICAL SIMULATION,0.01548013860019932,0.015780233707998987,0.01602862115418422,0.016217747889226076,0.016064040156770636,0.0158295816488834,0.016048130411818674,0.016033364931290966,0.015737050717217756,0.015172933884132642,0.015122301108643823,0.015166624863770233,0.014126704401052816,0.013528771668846237,0.014182897364405807,0.013419911332644509,0.012951121623581049,0.011920192059218225,0.011915505038971815,0.011210341184578417,0.010074246901970845,0.010392570871872222,0.009428145755003612,0.00868200361727143,0.008119600208466795,0.007087041513980627,0.007390652384133916,0.006931268111825899,0.006576563893005946,0.00685912417925544,0.005794354301203962,0.005546859170470953,0.004815436484786309,0.00431237176130942,0.0038478887393608584,0.003520807312496957,0.002947461855131959,0.002502504283426657,0.003017359858777608,0.0030037985738782186,0.0021118007936381735,0.0016484353741833592,0.0021416036036616994,0.001104049591786903,0.0012911802076127955,0.001049604768245416,0.0007896225976902491,0.0009437199268244088,0.0006689682735006946,0.0008418697464065959,0.0007646160325213123
WATER_SMP_0262,5.77,9.86,DEMO DATA - BIO-OPTICAL SIMULATION,0.023362030852827,0.023597584467894787,0.023763883060759706,0.024160909027762193,0.0239150988840894,0.024202166424437843,0.024075912502573328,0.023964455784014606,0.02404710803466982,0.023075609760391413,0.022991605956168688,0.023325339762756712,0.022322523401738726,0.021099850248497604,0.021371037518357172,0.020905269870106047,0.019461157565299352,0.019980788382884213,0.01865857288169724,0.01822673200048814,0.0172854377493838,0.01616799863956344,0.015417672638933863,0.01463245387891064,0.014409746501140084,0.013222757859989753,0.01235238005493617,0.011617109542621256,0.01184068029677838,0.011596637968985772,0.011053594790527114,0.010096452036961273,0.009047086985842952,0.007566646758459315,0.006962186000439858,0.006113504585272098,0.005187316362060396,0.005547447802073516,0.004565260774017948,0.004712952096301675,0.004231280480699826,0.003776771345231389,0.003465345457856374,0.0027956500542614393,0.0032617007356798336,0.002465026482779783,0.002312387016742157,0.0018171605917290216,0.0015414109471766323,0.0017901429993750647,0.0015543126458320083
WATER_SMP_0263,0.5,10.52,DEMO DATA - BIO-OPTICAL SIMULATION,0.004308648835683773,0.004090325759220171,0.004111949262490451,0.004815856119595714,0.0042286471669421245,0.004256767328398651,0.004728490437614403,0.003880016132657389,0.003909658176286626,0.003795875078687822,0.004398507068540471,0.004386045927150693,0.003877672542283981,0.003741788946805613,0.0031790594641297183,0.003777201319741349,0.0031083435648851096,0.0031160033122386906,0.002659249037999117,0.0024418568725539306,0.0028546625566292856,0.0023547386032846986,0.0024704245154430087,0.001961755853190072,0.0014979817315351784,0.0014914041849655758,0.0017250016955677263,0.001735934183837757,0.002036869021270836,0.0032160379071056212,0.002910541793952371,0.0028706810063683485,0.0023087819124660825,0.0013651993991126402,0.001468939778019313,0.00040929851615243535,0.000678860868146024,0.0005959078728926447,0.00045112661485933813,0.0001,0.0006418303867192564,0.0005665874285962014,0.00010731063827112432,0.00049185997792093,0.00036462147321480656,0.0001,0.0001,0.0005261407393947105,0.0002592095395904026,0.0001,0.0001
WATER_SMP_0264,2.67,6.94,DEMO DATA - BIO-OPTICAL SIMULATION,0.014754320332007935,0.014883669172359885,0.014843935696306054,0.014624929926185302,0.015504799546728969,0.015431775647762706,0.014696066647274785,0.015013734345622271,0.014552534223064515,0.01454954184168853,0.01428343352199323,0.013971806333279598,0.014370004402498063,0.013263728149147128,0.012740684113558973,0.01230600776759084,0.012368132500146147,0.011053045460699278,0.01079228549259822,0.010911733038596673,0.009997285357988585,0.009423353438719929,0.009447721941955927,0.008330259190795832,0.007505228852686344,0.0071236091010265295,0.006427836976985352,0.00683818518197239,0.006483607114589745,0.006559418029023864,0.006369862071381205,0.00541361883640127,0.0045866754028226955,0.004160705489738293,0.003336680881241757,0.0032166687892802573,0.0031798362477719164,0.0025203004924217697,0.0023780729216857006,0.0020892472723757927,0.00216118365756366,0.0015400248663771337,0.0009171971594742654,0.0015677683055070717,0.001586716183496191,0.001300546166640788,0.0008622275473380933,0.000611895415153098,0.0010083962260279316,0.0008188514643642419,0.0006629712881297031
WATER_SMP_0265,4.94,11.25,DEMO DATA - BIO-OPTICAL SIMULATION,0.022241060544525088,0.02156376275970291,0.022498933080264624,0.02205595931236811,0.021533516283083223,0.02202252404545482,0.022307405431604886,0.02180167511831524,0.021306382298051974,0.021481230105632763,0.02099812191343874,0.021069911437310605,0.020764151970903887,0.019768796585094218,0.01937325098543929,0.019259943775409915,0.018175641310717555,0.01746592464580754,0.016756445022725153,0.016503215944462805,0.01575230048224821,0.014697308990121592,0.014134796562942833,0.013816649351641836,0.012293621313298413,0.01124770848172482,0.01129253384818208,0.01062037636797028,0.010163291051729794,0.01039186024013425,0.01009853560728433,0.008484372011061362,0.007962808104617265,0.007812568297414902,0.0064025850914670905,0.005744378849261537,0.005357077985003902,0.004558486506192035,0.004388510375716329,0.003995168087438685,0.00360122301017007,0.00303007930101117,0.0028912210801411153,0.002400145928496173,0.002340072270005335,0.0017661950303310765,0.001679472030852501,0.0016498044782586709,0.0012857339344187208,0.0012668571686716937,0.0012326093754729975
WATER_SMP_0266,2.23,5.38,DEMO DATA - BIO-OPTICAL SIMULATION,0.013340387141922832,0.013596250992381816,0.013239480217436208,0.01381821147853845,0.013706996483791785,0.013550068056696016,0.013381449034017796,0.013328549534664632,0.013445746168434233,0.013271939426791493,0.013078779235513833,0.012422869563592544,0.012269238394733982,0.01216034264796991,0.011189864058502318,0.010869931391873935,0.010531719024705018,0.010335869531803977,0.00986222177099823,0.009027811586840476,0.008146728812846017,0.00817322559469168,0.007326514864791697,0.006665003039372229,0.006256388061460557,0.006284351485984294,0.006205653608962952,0.005529234652589934,0.005428221849117324,0.005616670484203896,0.004594869472125023,0.004810439558936187,0.004090388522418284,0.0036867869483627473,0.0028916582437806815,0.0024302702702554972,0.002441613975408343,0.0026653365052607568,0.0022267196816709474,0.0016328518239902392,0.001215633134532372,0.0009607197380020776,0.0017211245748294732,0.0009132284629715956,0.0009870738555520114,0.001376645641849228,0.0004013631572983543,0.0012473337827588699,0.0006457812401825347,0.00030689921299838175,0.0005135891678138046
WATER_SMP_0267,22.33,22.79,DEMO DATA - BIO-OPTICAL SIMULATION,0.03835332556310924,0.03883037300917735,0.038604105202451056,0.038296047120296314,0.03884305325305337,0.03850866334585032,0.038948009941759815,0.0384642319740848,0.03856801850803158,0.03862141869253131,0.03831103841233731,0.038211694723764456,0.03805387124503043,0.037164902116964306,0.0371027098417657,0.035678329174084804,0.03625033858488968,0.035527382484578686,0.03470572898896826,0.03441986018216688,0.0339427233326554,0.032656018576845525,0.031666583568876146,0.0310938316914262,0.029674260237663688,0.028833459100393408,0.02831506063968054,0.026978277774830955,0.025629574533683867,0.025021436688759058,0.024833985260459258,0.023924663774774518,0.02174166087884363,0.02079866222291204,0.01957690101082519,0.01841686469594516,0.016755339936772872,0.01569538735251965,0.013842669149798016,0.014094554654893331,0.012316616565564573,0.011278511808360469,0.010597803590425583,0.010291444876507707,0.009712290240431912,0.008347784698073308,0.007917697946265196,0.006986195196631323,0.006062362071759979,0.006261053190163343,0.00511771229188401
WATER_SMP_0268,1.93,10.08,DEMO DATA - BIO-OPTICAL SIMULATION,0.01240970814915989,0.012416789289653337,0.012267276029696845,0.01266196069984004,0.012784445756527112,0.012032099007708907,0.01177797365308191,0.011361293076862584,0.012456524836935783,0.01147553925779044,0.0117339497747865,0.010919368737816848,0.011315251032620256,0.010321644508493572,0.009820828551741986,0.009734719148892488,0.009232958913179322,0.009147321875305758,0.008514348133090335,0.008269577754170277,0.0075403486301819835,0.006973953195398005,0.006548084468289282,0.006894960937929534,0.005924471190029442,0.004877958564313994,0.005033269252246374,0.005122761313437016,0.005766421418253419,0.005707090051384111,0.005096321453981542,0.00568060777933728,0.004215326857852367,0.0038129707117348683,0.002464732753658748,0.0016678644100445944,0.0016818265871018144,0.0009170756886636937,0.0023463434866968455,0.0016163850460945955,0.0011284896177129393,0.001408497859246618,0.0012082637523270759,0.001227485929997003,0.0013039133401091159,0.0007631962126349776,0.0005038256083745996,0.000941468035014262,0.0008662648837478833,0.0005946553783759336,0.001162427538877988
WATER_SMP_0269,4.25,7.15,DEMO DATA - BIO-OPTICAL SIMULATION,0.019805523351230973,0.019811715515695737,0.020318435567414087,0.020064605582290056,0.02044892846871417,0.020039250917163635,0.020110539722561424,0.020689176316198005,0.01983916721395919,0.01950604538064103,0.019826698893059533,0.018834664253950067,0.018561832750964374,0.01850911797625655,0.018133128528855097,0.017685430448888616,0.01651907117590053,0.016307056672253923,0.015339950093941545,0.014622082475684476,0.014467515987023245,0.013229730152044162,0.012757900289371689,0.011999226006621342,0.010914971809580837,0.010829688825112262,0.010070248298319213,0.008792960952138227,0.009115599795999914,0.008515206047638814,0.008683746272253321,0.007299973083685604,0.006822203394356752,0.006211505995711215,0.005406950211091136,0.00505287309700876,0.003909606867881295,0.004465844513650491,0.0037724434650015888,0.003697372356991102,0.003252729123128004,0.0027125555412437505,0.0020793757653088996,0.0020656581963807968,0.0025016761916619593,0.0022490560225852502,0.0014732890252431258,0.000655203413538323,0.0012929183501782086,0.0011397466698075068,0.0010326318542717605
WATER_SMP_0270,6.72,14.0,DEMO DATA - BIO-OPTICAL SIMULATION,0.02555832139308982,0.025827366927743674,0.025989822991860208,0.025914614128038353,0.025285313506840313,0.025720970599850405,0.026462339365217913,0.0257782605558182,0.02561575607583533,0.025395038692803528,0.02513428547452022,0.023956818606532423,0.024201145520938033,0.023802361247407908,0.02367948664654404,0.022733184190533093,0.02159412826679162,0.021535342911685736,0.020436941404562668,0.01954362070585928,0.01885368249917787,0.01843310076977096,0.017792313932152,0.016688410255857714,0.015852885014730717,0.014931904090471211,0.014014340825337038,0.013573674790838968,0.012276206799763654,0.012789996160291766,0.012013513568693467,0.011853749305025984,0.010308140943945134,0.009136864842643066,0.007611936415004722,0.007530666882127515,0.006745556970655011,0.006153351214641384,0.005227347463635137,0.004764706391230665,0.00462504412638518,0.003944262517297314,0.003909508087856768,0.002787257522689666,0.002974055775037107,0.0033706428847625216,0.002699491995399723,0.0023767000448531596,0.002702538032899479,0.0012061563111290079,0.0014804330929591575
WATER_SMP_0271,19.16,21.75,DEMO DATA - BIO-OPTICAL SIMULATION,0.03705767945433075,0.03757307232475799,0.037686124869266036,0.03723976791821933,0.03784127322913637,0.037427216376817334,0.03787980661485487,0.03713412893710597,0.037291725572513326,0.03702132844090972,0.03727739416894473,0.03654623651972736,0.03638092563517969,0.03618236369746137,0.035774798869106644,0.03540088914452361,0.03466318666039827,0.033880086949904464,0.03324673207929914,0.03264606755992773,0.03194153410577332,0.030993972709170134,0.03016062757429399,0.028762627723605425,0.028422190519110917,0.027215153744516274,0.026374852951443324,0.025100832966029964,0.023843649675816685,0.02366029246997442,0.022959346100095004,0.02213187536117594,0.019845748986817874,0.018917013489739596,0.017591660769398713,0.015950491904741872,0.015029792184312166,0.013768315597248894,0.012743803106135626,0.011892709353282628,0.010899664991544575,0.010461732402431808,0.009227055045495485,0.00841511388051084,0.008502233566589312,0.007592736593537739,0.006124457395518498,0.005876211827927435,0.005643766440279332,0.005174304092644267,0.004174905805494669
WATER_SMP_0272,1.92,5.41,DEMO DATA - BIO-OPTICAL SIMULATION,0.012258363578787863,0.012236112578462674,0.012188599060336244,0.01248097228413951,0.012210918731439273,0.012179627921225877,0.012448281823856534,0.012211388127869807,0.011491300313572464,0.011758325060614899,0.011155480603683706,0.011254825175615903,0.010959212733680926,0.010079833039960653,0.010105830252533263,0.009841840104088631,0.009227648857600631,0.009030033737667732,0.008739951628974575,0.00804180249542783,0.007666102939075934,0.007560967800545219,0.006838894520633009,0.006316304728278534,0.005541974013838406,0.005632303683074095,0.005193147018663117,0.0052530296938062765,0.004782752634891392,0.004171552664670021,0.004047394238889812,0.004411114455166345,0.0034897261627916637,0.0032436971135824605,0.0026958114523562625,0.002280018285621025,0.0020539235221074285,0.0016217741460188117,0.001700087017109205,0.001369813583434577,0.0012880085878511237,0.001169992602544367,0.0010783540896393135,0.0013132332799337231,0.0008979271826009954,0.0011534904010801887,0.0012257020526023662,0.0009465152671505395,0.0007831001219595169,0.0006599493076883355,0.0007664791426134656
WATER_SMP_0273,15.34,18.54,DEMO DATA - BIO-OPTICAL SIMULATION,0.03499443440681132,0.035412911960456636,0.03541928548977917,0.03520982078386763,0.03563202144312439,0.035396509915125794,0.03530084091958275,0.03510875227689553,0.03517318639698402,0.03524449643130766,0.03498248686177904,0.0345379426697805,0.03427180905889896,0.03407554951276173,0.0331919028973213,0.032384851295451156,0.03253162566180311,0.03134344633949248,0.030596353263523987,0.029507053574256006,0.029403294564417152,0.02787793656410102,0.02722173421965221,0.02665843638870836,0.0256848867421964,0.024210013929415734,0.023297778045596313,0.02213452534564745,0.021524866613804226,0.021193248737580484,0.020236422876729523,0.019233502828262538,0.017469588383151716,0.016750160094274328,0.015176901092726283,0.01406470968623459,0.013170024893414154,0.011586020659606028,0.01083718302061913,0.009535939684545323,0.010252414638213548,0.008517433204159678,0.008171994297304376,0.00683254011197493,0.00689113623649524,0.006581060762427413,0.005479021534802248,0.004707127534166401,0.004520049590685648,0.0034809084045456773,0.0037586547997077112
WATER_SMP_0274,6.1,11.82,DEMO DATA - BIO-OPTICAL SIMULATION,0.024471850447206088,0.02437703913048674,0.024428549305941426,0.024758272910147504,0.024824076607576184,0.024141040223841278,0.024611911341440702,0.025209539963552553,0.023916427339414136,0.024072130466973922,0.024402204447059987,0.023813046494387966,0.02292987148684737,0.022688383129759394,0.02211052241382083,0.021315582831331024,0.020893961453749433,0.02015986658852293,0.01956148809284189,0.01854865614760885,0.017603503495733416,0.01716179960130521,0.016857630622319073,0.015524621222804224,0.014552213186297076,0.014040459919271633,0.01299409236140234,0.012997298928574269,0.012057395233578698,0.011994038969808793,0.011121714776439869,0.010720114668002533,0.00958719359866601,0.008367773749480167,0.007262359128552111,0.006452577330872363,0.006111454147534065,0.0056860827492465895,0.004981769461835227,0.004666765509202415,0.004163507706225221,0.0038302744183231477,0.0033962528741336667,0.0031455806282904624,0.0036598064609926185,0.002678760846547612,0.002536697251780933,0.002253648038512127,0.0018422164498452518,0.0021262292233150204,0.0014843453151258445
WATER_SMP_0275,2.76,8.45,DEMO DATA - BIO-OPTICAL SIMULATION,0.015565790656035474,0.015260130588817417,0.015155645823591473,0.015604988040302319,0.015180738343778704,0.015651460824793784,0.015070193599508635,0.015227091777977339,0.014742499780668472,0.015822201927695023,0.014234971805584721,0.01444394699474545,0.01444866974335577,0.014038148114874431,0.013563941007451542,0.012758073806411125,0.012770998378078064,0.012124732397281875,0.01137736728858565,0.010832293879925951,0.010104516719656023,0.009353094445006292,0.009427604299097996,0.00888631434953234,0.007676990353750486,0.0073776863199386524,0.006942614318162468,0.006693602497001874,0.0066252754036911846,0.006861697597236131,0.006168335593803102,0.0056469151967293305,0.005535228133107147,0.004251274883008399,0.003371207811938105,0.003136621970770247,0.0028371657661964912,0.003122323576317603,0.002687660804408319,0.0025319255160810568,0.002230362875956832,0.002082475481611905,0.0014226502746111313,0.0014150079771863223,0.0010370182001062363,0.0011430421020177225,0.0012953654450685752,0.0010252228019792648,0.001282855275420904,0.00046054218263724114,0.0008747918571610728
WATER_SMP_0276,8.76,8.86,DEMO DATA - BIO-OPTICAL SIMULATION,0.028242690175979888,0.028812238451268086,0.029136390045935687,0.028940501217228604,0.02921780678168059,0.028766089000914097,0.028507343622123215,0.029074042007200415,0.029276015528394234,0.028242915550796218,0.028638339497227397,0.02795413182686471,0.027148247481019717,0.026755336425294426,0.02658357393978384,0.025880747797960298,0.024972436712852063,0.02416590975402034,0.023674955401279153,0.02319327691538255,0.022295739290040525,0.021271917653630266,0.020575859618172713,0.019894958846084772,0.01874907838474876,0.01763247460927012,0.01701183072346116,0.015613399900863693,0.015158394926971913,0.014573278967491901,0.01357602734249795,0.012914658029250457,0.011327378628509542,0.011402292078235286,0.009533483946221406,0.009423772282931705,0.008208706091819763,0.007691462829127503,0.006752159235373972,0.006381150956912591,0.0059740786228585545,0.0054770811622405205,0.005046076822207626,0.0042745917588735,0.003846181967416279,0.003149128802272724,0.0034514256161384204,0.00331431821479642,0.0031957074652225006,0.0025480749299972402,0.001994688786114674
WATER_SMP_0277,7.09,9.22,DEMO DATA - BIO-OPTICAL SIMULATION,0.025557100276770724,0.02654448779740171,0.025822241098605467,0.02634796317289188,0.026428338844677688,0.026473447476507605,0.026453715728750223,0.02638025179392472,0.02545458001890241,0.025966304922059962,0.025016346030120547,0.025567590387154608,0.024782928399167042,0.023842882349749225,0.023726177069823533,0.023221539663446773,0.02311619386007823,0.022132174534264287,0.02144280588998504,0.020917304337591907,0.019720506675309966,0.01913130101518098,0.018241902136220563,0.016765188622211793,0.016696524107157752,0.014933532536812661,0.014782593768375098,0.01332432480427059,0.013407152777006263,0.013320501108105632,0.012121982925465315,0.01128271192663387,0.010508920390216558,0.009159510236127513,0.008856073650371643,0.0075819923503692,0.00676612164377301,0.006114975721964773,0.005462365522243367,0.005059088859167519,0.004683776529768441,0.004218787264349903,0.0037766150984526346,0.004243884528604693,0.0029747646877572678,0.003024928432566735,0.002881611793980143,0.0026397886435140213,0.002202317644760925,0.0019373962989584273,0.0019537371414443615
WATER_SMP_0278,3.74,7.5,DEMO DATA - BIO-OPTICAL SIMULATION,0.018562368062640618,0.01854071719047888,0.01825381314179446,0.018650168516721393,0.018475332350353882,0.018605110327243074,0.018755345011573755,0.01874464310862966,0.019012203284681544,0.018105775582097076,0.01823538186385013,0.017777804383811206,0.017705660663689927,0.01707007063099248,0.016127050351341536,0.01540054069727336,0.01545837303356689,0.014618597461363039,0.013865273255192498,0.013137354629123688,0.012906403531933614,0.012639426123263308,0.01138829610730777,0.011012770676142166,0.010138164055465387,0.009139152923859546,0.009168752827633981,0.00817594339868234,0.00823198555914457,0.007915177387694945,0.00795694825301994,0.006792827315298209,0.006448334484851503,0.0052738221310458504,0.004686743475886899,0.003216648327058259,0.004513538661205821,0.003694002946862761,0.002979479536779962,0.0025808897227942744,0.0025023520260305425,0.002621196922248358,0.0016144265044337343,0.0019348954900243803,0.002321885088411446,0.0012804816077940134,0.0014901096018997292,0.0019864390683884438,0.0013875033474646705,0.001119913730676479,0.0011292524286298608
WATER_SMP_0279,6.4,9.97,DEMO DATA - BIO-OPTICAL SIMULATION,0.024685264624659958,0.025358992482024036,0.024976515190449817,0.024595810410471534,0.02510996470016231,0.02493430794032125,0.02508696649767892,0.024987729395031882,0.025263399228774908,0.024893947238544843,0.02448639190779171,0.02406844504409159,0.02335313396861104,0.022557889457054434,0.022728888731451236,0.02235939784811757,0.021460926557383627,0.020655596391214788,0.02023289402238621,0.01930629269592097,0.019041042058087997,0.01808195244527276,0.017156411219011975,0.01623866730448109,0.014760205589413683,0.014489166867929715,0.013599113312716451,0.013005138405660852,0.012501040564452526,0.01211172298173431,0.012279652991661257,0.010657321820285054,0.009937679351568883,0.008451934668639043,0.007897123976009246,0.0071841535389262565,0.006387104157565204,0.006233940361824885,0.004973221072307566,0.004636076773026609,0.004424146823203356,0.004235340111628342,0.003666383015743433,0.003668818626490612,0.0027824518635184694,0.0023622236717747553,0.00254410017042292,0.002197892058280789,0.002173759194727031,0.0018114203887857905,0.0015437578369254148
WATER_SMP_0280,4.44,9.8,DEMO DATA - BIO-OPTICAL SIMULATION,0.02042196626186885,0.02060063241488968,0.020614103276090267,0.02072058406675728,0.020695041646251362,0.021062963004646853,0.02080613054849391,0.02131627394881321,0.020525862045550874,0.020096153238078722,0.020790664652047916,0.0197855678036028,0.01957498691838616,0.019017849174607502,0.018537424734473396,0.017972673525072366,0.01689792459689785,0.016715236074140303,0.015549208662181442,0.015207254514526307,0.014332307983787256,0.013931744652983689,0.013189945609088946,0.01249653695712013,0.011705800819688677,0.010727308913474317,0.010193471480180271,0.010070590081605683,0.009840627123818788,0.008989011989559089,0.008534231963297535,0.008121501125812995,0.0077429846458462424,0.006841335676039752,0.005387537767557312,0.005130635540935248,0.005097971685855668,0.00425839512671879,0.004190587878105636,0.003725742992563502,0.002842471791304276,0.002773346933213875,0.002579373333777048,0.0023610346897321973,0.002386251535761842,0.0020347308879356974,0.0008498062455514904,0.0011717391523999488,0.0007593693231089638,0.001332010932670092,0.0012280248556081313
WATER_SMP_0281,6.62,10.66,DEMO DATA - BIO-OPTICAL SIMULATION,0.025316720667612164,0.025108513758432982,0.02572639751563243,0.025826957007557765,0.025279945469451004,0.025214238448319458,0.025601567836130542,0.026033803242059856,0.025845393196103884,0.025286083106332298,0.024620390878614912,0.024767439315123606,0.02396692481171779,0.023413278908200018,0.02248198383644176,0.02258029536755994,0.021730660039952037,0.02126795024923716,0.019822524736329894,0.01979579790447099,0.018213181581906136,0.01843817901959982,0.017416047863536253,0.016308677601427197,0.015685608125666665,0.01435365884039316,0.013852725271478338,0.01340038447342014,0.01176734250318021,0.01219219289381505,0.011813412772506865,0.0109561293895372,0.010398089746867116,0.008524391536194274,0.00771035559349609,0.006540440977318084,0.006925575369187228,0.005838879697052089,0.0052728796849214055,0.004919537427332272,0.00469219984784538,0.0042047656771125215,0.004525647873421101,0.00352797337274366,0.00294075123625926,0.0026266925849908174,0.0024165202777035855,0.0018457844224916765,0.002091339755235691,0.002116908053837092,0.0015182486383609173
WATER_SMP_0282,10.27,10.55,DEMO DATA - BIO-OPTICAL SIMULATION,0.030273995669348637,0.03113565766407996,0.030381746147277247,0.03027929769602685,0.030601856194220036,0.03048884456058074,0.031022353281901185,0.030703254196121823,0.030597368052652896,0.030805361878957126,0.02999053350161595,0.030109351875093976,0.029948170980612542,0.02891420746993903,0.028766038893483212,0.027904678355560063,0.0276261109351691,0.026190339655934904,0.025424980769593226,0.025005566871292816,0.024012378314675835,0.023237038077286592,0.022401765554707333,0.021727397338813282,0.020405392333833178,0.01927754672556875,0.018435227484217522,0.017432263166454805,0.01667554796845209,0.015856154567966393,0.015639560201984492,0.014480274005284656,0.013762557179163934,0.011816731955104312,0.01097606990806832,0.010726857567366183,0.00906983720934174,0.008529833458730565,0.007540126126847471,0.006850038698110875,0.0071111999575420495,0.006132222004165816,0.00559513977973307,0.004559028682007554,0.004725528285395253,0.004550391120670766,0.004166624033395143,0.0036722813677179302,0.00281232983127602,0.0029519242686723126,0.002790555801573075
WATER_SMP_0283,21.52,22.97,DEMO DATA - BIO-OPTICAL SIMULATION,0.037703749103138125,0.03803608175080668,0.03874117923659549,0.03880982307819719,0.03812278140806227,0.038832265751212014,0.03859272372193619,0.038730626305077384,0.03819776529285709,0.038430829507628696,0.0382946578454756,0.03769316140633365,0.037511539353404004,0.036967778651343174,0.03726043139631688,0.036276161738168416,0.03552612513019395,0.03502048959328345,0.03464704082810145,0.03414979988241674,0.03277918887608616,0.032932670156738,0.03161308172832124,0.03074621472565691,0.02960008499555388,0.02858546373213748,0.027449287884448788,0.02681477764721849,0.025753846883874394,0.0253705728609675,0.02424768876479312,0.023319257423189,0.02157363670613305,0.020608234356574533,0.018504339660842428,0.017334449381743063,0.01615347593894245,0.015043008058244942,0.014320864996140641,0.013007862022812641,0.012563150582618745,0.010986684557240793,0.010417075527334507,0.009315377262609855,0.008904474249354763,0.008051515993557481,0.007335281396484134,0.007110130877660678,0.005973924848328464,0.005805957787218322,0.004900305819558813
WATER_SMP_0284,2.25,8.02,DEMO DATA - BIO-OPTICAL SIMULATION,0.013325810918315433,0.013025837126868564,0.013253511104070474,0.013467170474179176,0.014044283364016665,0.013503749915421847,0.013906459824201092,0.013373485861032701,0.013047777836436831,0.013440459815156272,0.012882514211892682,0.012289900642243971,0.012315098569610121,0.011739411881414091,0.010848713161684242,0.011313030046255232,0.010920318598836805,0.010680274325930921,0.009775024043019883,0.009080829443082956,0.008905726617799632,0.008407683850266377,0.008144280485839081,0.007147018166930879,0.006633348892748559,0.006024777124871277,0.006038020929593888,0.005202131953248513,0.005866257040558078,0.005838659922664735,0.005708328807005266,0.0051413469940058566,0.004885898832729835,0.003976984790143689,0.0029533436276269667,0.0025449785578085422,0.002160565579597544,0.0023538668557758456,0.0016836556559670928,0.002123888566965685,0.002027267952710442,0.0012129487499990407,0.0012809024420494517,0.0012140582983309349,0.0013583702608842738,0.0014707375163350608,0.000386813398534524,0.0007104681976001889,0.0006477367793242764,0.0002363971645315987,0.00044689132230973705
WATER_SMP_0285,33.33,32.78,DEMO DATA - BIO-OPTICAL SIMULATION,0.04182867190833155,0.04171853378467975,0.04141860517221295,0.042800828325563194,0.04205044517939229,0.042009992995405664,0.04162533609067181,0.041981821970851055,0.041772136585692565,0.041139654611025665,0.041234995214512155,0.04160740051528841,0.0417258374918685,0.040985164487357714,0.040894783225088396,0.04016022962725762,0.039776186134908034,0.039674670413027975,0.03933955921039878,0.03867083287731775,0.03734539271618347,0.036973955535470664,0.03634895499214798,0.0353989338401489,0.03473018536976273,0.03389922166649113,0.03291929206194099,0.03216591481925089,0.030839849784415823,0.02996168023018622,0.02976798661637168,0.029155622512045804,0.02703232755239239,0.025805202486388946,0.02426975956298719,0.022708487350649308,0.021353703599938198,0.019838556638678017,0.01822995853224196,0.01740714475742072,0.016479309327106582,0.015815306260426622,0.01438325589609479,0.0132288375032955,0.01213287274652089,0.01166037497936917,0.010983078031757122,0.0100567519738495,0.00913183873201031,0.007769353686037905,0.007417513543773601
WATER_SMP_0286,1.27,8.18,DEMO DATA - BIO-OPTICAL SIMULATION,0.009444427095037103,0.009237235869656071,0.00846381333286587,0.008914031915030691,0.00902394173234243,0.008647017249599228,0.008117936529788533,0.008748206924000952,0.008361864207993796,0.008213939413704853,0.008164961034833182,0.008025647009550487,0.00783089435959915,0.007311756686823951,0.0072322203431772255,0.006473376667548043,0.006780582632392824,0.005504997391382186,0.005941290987691451,0.005965494253057781,0.005032444961175459,0.005227950450521113,0.005027981579523785,0.0033663161194085163,0.004007299272450765,0.0029216932579552704,0.003568834913304358,0.0035814973302500707,0.0029955525449572905,0.004524118292451477,0.004052799508472298,0.0033944836304946263,0.0035045629152097835,0.0018978345898304448,0.0015746865162542126,0.0009319659194358391,0.0019571242190767175,0.001368676475492912,0.001344177620033442,0.001127667706319761,0.0011107030973628747,0.000872177156837964,0.0008484177676483557,0.0007253416597305653,0.0004433035637387923,0.0005510247013531881,0.000591981248199526,0.0004932066869616684,0.0001,0.0001,0.0006622558064578636
WATER_SMP_0287,5.36,10.95,DEMO DATA - BIO-OPTICAL SIMULATION,0.022565847781404063,0.0229906910663832,0.0226095041312289,0.022577884143753307,0.022806661136783653,0.022986689544012243,0.022798272321944445,0.02327814086971741,0.02278131999635094,0.02306306723551025,0.022352706691223686,0.021172027362936472,0.02181851413511001,0.020597158279610384,0.02061169713038236,0.01974949877406281,0.020014474006460673,0.019148052664740577,0.017798015299819583,0.017252383463169544,0.016605917289986002,0.01601206321586475,0.014967661371381356,0.013849456570639598,0.013139141986971184,0.012566798092592495,0.012221214455396801,0.011427697632325642,0.010733147714229846,0.010922329083370564,0.01021638863709175,0.009872230892135292,0.009361960588850022,0.007445282998705657,0.006888327378706249,0.005715577697403455,0.00534237018883073,0.004905346597953432,0.004407571494071624,0.004809270076431718,0.003614131887829667,0.0035468771939229198,0.0024837916757364377,0.0029100395185495697,0.0028646464138250157,0.002127663600683792,0.0013175059594518332,0.0018627708477786684,0.0017009912947105682,0.00175078974047442,0.0019894945046497504
WATER_SMP_0288,9.69,13.67,DEMO DATA - BIO-OPTICAL SIMULATION,0.029707278389106265,0.029730144215715834,0.02976654917637974,0.030266396454410302,0.030398801983194397,0.0300939651628657,0.03044562738622261,0.030254870193264633,0.02997768256824775,0.02948726400126157,0.029348419210757228,0.028439035068259906,0.02885241272370969,0.02834130610636145,0.027879588069413593,0.027402489798937436,0.026734951222373907,0.025896115912877753,0.02519885513208406,0.023966791935366882,0.02337022198211502,0.022676498258944047,0.02152128424103884,0.02105107663337231,0.019620782752291645,0.018892530467796723,0.017904903848673968,0.017280771460071894,0.016736954390901455,0.01619899596442876,0.01473727961093869,0.014776094727290065,0.01364146435741746,0.011737075072599114,0.010784437096920606,0.009473088251630332,0.008334633663250476,0.007968991818244587,0.007358593513979812,0.006790072098827452,0.006026800496388877,0.005552878237379866,0.005267152775847235,0.004574515906101264,0.004539637067195389,0.004186098036038187,0.004332838667565171,0.0036236914467940393,0.00305436331359189,0.0025170404770806037,0.0025372844348193206
WATER_SMP_0289,7.57,10.92,DEMO DATA - BIO-OPTICAL SIMULATION,0.026962490778205336,0.026877087830242178,0.027396094696612507,0.026831341166319998,0.027223790273301744,0.02746349785396958,0.027160283647820156,0.027081647589045743,0.026944134375184087,0.026519003478251153,0.026846653877221432,0.025853142972793466,0.025856629000790634,0.02542642429043403,0.024498130292355542,0.024225796973555185,0.023295254448642458,0.023296088900513243,0.021798191665555394,0.02115998499577234,0.020166067236318523,0.019270243572002882,0.01927278292045674,0.018056274659623558,0.01701970980021673,0.015863492087490917,0.01546048132314165,0.0142079041707377,0.014159485260913478,0.013224584120555986,0.01272724817185865,0.012291321016478398,0.011222009689698161,0.009994526600789564,0.008482936875808852,0.00782634739832666,0.007307921083105179,0.006390590868680986,0.0064945067839183995,0.004842078243948554,0.0048462073709634205,0.004479975636384562,0.0033669038353966443,0.0034209828025805102,0.003677939243940871,0.003178838502031469,0.003348145545282892,0.003071439921895689,0.0024928735555018572,0.002233700631973655,0.001956291797619917
WATER_SMP_0290,3.68,4.62,DEMO DATA - BIO-OPTICAL SIMULATION,0.017485805692012135,0.01799862835950361,0.01855006287327669,0.018771952101279715,0.01870214088858569,0.018333041403219858,0.018821949897836487,0.018877193963096475,0.018555270374401724,0.01836035138089221,0.017632693949623975,0.01780761053414032,0.01716113149194934,0.01685335142684346,0.01634448660578256,0.015689313430263595,0.014918822941285034,0.014568336464073583,0.01427574797069429,0.013210526004491187,0.012956903291369285,0.01224489225402459,0.011264101953690875,0.011101660322641854,0.00991747589553868,0.00983562133213107,0.008918423370635718,0.008279768769988132,0.007626511041507343,0.007529044698015106,0.00709151130231284,0.006225246060895122,0.00587282491039297,0.005028300198614057,0.004863229129436451,0.004603437121019193,0.0034473221584138745,0.003982842639054453,0.003117519775310663,0.0025769186034533985,0.00283375356135701,0.002231488871902253,0.002120437679153768,0.0018223270108167354,0.0015149768810119998,0.0018099847525608977,0.0013548021161906944,0.0008715068747091649,0.001342384965117071,0.000701633678722113,0.0006142423866121567
WATER_SMP_0291,5.12,9.96,DEMO DATA - BIO-OPTICAL SIMULATION,0.022475711612516675,0.021914279341109497,0.021698359596267126,0.022661383158909136,0.022422104965601215,0.022440790089542566,0.02235547683022911,0.022411158718340766,0.021953361416589358,0.0224033345774088,0.021241480286712845,0.021483605679677845,0.021150708101305617,0.020281263761470675,0.019698183030613353,0.019754440813580278,0.01854751047952881,0.018014217319448824,0.017775032394106643,0.01679888898515466,0.015502262911266693,0.01579840922127368,0.014334908493868995,0.013586175922299253,0.012997690663168795,0.012339560643139532,0.012037768586203793,0.010403920514550764,0.010804072389893435,0.01052387276688407,0.00985961520129784,0.009431214769301182,0.00851905328325915,0.006825830365572704,0.0069051085843120225,0.005235979729146571,0.0048224916483623525,0.00462280960220148,0.004863729229039868,0.0038129911218830214,0.0035452317556123403,0.0036618637095497523,0.0028459920594417335,0.0023111877823965266,0.002291331991954677,0.002601066536100752,0.0020043894865469486,0.002374090226529074,0.0018450515298883035,0.0012746498269526696,0.0013421859852926301
WATER_SMP_0292,4.08,8.68,DEMO DATA - BIO-OPTICAL SIMULATION,0.01919467386614193,0.019392131355330244,0.02104539502238557,0.020079462092930146,0.0200639736157514,0.019606620084732664,0.020205444419417958,0.01995575608753987,0.02002994114254452,0.01980145477278954,0.018539462237942082,0.018327329795563656,0.017982310792465386,0.017571023700650057,0.01747200240144579,0.01667897067328958,0.01690222692114029,0.01624552487573798,0.015033566900375345,0.014957155653460863,0.014131999289353213,0.012851736340857097,0.011678414697002025,0.011509291496416971,0.010681636494754213,0.010260830061918016,0.00961914369639697,0.009152799682094393,0.009017597433525737,0.008302445902706696,0.008457486594895263,0.0075855816259054135,0.006930865454382893,0.006277069910188923,0.004872541206928243,0.0045756240235322425,0.004168864847565304,0.003665402063150859,0.0037459998530386634,0.002946001284278444,0.0027073271101638622,0.002396633811448516,0.0026951672690690267,0.0019985422038656907,0.002082332209053271,0.0023529675218074597,0.0015702716186643405,0.001774012589145978,0.0018034552696136825,0.0014846725833560538,0.0010576604918435652
WATER_SMP_0293,3.78,8.56,DEMO DATA - BIO-OPTICAL SIMULATION,0.01877199966956951,0.018329780200667306,0.018586481284851093,0.018707683077879313,0.019590334998119237,0.018660538654789838,0.01859627553502783,0.018422947329901986,0.018744940786138968,0.01840839937727111,0.01842716813459016,0.017984903008513013,0.016999432910810543,0.016750689752396845,0.01693363605434402,0.015949456238438058,0.015812579549562916,0.014821614492807758,0.01395629647006799,0.013511481717252518,0.012649910236440968,0.01209683784465346,0.011647561254301582,0.011062426499454853,0.009762029381402998,0.009589532795094717,0.008846236620872769,0.008404337902820372,0.008399578480552594,0.00803247818643634,0.008309581258218795,0.007661759237041972,0.006839026423274039,0.005480673803301872,0.004616289365805691,0.0043752535452414205,0.0038743639693010474,0.003375152785770666,0.0028831090141000276,0.002929691824751224,0.0025516211087876755,0.002632524588199635,0.0023997075295705736,0.0023241077914734937,0.0014279041378044517,0.0017546091058305477,0.0012601213609902456,0.0009705372024570611,0.0010794408932044814,0.0014119528614885187,0.0008738975259904422
WATER_SMP_0294,11.94,12.0,DEMO DATA - BIO-OPTICAL SIMULATION,0.03271155558451545,0.032567146644263634,0.032409986749720565,0.032964337070602825,0.03279763003116347,0.03238871987764386,0.03318463094351819,0.03261465910127747,0.03240099785879427,0.031943502091420904,0.03230282833266668,0.03179496485791226,0.03145972447837585,0.030688977845272802,0.030600115372772765,0.03007026257040232,0.02898157147247789,0.028082427891285584,0.027949036297459776,0.026514245501186175,0.026191564173735193,0.025123931051121703,0.024693274207442543,0.023241628857300113,0.022688590874363562,0.021170105216485702,0.020601685333573375,0.020001248191155722,0.018321783619478785,0.018085936212890584,0.018067059555139934,0.01624405866925176,0.014996626005777189,0.013913849039873522,0.012495835695172153,0.010937165220080317,0.010882982335577865,0.009119105988217207,0.008828216174814734,0.008595869964117127,0.007451681432056124,0.006719255282082734,0.006602677950166702,0.005536712467737224,0.004918658853891406,0.00489938945679733,0.004330433218683552,0.003615080251782486,0.003814707873865417,0.003428926780237512,0.0028760935750941226
WATER_SMP_0295,8.05,9.28,DEMO DATA - BIO-OPTICAL SIMULATION,0.027515460607294803,0.02791090552843548,0.028257172120615785,0.02790550023820533,0.028233721989772476,0.028207349420053304,0.02825248061813521,0.027898922659410918,0.027456785296242854,0.027377690344713698,0.027345951178080852,0.027454564859238244,0.026368170078652626,0.02629737540585099,0.02543881283346205,0.02499168624806259,0.02477663085927659,0.02385989006837899,0.02251574479209742,0.021927492748947584,0.021646141025222842,0.02044683284798367,0.019166057288543602,0.018349372703674528,0.017874272304455523,0.01702454295373255,0.015828694715002718,0.015778130153495513,0.014663752075981577,0.0138117171387083,0.013003988612837776,0.012080910534142283,0.011398769275127606,0.010042622083114948,0.009696998346551876,0.008796793187073186,0.007830687217552375,0.00664820582369521,0.006213197178787052,0.006246584785248759,0.005194722823730919,0.005231072540041572,0.004603057267125199,0.004076217716528335,0.0034818739545586274,0.0033266163491476883,0.0031022154443414354,0.003071906418261257,0.002237796848911107,0.002188802364538101,0.00206625590361885
WATER_SMP_0296,3.48,9.89,DEMO DATA - BIO-OPTICAL SIMULATION,0.017863354591079506,0.017522402925496245,0.01749926940502008,0.01816087235469768,0.01752929678186333,0.01835439202288522,0.017861551698851064,0.017336141825000782,0.017498937672706424,0.01754862652025155,0.0170153506917502,0.016869957138831167,0.01672418789494049,0.016030940559911784,0.015353794082864462,0.01504591541092346,0.015022425607574648,0.014532469026214374,0.01282205080410349,0.013134394900091094,0.012245264114133507,0.01180077840478381,0.010708131174234713,0.009694983292751539,0.009763479955848964,0.008698499828671546,0.00804047313027601,0.007709211988642008,0.008141893227015957,0.007942189441579166,0.007902676554365563,0.0072960765767793685,0.006121498189282248,0.005332847066059042,0.004453928895909698,0.003990017439186223,0.003346699710806009,0.0034129542678674827,0.0033177257780320542,0.0024769205830027785,0.002856028636091107,0.0022765493589835214,0.0021053004292236003,0.0013318913691671157,0.0011252074993368531,0.001551920611977925,0.001601306580128427,0.0010319074426959254,0.0016154168228083906,0.001227037297967196,0.0006363606770788412
WATER_SMP_0297,12.42,14.86,DEMO DATA - BIO-OPTICAL SIMULATION,0.03270038763917171,0.033593372047332745,0.032602181732462994,0.03322086051758306,0.03301301474879886,0.03332665363057195,0.03345407930724358,0.032869230150794786,0.0331812807232173,0.03331931488071147,0.03242474622689759,0.03233476992936864,0.031557420043385305,0.03131505659700547,0.030769615348864778,0.030513331307435557,0.030025882976429764,0.02896140536052417,0.0287255459092361,0.02793949906895953,0.026896776634346607,0.025601493059049223,0.024642431641595727,0.02361240323610476,0.023133163131793633,0.02144426178541308,0.02098165535279434,0.019550382839039846,0.01943167958258302,0.01861518757515275,0.01829823482660457,0.017210095263102923,0.015988114268045053,0.014610205833155412,0.012947959683752971,0.011473539450505488,0.01056792665376454,0.00941142904715747,0.008925675100969824,0.008532752970603978,0.007650654964223985,0.007115201538198795,0.0067111862417376,0.005908605881106757,0.005140639494573602,0.004977833312631248,0.0042782895431959615,0.004056095136043351,0.0041630894932649124,0.0033333992820765994,0.003629443193581829
WATER_SMP_0298,7.74,12.55,DEMO DATA - BIO-OPTICAL SIMULATION,0.02754983560334281,0.027113289619667982,0.02708380467941652,0.027491362706399982,0.02789970431099428,0.027406577673225747,0.02777625092330216,0.02776391522054201,0.0270114842106085,0.026825655135852784,0.026967659683414323,0.02646406531460209,0.025815838309777368,0.025457549779808727,0.025022643407278174,0.02399543256832059,0.024058450353761494,0.022994936034519603,0.02156311379583167,0.021605431781674327,0.020564673033094984,0.020434658996081354,0.018866122869428938,0.017805480610829035,0.017365151286787492,0.016090603359734074,0.015180355213974308,0.014848758545083282,0.01388951563871187,0.01337941070773466,0.013798105151905084,0.012585033222451567,0.011181509065668036,0.01004997973099049,0.0091342308660656,0.008404883163969657,0.007168321666223809,0.00687778053820226,0.006044417862685562,0.005610670579952835,0.005224708233785212,0.004719907336908457,0.004522645905816905,0.00406112463229967,0.003106741140866467,0.0028253665248782946,0.002822788003540239,0.0032088995542396345,0.002155250519167107,0.002120727213230681,0.0018151179912054146
WATER_SMP_0299,11.59,14.33,DEMO DATA - BIO-OPTICAL SIMULATION,0.03174246225422634,0.03212366297022232,0.032616879241367046,0.03242199639381026,0.03209197175821559,0.03316326303738455,0.032318776052012124,0.03203087156612407,0.03248481034721621,0.03172345764405935,0.03210966391458859,0.03103786279704019,0.031356380513836095,0.030554877758655206,0.030387284755597807,0.030014044841203267,0.028486009493659918,0.028530847697781192,0.026989911744679625,0.026307938465391274,0.02553934202062889,0.025042989841271554,0.023971712385868645,0.02294472542275468,0.022037397372071096,0.02114147640851119,0.02015237087893919,0.01939735989931773,0.018946566525812017,0.01783986592345571,0.016997891213870815,0.016328324590196133,0.014513827401804106,0.013294642652838796,0.01256139411163731,0.011173137874728482,0.009943663513945497,0.009046329678943628,0.008754331432466218,0.008376327527543996,0.0077107897996882,0.006787290863194318,0.006780838558372987,0.005611934767543965,0.005106575658274495,0.0039204979691708245,0.0041350407053514894,0.004137337918391152,0.003995343000936321,0.002951404465311028,0.003041349933824753
WATER_SMP_0300,10.01,13.07,DEMO DATA - BIO-OPTICAL SIMULATION,0.030525233550431435,0.0303797081675505,0.02982055258339584,0.03066987430933709,0.030872189005329696,0.030362531428938765,0.03052551423424345,0.030159310269268647,0.02958566601201604,0.030459694500519024,0.02988735118433073,0.0300448908063816,0.029438798658536318,0.028629446662413738,0.028202751061384843,0.02782791244626651,0.027318047575302217,0.026436278275147527,0.025927043730314066,0.02471029825972473,0.02365658959137529,0.023050430476818057,0.022209050825110183,0.020833688669665302,0.019812747597239267,0.019349456757758354,0.018123013281994765,0.017359581981574338,0.01667661228450595,0.01672546796197272,0.015996458834797778,0.0142849753506866,0.013267606192325343,0.012391346825486703,0.01115287745543394,0.009981664678543218,0.008820136373011286,0.008213888794212781,0.007578796488216413,0.007178151463741593,0.007009909755318748,0.005737512924482127,0.005120293546954922,0.00491829980115826,0.0048197244144287795,0.003670189826435928,0.00416720073864231,0.0033371921560017568,0.0028550528746803306,0.0023087360849540603,0.002739173743355884
WATER_SMP_0301,3.12,9.37,DEMO DATA - BIO-OPTICAL SIMULATION,0.01644823020112364,0.016672397782156345,0.01644291837105159,0.016676063809665322,0.016647571162989067,0.01674497115021916,0.01651281506101124,0.0161464076672514,0.017270705467384073,0.01583983976266409,0.016050638908744006,0.015162785224666415,0.01474538595459489,0.014977797717673443,0.01456133794190101,0.014408280657840555,0.013635052792981482,0.012925106874996104,0.01211496509679116,0.012260030654222388,0.011486059889008334,0.010223085771844742,0.009996264775507217,0.0094201917486157,0.00867752141858625,0.00844862681050784,0.007986030915061438,0.007366012320140333,0.007226468035691912,0.007724517691131521,0.007350585076942567,0.006557337454984514,0.005245532610328743,0.004992736527699556,0.004397529037443879,0.0028461671671001975,0.00336499645857407,0.0028528829279815308,0.002638074428969058,0.002183896227740308,0.0021846317737389265,0.002439022901935237,0.0016978174654828444,0.0019484003716735182,0.0012592512332433624,0.001585432773879342,0.0012280507321286544,0.001214924485469296,0.0010042285917785082,0.0010973920450898943,0.0001
WATER_SMP_0302,3.86,7.06,DEMO DATA - BIO-OPTICAL SIMULATION,0.01841535229859744,0.01910472821509675,0.018472444033540918,0.01899604378827213,0.019168816445486465,0.018923379426576882,0.018904789699743678,0.01908524421289006,0.019146989539994913,0.018344463381523853,0.018193780481023377,0.017827630647785284,0.016948460804999486,0.017294027157872396,0.0170598452339198,0.0165669854346406,0.015442148840146018,0.014732975254163012,0.014489285183326782,0.014081061697591171,0.013209600030105741,0.012568544175892567,0.012136983414222348,0.010885729053251275,0.0103621237806655,0.010261594279704809,0.00911662317922129,0.008326134474709408,0.008192874723833059,0.007868702081922347,0.007903158955559904,0.0069408002076280445,0.006518681231790813,0.005422085235910309,0.004325744539342896,0.004519987385227031,0.00404456958668406,0.003789841872005044,0.0031048709141542124,0.0027733196676110877,0.0028527350791858553,0.002935987376585033,0.002252982538626266,0.0021662668094116723,0.0017501599494256581,0.0012083991818221734,0.0018023528352105833,0.0016398073820547954,0.0014490063908078033,0.0010618938423621004,0.0011874628927563541
WATER_SMP_0303,11.0,13.99,DEMO DATA - BIO-OPTICAL SIMULATION,0.031575843504313555,0.03195680087297056,0.03189491707272816,0.031706764015724836,0.03134314039844549,0.031786163144243644,0.031773298184216724,0.03181614709446843,0.03186434478732239,0.03122954960952936,0.03163128104360324,0.030157165709605128,0.030434287204230043,0.029630980098354912,0.02879843663040776,0.02874827158542514,0.027748797125753157,0.02745517274687083,0.026774549269373293,0.026306239024569196,0.024674990047516394,0.024511185860375758,0.023339624633977773,0.022655627701904883,0.021222421167006546,0.019932734579385863,0.018969237883682592,0.01808176578541844,0.017962494807811303,0.017725602234139277,0.016437813509273626,0.01580255625100794,0.013887046494583258,0.013059233690864262,0.011991653826623422,0.010329777048774108,0.009823778919869625,0.0093119095712668,0.007488252678203999,0.008087426812913209,0.007155112633874191,0.006668811164282377,0.005776207888477186,0.004869526361114178,0.005071375057534459,0.004447909290752276,0.004078666026127294,0.00402449404656893,0.0035868330370598207,0.003623394144472765,0.002808809503560271
WATER_SMP_0304,9.86,11.96,DEMO DATA - BIO-OPTICAL SIMULATION,0.02982234472429272,0.030138633099304164,0.030449246170854965,0.030719554559420846,0.030022741772606616,0.030468258966138032,0.030903262665299934,0.030252081753433767,0.030453589152325534,0.03011634362264239,0.029991152393528606,0.029137567451956264,0.028753794497905254,0.02855446734452432,0.027579585415197217,0.027387619905089887,0.026913395912341646,0.026683688261695055,0.02552454909509485,0.024795135044844395,0.02411366788094267,0.02258988586913968,0.021908759756759866,0.021734640636584843,0.020006027448190435,0.019370450442804575,0.01835687139809545,0.01678164861435302,0.01667104300810946,0.016077122674539025,0.015462711373680825,0.01418237329668272,0.012873793130216528,0.011812320324506005,0.010793301340521878,0.010220663404107034,0.009590311850386222,0.008730121079491438,0.00789179378130771,0.006700602446610084,0.006289632998552256,0.0059264538363263865,0.005164369822225393,0.0050558244712199515,0.004663604412804988,0.004207539705572091,0.003985863578359755,0.0030691280118824507,0.0033110761202503436,0.0025398465768096934,0.0022082589773929095
WATER_SMP_0305,5.95,8.89,DEMO DATA - BIO-OPTICAL SIMULATION,0.024082650213242074,0.024449174842280253,0.02435614732765903,0.02430159705274297,0.02443075048091171,0.024374327922929557,0.023941488071835604,0.023799661706075736,0.023986770460667807,0.02381509528122375,0.023516508149653694,0.023378294912523634,0.022713415484324276,0.0224904239127924,0.02176398372873316,0.021784907476582915,0.020640593173159073,0.020649093033457532,0.019339864550290967,0.01842000017774207,0.017432718768493987,0.016463331917150353,0.015774454170598168,0.014972535820290683,0.014515216734939815,0.0134089865728769,0.01284533981596119,0.012528406376482967,0.011650019227352482,0.011918087217431799,0.010442279196196877,0.009993121610923911,0.008908405619865193,0.008350883354089348,0.006521132813771867,0.006046920987830605,0.005858141554793236,0.005841204322320391,0.004976395696523829,0.004072763510131543,0.0037216366017437763,0.004216260775191061,0.0031909369854273197,0.00278494429050087,0.0032275254105980215,0.0028283312085008554,0.0026704262152206872,0.0017872748079850423,0.0014181228912205283,0.0017367461921935293,0.0016348147286864413
WATER_SMP_0306,6.64,9.7,DEMO DATA - BIO-OPTICAL SIMULATION,0.025378296744945208,0.025876879475178447,0.025041316870594747,0.02590733452476772,0.0253649022676777,0.025948220364512872,0.025496619682184307,0.025289624847737873,0.025190093400159423,0.02472101333366752,0.02488918441890363,0.024307266392136494,0.024376217074690294,0.023873186045577505,0.023669181322678846,0.02269691039844437,0.022113064351163475,0.02169602871522683,0.02036066525127139,0.019334567563145718,0.019038206021478696,0.017720028078683,0.018029941018039047,0.016862385057582755,0.016198573746967426,0.014696809876773548,0.014021141560689822,0.013030958210651328,0.012933140352366736,0.011894034421180224,0.010963765261886964,0.0106867589711641,0.009460224428608936,0.009275401209671965,0.0084382777432115,0.0067047602909838,0.0068749643066891054,0.006213595223434523,0.004948069688562632,0.004831735892227521,0.004339751965265489,0.004336419028568283,0.003373165351258019,0.003371761679447942,0.0028833502965909135,0.0029451416889404256,0.002476640975956216,0.0021424378173629578,0.002021464774043958,0.002498199910079608,0.0015821994623832197
WATER_SMP_0307,16.81,18.89,DEMO DATA - BIO-OPTICAL SIMULATION,0.03559087494129251,0.03622329058069652,0.03611895616324232,0.03581761869573819,0.036955938294662725,0.036186826844421344,0.03614468711213281,0.03622846180285975,0.036576578837636264,0.03538282700961636,0.035748588563567045,0.036018612900376355,0.0351031965734072,0.03430975561628067,0.03405264636427958,0.033798823043726674,0.033574555064757476,0.03245171759901454,0.032119636709527444,0.030699995498766723,0.029898936148563517,0.02933352130720979,0.029003890480113467,0.027637169623363395,0.02669482704492449,0.025627591284593496,0.024799227721950146,0.023320036400347237,0.0229716283743249,0.02190603187209593,0.02199588921740106,0.02006391554907927,0.018632612176501997,0.017552593753605555,0.016004667334246332,0.014850703167294227,0.013738792141981685,0.0123523568215637,0.012231020989592643,0.011130394883152173,0.010431353041118235,0.009072907892458818,0.008610835909467929,0.007846141851604007,0.007472329982879387,0.0068738953583904515,0.006019128198378342,0.0049830559231804445,0.005489536028066742,0.004677584849809239,0.003919258813641244
WATER_SMP_0308,3.77,7.06,DEMO DATA - BIO-OPTICAL SIMULATION,0.01868159557235729,0.018242802960506788,0.019117130248815357,0.018427666544537983,0.018831781758451217,0.018957490086809716,0.019135992923243264,0.01874791724981896,0.018747350915763537,0.018337091166028326,0.018071507789846838,0.017789320392748408,0.01733715062479531,0.016467426193507734,0.016274313454463136,0.01606494544339583,0.01536297441583838,0.014801574565940227,0.01413182417082235,0.013326103319461187,0.012775649623849677,0.012158280193753819,0.01157325065204679,0.011011953921713636,0.010170114905615138,0.009268788565926998,0.008573796744499202,0.009314919212262327,0.007896166258261497,0.007847622221144388,0.007814506959832428,0.00718990322114597,0.006473139802721634,0.00539675145682036,0.00492841975429432,0.004348179719490625,0.0038157896236699082,0.003624856047758169,0.0035470008307274185,0.002930607361670599,0.0026637310318829545,0.0027424122076026864,0.002484886961165996,0.00246568364326802,0.0012757638307586455,0.0019030477178438236,0.0016563122359857087,0.00106867778484235,0.0012814244783456274,0.0014048000268108184,0.0007351456157434191
WATER_SMP_0309,9.37,15.01,DEMO DATA - BIO-OPTICAL SIMULATION,0.0295628305203173,0.029857660912290758,0.02940486218241527,0.02977396598635769,0.029954875036147383,0.029628061759636413,0.029556882207278916,0.029682414918716937,0.029811646685730133,0.029556033605036565,0.028837709065280232,0.028964791595819994,0.02812996438673993,0.027447266468158066,0.02730772080313148,0.027180997556489967,0.026407326248914863,0.025518991671545227,0.02464900932694595,0.023861249305149594,0.023169329516553164,0.021934521405833386,0.02123482814452903,0.020330330754942866,0.019020972369549853,0.018192063206225476,0.017624299469191935,0.016724040323907483,0.016094783371046573,0.015503756388689767,0.01567547208164128,0.014009200143772474,0.013078152618908852,0.011520941950976287,0.010487056338163265,0.00963517254547725,0.008272969337630312,0.007966407651220822,0.007670045828017529,0.007231581715549533,0.0060960482662182226,0.0056193891562601826,0.005780602016244642,0.005004908276711962,0.004061651174768459,0.003676873199027697,0.0037966711874452535,0.0028829908640275064,0.0032167283824462945,0.002720407504535942,0.0025288779321969326
WATER_SMP_0310,5.15,7.33,DEMO DATA - BIO-OPTICAL SIMULATION,0.02209759278832755,0.022141144469018003,0.02288899348478006,0.022457764807732327,0.02244737161656111,0.022539529215655944,0.022565280923178003,0.02208998718810529,0.022067284799405538,0.021832608701505673,0.021995350857476115,0.0211416120516394,0.020488370141316308,0.019975749928074812,0.01962050554093149,0.01991355784442098,0.01890481256889508,0.018401018878344444,0.017723322450688868,0.01685782396148866,0.016070293446918443,0.015637643779087655,0.014586230493430632,0.014173638455525614,0.013152131310476815,0.012006602994683488,0.011320733575953488,0.01064870940883969,0.010785022958435385,0.00992563817145499,0.009334894430316746,0.008977434166197677,0.007981370087054854,0.007206760187053622,0.00690564855778586,0.00597799999047308,0.00518684332628815,0.0042976944235367225,0.004154616409305338,0.004135817849047847,0.0032191479578662563,0.003888862748619624,0.002953515365136344,0.0026913353623481003,0.0022274149474659287,0.002348781630054133,0.001644763242272411,0.002452569765826813,0.00202632969633074,0.001770142842851229,0.0009158636816226306
WATER_SMP_0311,5.08,8.69,DEMO DATA - BIO-OPTICAL SIMULATION,0.0220882575106746,0.02254424001866895,0.02247924440824435,0.022081653226380667,0.02222579092494501,0.02227790618848103,0.02217609398480358,0.02270754372693286,0.02151014138148867,0.02206463025066143,0.021204180992384285,0.020969554627850006,0.02026331570695981,0.020253115236537896,0.020367854544559923,0.01943889793269816,0.018396442887000843,0.01841377111601209,0.01779208985433007,0.016735218266979615,0.016569281590680402,0.015440356437967397,0.014620671130552881,0.01339053884995919,0.013036434404264824,0.012145957575082477,0.011529444529429268,0.010599066654880123,0.010453923437891982,0.009864250012213588,0.009034907253576356,0.009282571957170388,0.00761987681399311,0.0071582137196233,0.0064076019124551745,0.005752743899130695,0.005040191344208407,0.00474976576974218,0.004397664519533029,0.004098583885735038,0.004049746556874323,0.003279518818906643,0.0029342945024984713,0.0023735228564583516,0.002529803089347448,0.0023741241484905454,0.0019109587151026732,0.001945118479804236,0.0015239703979590489,0.0016585537973866288,0.0015908207111427156
WATER_SMP_0312,14.57,15.78,DEMO DATA - BIO-OPTICAL SIMULATION,0.034696293034376983,0.03461449197480272,0.03438661629555141,0.03459906151730243,0.03500726348906524,0.03556895691932033,0.03469465965997058,0.03485061102320673,0.0344159375578615,0.03410892369576628,0.03396371562598309,0.03325233483237444,0.033936600176339766,0.03245640066878007,0.03258125342151718,0.03178117606284415,0.03128244359452184,0.0313130672105521,0.030252940446053186,0.02913734452865365,0.028428732158886704,0.02750207993934127,0.026796162002392675,0.0258932883742931,0.025396940999331735,0.023196479599343404,0.022700980918927378,0.02166831945481996,0.021304756710049406,0.020499918952532142,0.019810694353747205,0.018665586131582344,0.016933671389525277,0.016145638840516324,0.014697630930569852,0.013581817832041808,0.012675729161742888,0.01149979410311961,0.010955378159317476,0.009809156582864487,0.008860961905155795,0.008201311184042817,0.007518280262368539,0.006736611949786366,0.006792778189536142,0.005845271020458691,0.005278706892913871,0.004899551815804894,0.005246704678349465,0.0036177331741243687,0.003340952381033272
WATER_SMP_0313,11.71,17.26,DEMO DATA - BIO-OPTICAL SIMULATION,0.03160866659741866,0.032114256224468,0.032383905344539325,0.0322590634300745,0.03228452373078629,0.0324935008063163,0.03225825909717109,0.032411114634690534,0.032509950024996334,0.03218239694186767,0.03199094390546484,0.03174154134480954,0.0311298917920583,0.030565682949278337,0.029888092986019094,0.02944706156235989,0.028790656097076914,0.028490581370514502,0.027640447209112688,0.026955636251454654,0.025557230692063573,0.02544655504696301,0.023958643134210776,0.022788934716015858,0.02198340763383948,0.02182653334086814,0.019954015200249205,0.019116993839780706,0.018555638438480487,0.018101007509191584,0.01727713523143745,0.01654102481145972,0.015473774524520364,0.013805157449714332,0.012073770262463094,0.011213168196146818,0.01022805705122423,0.009587603514047832,0.009211599015204379,0.008056979226450137,0.007409050327868994,0.007346134513627847,0.006495552613179959,0.0058660262912835865,0.005782102071764937,0.004880493765110447,0.0037126329184356244,0.004167610954490075,0.003081581318462472,0.0033662682316064592,0.002416110439589727
WATER_SMP_0314,11.6,14.67,DEMO DATA - BIO-OPTICAL SIMULATION,0.031774514457736575,0.03196693502901878,0.031971477387689365,0.03218640974937321,0.03264865686941036,0.03212896949391844,0.03246461795428016,0.03192023187551298,0.03201024483085319,0.03196727521484003,0.031317813902795935,0.03091156619125026,0.031081010779717103,0.03083761671989266,0.029982434328638074,0.0293125621499183,0.028878789707237614,0.028171106007194597,0.027491843367901905,0.025870044353511912,0.025466079972198255,0.024644783533768654,0.024013508030491123,0.0230570052774218,0.02219054114951011,0.021047134784302375,0.019567769234595217,0.019512751148900064,0.018799938316055823,0.017497194270017065,0.01728955404285481,0.016000906865357965,0.014927058245458607,0.013833061303877613,0.012911726458869413,0.011442502922887763,0.010399448110775257,0.009395433013052679,0.008798109614137906,0.00844518176364834,0.007362066006060844,0.006491215906760445,0.00569506098084664,0.005799886260525636,0.005224722542177045,0.004499156397542298,0.004579074966641365,0.0037570536825061998,0.0034874579848488585,0.0031970263781554687,0.0027988038800105474
WATER_SMP_0315,17.19,20.82,DEMO DATA - BIO-OPTICAL SIMULATION,0.03619590891569786,0.03661445368646888,0.03603904541655745,0.03660786600378984,0.03655694236585145,0.036557558957018746,0.036738910627311466,0.03641547794236449,0.036423093074012834,0.03632473813690496,0.03573990569748834,0.03571024238378568,0.03522045277684369,0.03487510874713509,0.03437989911825389,0.03412052023773427,0.033446550095168025,0.032923062062824825,0.032122036316668455,0.030909408809303443,0.03060568439588404,0.02976548938159555,0.028916670176495605,0.027712297828854666,0.026523844897333167,0.026003742088604884,0.02465357749328174,0.023830895156675715,0.02298421715072373,0.022495405524003757,0.02163493466501742,0.02038168537696432,0.019380257158348426,0.017507958561459702,0.016295273218312534,0.015116194459161722,0.013718730618107106,0.012530326321656769,0.01267588166251509,0.010894218604725704,0.010390051590612499,0.009981767023976046,0.008880653209565915,0.007844091983373805,0.007250867808969466,0.006403245173465068,0.006343464788172726,0.005717043386987949,0.004901476427023034,0.004290232346932067,0.0037899359346264543
WATER_SMP_0316,6.15,6.95,DEMO DATA - BIO-OPTICAL SIMULATION,0.024626281817566688,0.02452891091871698,0.02468354744486093,0.02445857709381228,0.02430945108971469,0.025033581415367153,0.02470379431461443,0.024856944144188035,0.02430726629976261,0.024132874453390612,0.02413983593224006,0.02380760256767464,0.023429118734988118,0.022643687656391118,0.022400839115285315,0.021977505616873838,0.020988840044098237,0.02019289132934784,0.020032375069159676,0.018677269253899637,0.018274031222476284,0.01725333619445649,0.015885000907922595,0.015930425974093304,0.013913541262907643,0.01330147014173716,0.01325191158104918,0.012553933579523823,0.011649912833364801,0.011403915850518023,0.010033751491585502,0.01024435888320424,0.009188402651025357,0.008164248484382432,0.007353332711943762,0.006799859774409347,0.006052554383383421,0.004975036848026701,0.005717384336264685,0.004976667239753532,0.0038224026671232533,0.003727475762250974,0.003413341354830778,0.0034892440486063397,0.002225815645568591,0.002456733035114875,0.0018341999508106142,0.002054260298152852,0.0017952641732148274,0.0017764300803112224,0.0014033811965422638
WATER_SMP_0317,10.44,13.89,DEMO DATA - BIO-OPTICAL SIMULATION,0.030476165669409416,0.031051692201489994,0.03113076164530433,0.031249592178736758,0.031079181038432248,0.03096412370320744,0.031055812566981884,0.03114728271827537,0.03019637057951803,0.030764678592049077,0.03047863035173485,0.030084553656070503,0.029640297627276855,0.028472687082888422,0.028605906443405528,0.028708254430776153,0.02754810711786375,0.026765924370915666,0.026120736382658126,0.025426770363150983,0.024674032803889336,0.023520161713120262,0.022790727145630407,0.02220797164183178,0.021019296915883882,0.020410922710133998,0.018529652893629386,0.01838544570073259,0.017020143595257036,0.016852328394383054,0.01631308166254851,0.014963575647968684,0.013886848535656209,0.01280878125491831,0.01112639405019651,0.0108350569154168,0.009063367229218347,0.009297313542715353,0.008311430392032887,0.007326433033389651,0.00661800496600072,0.006013897236731363,0.005592982304421427,0.005125961876037329,0.005061290764513069,0.004855143757146184,0.003937882412146506,0.0032696211223291337,0.003034556578620826,0.0028460498296462838,0.0023204327466527204
WATER_SMP_0318,4.72,10.56,DEMO DATA - BIO-OPTICAL SIMULATION,0.020794353598918184,0.0219281881543283,0.021506377709184805,0.021243956833636606,0.0217753097240001,0.021167958201343085,0.021135344028653053,0.021114684914642586,0.021689829674502656,0.020900126196478214,0.01996947433845702,0.020734051939510324,0.019891577094475824,0.018985758101594155,0.018949393866828163,0.01865423441658616,0.018026242319832284,0.017809844980991214,0.016343318788812452,0.015911439639568793,0.014961607284272403,0.01396525313883201,0.013939083102736486,0.013053668250709818,0.01224444059077705,0.011553114494701118,0.010559220105130508,0.009970728665101057,0.01000603177995538,0.010157757016624679,0.009945323210265386,0.009021883874492624,0.007839440561095121,0.006911206094988246,0.00597973268761361,0.0050094980928385635,0.004808771388012984,0.003965996145382373,0.003940534201367023,0.0041129181008217565,0.003541868063330551,0.0027175274970540363,0.002697076289999456,0.002216131587928204,0.0022170519411859025,0.0023376770398818663,0.002029464430697164,0.0024042623582052882,0.0018580883692167417,0.0014174434516692803,0.001428639321944738
WATER_SMP_0319,7.84,11.44,DEMO DATA - BIO-OPTICAL SIMULATION,0.027223464153358655,0.027112765180361084,0.027972897777165693,0.027973957883846427,0.027645664062088415,0.02780027780837329,0.02804080717562837,0.027820283334352495,0.026970099457835878,0.02726727802598109,0.026869700563402044,0.02691894747721934,0.026497881716840525,0.026126004591812663,0.024875841017916043,0.024397092646719326,0.024330228218260978,0.023127831142801702,0.022107786684255917,0.021937186879697087,0.020786195472535577,0.02062610559945829,0.019289222152173418,0.018338452491367684,0.01725418236687111,0.016913638720339096,0.015659548225229466,0.014687198044864392,0.014034589271188988,0.013815774534792451,0.012974397078975769,0.012705202692886075,0.010729274174876909,0.010054664896772095,0.009236467868333277,0.008297394620234632,0.0072624561583070095,0.007044625380574443,0.006003994437478822,0.005728661787290272,0.005434885513602853,0.004918693619554806,0.004152722500553929,0.004323133714570983,0.0036299945252168744,0.0034965897680945776,0.0034298638333837184,0.0030297122084792885,0.002777874605630987,0.002269307586318088,0.002239939257985977
WATER_SMP_0320,5.45,11.49,DEMO DATA - BIO-OPTICAL SIMULATION,0.022930287253104167,0.02266148485039126,0.023237604547665346,0.023306905832840216,0.02344545961436245,0.023225997905979408,0.022980558158499986,0.02329823450673228,0.02254483130412631,0.0231572772185686,0.022372942406822673,0.022179981708946337,0.02187911734351159,0.02143612264819139,0.020327457674412446,0.02043509984349885,0.019666513518856628,0.018726977478248495,0.017994022112916445,0.017385188263342264,0.016333640317017215,0.016455812069255168,0.015585687393086828,0.014467661151498992,0.013456358587037325,0.012671466446432881,0.012235951726358043,0.011985515554143195,0.010962495945980241,0.010573987259847501,0.01098389334121475,0.009247146416732932,0.00845771773171755,0.007609345956874622,0.006288437020254632,0.006366743283249183,0.005717288675998677,0.004800974036967723,0.004920289773721195,0.004570177286069422,0.0037318449411658625,0.0032903134929711114,0.003790732246628245,0.0030424926273572243,0.002640618078305864,0.0027329891583507673,0.0021957167915838483,0.0017541027316786543,0.001748423180900504,0.0018710619471422056,0.0008120521398472205
WATER_SMP_0321,6.54,9.2,DEMO DATA - BIO-OPTICAL SIMULATION,0.024984217323891226,0.025649672452924068,0.02520888493075757,0.025913956471715544,0.025918729912015503,0.025471988104032343,0.025268428966526767,0.025247238129423574,0.02597183950303537,0.025516207422396606,0.024713703397344314,0.024155583928624408,0.023974455596007298,0.02355355534397885,0.02258940651418747,0.022411421241912005,0.022155027968732383,0.020539075038049585,0.020601701667278628,0.020000613700387727,0.018620031141385208,0.01846853187864016,0.01690412359924645,0.016380120275675824,0.015284667683943194,0.014419049163802378,0.013508429563848144,0.01321550591051368,0.012751898193013133,0.012056971365158473,0.0111313612581793,0.010865822211261722,0.009864243528935635,0.008631501924485281,0.008338325250951165,0.006555073218185174,0.00573046212775593,0.005624518604855765,0.005554204217223197,0.004560171650944346,0.004153310333277052,0.004336489580339989,0.0038247587843158026,0.0034634413418067876,0.0032768405237958414,0.0026329301178667558,0.0023890965473457324,0.002510533131238011,0.0016497747115951347,0.0012152971008872813,0.0015507046368133258
WATER_SMP_0322,9.74,15.61,DEMO DATA - BIO-OPTICAL SIMULATION,0.030165266061094244,0.03012832241408125,0.030438374796460475,0.029666618926796964,0.03041419010607947,0.030518422750070124,0.029871490746112606,0.030438737446050648,0.029996332673780057,0.0307447248857526,0.028905448402967215,0.02964467895606718,0.028729780130209024,0.027914988211635974,0.02773206014550878,0.027401884965819318,0.0269981858292994,0.0265137791513002,0.025678897359561755,0.024166534183825448,0.023952283051913742,0.022846294058719928,0.021612653617656064,0.020795530814023678,0.019669749913177943,0.018900767729789162,0.017715826446453992,0.01683538692798826,0.01674797412776328,0.016380204222337196,0.015554963384207855,0.015066132682466255,0.013298025619153792,0.011923772233861197,0.010995894725206153,0.009757014382083559,0.00898835531076659,0.007472728188162282,0.007560744661436293,0.006380929101157277,0.005978395354391591,0.005400268658848843,0.004983498751027668,0.004664716796495737,0.004252505129560969,0.004200955714717318,0.0037038280454560982,0.002732484821248978,0.0030217822603211867,0.0028126072987236296,0.0023633539267841875
WATER_SMP_0323,3.14,12.11,DEMO DATA - BIO-OPTICAL SIMULATION,0.016571911253813423,0.016769591981247067,0.01703445208548503,0.01639171217913547,0.016812977872109038,0.017320586003786515,0.017231681793229772,0.016954862222516014,0.01670587970474591,0.01683751685267015,0.01666323001515049,0.015746562356834096,0.015143580153470301,0.014956077359935288,0.01552533769555393,0.013644686456302136,0.013457823185284185,0.012627947441314583,0.012516668865511865,0.01152639699834351,0.011248949024521955,0.010083253355776867,0.010238471459300279,0.009809049578416038,0.008729364527404223,0.008243009229259498,0.0077759668558630675,0.00762907969942149,0.00756287771207865,0.00789381764870741,0.007900880876924197,0.006727369920856962,0.005972840153481527,0.005364235434936157,0.0038687636743806432,0.003136063582071862,0.0033905402286362467,0.0031522903758828933,0.0025098843309876227,0.0023026525253903524,0.0020193760899438347,0.00177805804514386,0.0020549909521142056,0.0013184001431751982,0.0014340453517829432,0.0010975937956459259,0.0008012928911594044,0.0013797257117532256,0.000854605787468905,0.0009691020810305375,0.00037141299388053267
WATER_SMP_0324,32.26,30.08,DEMO DATA - BIO-OPTICAL SIMULATION,0.041251390340823244,0.041804715559337055,0.04243558878338176,0.04112432426816833,0.04168948298375171,0.04187946141393911,0.04154863995506141,0.04193604537257494,0.04133710760508244,0.041525534704237595,0.04116932724044303,0.04150057988420306,0.040700726743635784,0.04052484777692372,0.04059656543494898,0.039640375167656776,0.03955668382644484,0.03852589065260541,0.03823032912720452,0.038101254343461385,0.03706384699651289,0.03651570565897055,0.03608774634808969,0.03496651709403144,0.03451494535943752,0.033366743632022446,0.032396419215401075,0.03167254643417325,0.030651736722145103,0.030415298912708368,0.029487664144785174,0.027975163241031845,0.027110337200146724,0.025240856047470856,0.023522010493222927,0.02232689285680979,0.021287083778701744,0.019862266052391327,0.01908046405414622,0.01769641546106598,0.01639496511005911,0.014832978347534945,0.014029135224365556,0.013089867344349028,0.012308545268416389,0.011369875354524139,0.010357920114127827,0.009521464636377335,0.008929762700465598,0.0077337859968385205,0.007826265737516137
WATER_SMP_0325,2.71,6.27,DEMO DATA - BIO-OPTICAL SIMULATION,0.014439977977884719,0.015600133891454964,0.01523175590896959,0.015596678264454688,0.015421008326121349,0.015393816420910115,0.015393830763695224,0.015364874936250612,0.01487338116221286,0.015086468028844906,0.014208398762250038,0.014243947564669396,0.014163455236122622,0.013835658618084102,0.01326013415061049,0.012552527506525517,0.012456430784341175,0.01147658074466476,0.011671164162642474,0.010572595120866335,0.009577873917078768,0.009118165885663379,0.00892688325615297,0.008398722514724665,0.008403257145919643,0.006983943003263568,0.006854890933459283,0.006194637800993928,0.006178430535040671,0.006703217485807875,0.005616741822186682,0.0056677515723993896,0.0049653531246383106,0.004175346395964599,0.003781352212492745,0.002855222672372012,0.0033744761463284333,0.0031836345664906923,0.0023798490010862186,0.002874153733315617,0.0018278291561008657,0.0018852142850734922,0.002028171988728618,0.001309215069837004,0.0008944183047901812,0.0006999066415603988,0.0016877541178163201,0.0008074624595232282,0.0008167871803710457,0.00045384909541857754,0.0009953998892687096
WATER_SMP_0326,2.29,9.74,DEMO DATA - BIO-OPTICAL SIMULATION,0.013230070639120744,0.013411412834461955,0.013717859260870059,0.013349478757042038,0.013624003560345816,0.0140723203725778,0.01371677226629565,0.01352448490074628,0.013405581864727335,0.013037988324629516,0.013524741012865878,0.012411506320006283,0.012407120490978698,0.012028616673915435,0.01191149922100443,0.011522699460763114,0.01073735477223953,0.010366402988645591,0.00989205292504948,0.008613369517021106,0.008312256532789167,0.008098863524619995,0.007605728155452189,0.00691583697522459,0.007017717987390455,0.0063484935907330295,0.005932567560396361,0.005449138023607413,0.005850336499968256,0.005183329676936034,0.005835706353660083,0.005449199219462436,0.004754612794919371,0.0034142720793489197,0.003304152916869783,0.0024735888816939658,0.0022284981965483394,0.0024443117459777737,0.002624131069441796,0.0018471376741979477,0.0014151297243234736,0.0015604134261757452,0.0016429365696835944,0.0014177447737073563,0.0019363917530620168,0.0007917074650188678,0.0009847655713534412,0.001285649761259915,0.0011870022810048866,0.0001,0.0006025365364922008
WATER_SMP_0327,15.28,20.38,DEMO DATA - BIO-OPTICAL SIMULATION,0.03537091012916987,0.03594286475805259,0.03540448119711516,0.035165808715660656,0.0350189484037741,0.035993117373284686,0.03550964897031641,0.034955383948083604,0.03502039777908187,0.03499627418350047,0.03483622914649294,0.03411887024624576,0.0338639708334984,0.03315389109875868,0.0335039189502719,0.03257141499431147,0.03223490590893737,0.031882070272636245,0.030821728960786676,0.029963666821669007,0.029241117463996318,0.02833382506293688,0.027770698129323697,0.02652472448364405,0.025253266642014528,0.024665714142093773,0.02365331964792166,0.02195616872813516,0.02214984499298752,0.02127507255387671,0.02056086767168228,0.019700601231368953,0.017802305488061745,0.016718920393831552,0.01489976847376455,0.013355249746822126,0.01244830057996189,0.011967920911260765,0.01062668889386423,0.010554908146965528,0.009636515269345114,0.008933720728586251,0.00787109124109909,0.007256478789475716,0.0062110248632987345,0.0063011516102090305,0.005591323728882163,0.005162402161320633,0.005051463824098351,0.0039518044169240514,0.00371812095171507
WATER_SMP_0328,11.4,13.07,DEMO DATA - BIO-OPTICAL SIMULATION,0.031813228495126245,0.03159662940499859,0.031947827667519586,0.032240793112187,0.03204317308642343,0.03253763024720826,0.03164922524238535,0.03234760440954342,0.03206548136950958,0.03149845840099282,0.03113716455824937,0.030477242398205106,0.030489499516983917,0.030607681270737062,0.029780318468705193,0.029587782278891254,0.028433459560990745,0.02815227130704379,0.026987974017007334,0.026121991670949255,0.025537128708748386,0.024481131788935757,0.023288088470718546,0.0227304731908578,0.021818189375414392,0.021141361813321588,0.020032517751333613,0.01922772172056338,0.018386044516115276,0.01768408929943604,0.016503819228690868,0.015913223740156034,0.01478929138051461,0.013727034433412945,0.012291982582449606,0.011429022899582073,0.009856779192040008,0.009265388060245842,0.008746985928379572,0.008268487258775799,0.007222832917521401,0.006630952152425319,0.006293166979921255,0.005221363095377143,0.005552655937198767,0.004355467048186578,0.0036279793901062896,0.003824522417899287,0.00398056116807808,0.0033260247965090505,0.0030820160351630686
WATER_SMP_0329,9.97,12.13,DEMO DATA - BIO-OPTICAL SIMULATION,0.030171730450728313,0.030278857917699676,0.02999034780345381,0.029866185248141854,0.030650951029607406,0.030988789261038704,0.030653181017716143,0.030641088630841442,0.03077969946209513,0.03019787781742786,0.02979907472453315,0.029267133857253203,0.029735051709762955,0.02884012987101161,0.027890751979416217,0.027252525407915933,0.027349444138668366,0.02597357019993282,0.026096703363333886,0.023917509215443736,0.024327743250917418,0.023161397270082106,0.022128918649059543,0.02108799393061944,0.02072859167214639,0.019376526340451956,0.017922461525159417,0.01683244109659171,0.01675308930575827,0.0161546805652768,0.015028388663812474,0.0145085887140393,0.013146580617856287,0.012059799619425618,0.011134602941885004,0.010400463451226208,0.009399497096151966,0.008171099096937721,0.007815719835083343,0.007087229017713513,0.006074310485340524,0.006040037098152882,0.005963845554062389,0.004941004726192309,0.004013918494408932,0.004096782008905507,0.0033518259196629566,0.003634001999062375,0.003220126210704143,0.0027259489846390783,0.002417324390515005
WATER_SMP_0330,10.0,12.44,DEMO DATA - BIO-OPTICAL SIMULATION,0.030135423684220067,0.0303667711309657,0.030261823019906185,0.0301673252581767,0.03097333243534966,0.030519090877885763,0.030639806380187623,0.030579446045532324,0.030441177762646293,0.029787257890110122,0.02937347327290339,0.029376661752025964,0.02928792251857259,0.028504854473503784,0.028108681721648827,0.028283628470667,0.026461671052548822,0.026100231463447067,0.026151578737320647,0.024773141439830854,0.023731177834299098,0.023407796089923782,0.022151450289798532,0.021077225947926992,0.02025946667726865,0.019006392914949845,0.01792717544737338,0.017355354265141124,0.016444517827413477,0.01621472570730652,0.01565255047768551,0.014841477685275412,0.013709734029627944,0.011977839330028741,0.011100805558132353,0.010129244531663884,0.009250892196080733,0.008267386046761183,0.007418666206771196,0.007239409758524909,0.005980938175585255,0.005857858084686283,0.004657055653829931,0.004545383216049924,0.004242856743557635,0.004429410416791616,0.003934003735385997,0.003219382787919829,0.0032912011094623993,0.003052380263989073,0.0024765581244553464
WATER_SMP_0331,5.99,7.1,DEMO DATA - BIO-OPTICAL SIMULATION,0.023591755166654634,0.024106323367458837,0.024264857909298096,0.02401027211223187,0.02453261740857302,0.024502267673612667,0.024497815115337475,0.02434123622910937,0.024314538989183863,0.02382253064920797,0.023658814344758326,0.02314123568591423,0.02268765239249233,0.022807707757752305,0.02127857907860101,0.021584791377377364,0.020513438602685615,0.019804268461742217,0.019394124729874652,0.018117387093804636,0.017536467493069818,0.01671850429449769,0.016080614507096372,0.015068228412340966,0.014947837728538462,0.014172626759837563,0.01223625705540086,0.012324014854507235,0.011883098879467239,0.0113271662635218,0.010417102953451881,0.009790258604691838,0.008724539311437119,0.00789035057311594,0.006827627478092731,0.006468824095023208,0.005471281259777707,0.005348094349740926,0.00456458045646258,0.0045684918108626765,0.0039029187746034318,0.0038253589019413,0.0037235718136790653,0.0035646225680100643,0.002044135004123122,0.0022913622394703,0.0022124192211203943,0.0022241575988381176,0.0013930657293830624,0.0014135355274642024,0.0015836978081116121
WATER_SMP_0332,2.95,5.52,DEMO DATA - BIO-OPTICAL SIMULATION,0.01595793696310106,0.01616273985959488,0.01627068477104315,0.01629474692722237,0.016270812704848762,0.01620971459121691,0.01633054983101259,0.015352876597862056,0.01633507020595139,0.01500982847562125,0.015098622435273434,0.015057620177108419,0.01498391588384126,0.013495228112496524,0.013955070726395069,0.01373257581970446,0.013290547150670691,0.012251241750691585,0.011814734738088703,0.011146654762252085,0.010627978396027398,0.009844046191782425,0.00929377831447188,0.009102518774116981,0.008434687234648464,0.007990467381586382,0.007412395300890611,0.00717339060584027,0.006969525142400251,0.005983395352751884,0.005956801869134187,0.005658603323429197,0.005084970193442709,0.004240688205623373,0.004163452102482926,0.004053615803464054,0.0031737283013190125,0.002852926366783992,0.002823251435543004,0.00177249771909419,0.002124712148337675,0.0022122982278376573,0.0015452359235083746,0.0012057376038583335,0.0013682123982049071,0.0012695682266399499,0.0008914738014241721,0.00168065548388852,0.0008064078784374594,0.0005116954271247109,0.0007462086624393729
WATER_SMP_0333,6.43,8.13,DEMO DATA - BIO-OPTICAL SIMULATION,0.0251363839794912,0.02503295445455418,0.025300728591809665,0.024980944880901714,0.02573258349450976,0.0254518446583329,0.025544714506759335,0.02523415237304585,0.02521084875522864,0.02448270353215671,0.024319277720282275,0.02453256115259791,0.024197961711183304,0.02292727599101423,0.02282885259753815,0.02205046630121305,0.021342713184746565,0.020959435388432056,0.02049316597365247,0.01952338295000162,0.018495160158828346,0.017921228731154974,0.01681398281325338,0.01618706237373646,0.015616856692003384,0.01371492208201745,0.013761657095792907,0.012362800995350446,0.01265686397454291,0.011641910814400833,0.01091149029910045,0.01070185926444041,0.009632561747779768,0.00822790358686774,0.007270216017777066,0.006859035649728343,0.005938689299622045,0.0054382048719793,0.0052955545420565135,0.0045132220455022755,0.004507499460983782,0.004435692430724147,0.0035840806809399987,0.0033368673310949695,0.0035998512972748205,0.0023604043858891635,0.0028202320514718834,0.0025524998909515484,0.0022764684178084517,0.0022155907255008637,0.0017375845647496775
WATER_SMP_0334,3.52,6.28,DEMO DATA - BIO-OPTICAL SIMULATION,0.017627287359442745,0.01826190464868579,0.018373496774149053,0.018430328144879164,0.01813855965435995,0.01789486594882547,0.018106676967026045,0.018223924842738177,0.01809093049467949,0.017446030015166945,0.01740905732640815,0.01660958072150696,0.016934618621924122,0.015991980620598215,0.01600395633943649,0.014922052986277166,0.015036060877122163,0.014249251509323508,0.013316124525685341,0.013133422688142646,0.01210815885519664,0.011859329479513202,0.010897472203976506,0.009810721809165715,0.009388765375840274,0.008934071188554897,0.008912286651044852,0.008327861298060983,0.008243700275815741,0.008014807034975934,0.007020278838745287,0.006575721599650048,0.005793451829913493,0.004982607612544477,0.004005217767262181,0.0040604506524155055,0.0032843582414227436,0.003322438872769453,0.003665118702330202,0.0026015260071041084,0.002559718529236389,0.0025415173008608593,0.0021416818217788154,0.0019518608372426588,0.0015790183070636965,0.0014576018654504472,0.0010931484964824744,0.001502332659575272,0.0006057087920316872,0.0013103476715453572,0.0004990323967970971
WATER_SMP_0335,13.2,15.49,DEMO DATA - BIO-OPTICAL SIMULATION,0.03364852000427454,0.03341040671801714,0.03326984584961674,0.033899459981922515,0.034051320399923264,0.03364637689860316,0.033954525572268426,0.03296616268386759,0.033119094701599176,0.033714363249511506,0.03301638467964693,0.03222505381926497,0.032215866222723974,0.031730429778142645,0.03147866876352261,0.030876798159953454,0.030439888445989823,0.029702892196031564,0.029409953507517395,0.02835068082081235,0.027527893426482153,0.02685720645752312,0.025462308485757573,0.02422982674783077,0.023959065959730314,0.022589084727666343,0.0215479884895406,0.020396764292916324,0.019697410907782126,0.01954961255016066,0.018865981924675465,0.017758748962867048,0.016430302607842985,0.01495183918679947,0.013525016011202961,0.012319873989658942,0.01176871711601945,0.010418053940409965,0.009825338854192124,0.008705622352452185,0.008027106853751796,0.0074770528758223475,0.006674030141267013,0.006565225431684484,0.005374163713557673,0.005301520198178907,0.004843374218666119,0.0038290176231037722,0.003843328026931257,0.00368839137701255,0.0034069297358808497
WATER_SMP_0336,5.38,9.77,DEMO DATA - BIO-OPTICAL SIMULATION,0.022642112644604317,0.023063964237847238,0.022950109716767347,0.023069805168965583,0.023181212769375598,0.023377609454962412,0.02284120218899645,0.022790047369130154,0.022572931663537778,0.022454838821881973,0.022705306640251856,0.022113559591926006,0.0212081705787908,0.020915471634358265,0.020699664625551107,0.01975488335348587,0.019198533153578237,0.019163577515994772,0.017879798151971295,0.017619458465478615,0.016950702659493767,0.015573549076081892,0.014731338560542175,0.014112250676319453,0.013064548651129791,0.012638392448913547,0.011813935658652873,0.01140713942673012,0.011338345858168921,0.010874713251990787,0.01034814309312351,0.00888876625763027,0.00864684986007896,0.008025788383618754,0.005735805567149387,0.006155147338622116,0.005343511574239649,0.004657627517135654,0.004721279174782544,0.004597389219772807,0.003951641316735262,0.0032713417990539117,0.002790641952625016,0.0028337528789671336,0.002793032870850161,0.002178073299582067,0.00199096167831341,0.0027277878403769045,0.0020256268601163544,0.0018842274909744155,0.0009532352352853912
WATER_SMP_0337,3.13,10.6,DEMO DATA - BIO-OPTICAL SIMULATION,0.016316804352392186,0.016673203275384754,0.016442627558124544,0.017281872604493386,0.017246711798870933,0.016645225813481924,0.017279018191824615,0.01663552087867921,0.0172590279798497,0.016322188404917278,0.01619878814642106,0.016143839317231415,0.015756945020557387,0.015130435673895512,0.014494992023081441,0.014211844330813262,0.013297500424443387,0.013042177455311523,0.01209278959147234,0.011300981565209377,0.011246572399910228,0.01099877587936563,0.010284759792299855,0.009373618350771896,0.009326028302637087,0.008068930741533475,0.007194140348805377,0.006830529362547898,0.0070694896338676745,0.007689975349182179,0.007083311804118376,0.006866162917471031,0.006373220969982585,0.0046473186331442845,0.0043759816052562715,0.0038552444000363854,0.0030428440752884815,0.0033925900169872484,0.0026252499764973167,0.002347508506370121,0.0028685127463368688,0.002183665822485208,0.0021142471367838088,0.0020696710166624053,0.0013100720536756427,0.0017364393488677804,0.001080328608156779,0.0009489586876322559,0.000923224913222781,0.0007207666275877724,0.0010657937860384856
WATER_SMP_0338,4.68,6.75,DEMO DATA - BIO-OPTICAL SIMULATION,0.021123436355387847,0.02104642291783894,0.021512267960397156,0.02130532437827683,0.021325625165142758,0.021429596238635575,0.021496604707302653,0.021365944102346136,0.020977957089283128,0.021123744837657863,0.020529168948640073,0.02006884747579635,0.019437954316449985,0.019731130749874766,0.018944629562800526,0.018458835475620737,0.018117764670882875,0.01702769529063227,0.01608928297183885,0.01582293121195082,0.015170822407184651,0.01425864777532481,0.014028003242289243,0.012084346272760144,0.012413632995572717,0.011579003533896272,0.010795392623703874,0.009089403525259235,0.010054856438541891,0.00901132532285193,0.008721575099920035,0.008169436584256921,0.007522756134184873,0.00675470362415811,0.006101329581076501,0.005486830282573281,0.004830049257165436,0.0044541886581656465,0.0036178990395474694,0.0033670664220952352,0.0035364567048645655,0.0032207566896711335,0.002913230878992114,0.0022914023129981726,0.002490081367863793,0.0016597989920831757,0.0021411605042740045,0.001566582222971894,0.0019927335166302637,0.000888148110007699,0.001743948329106232
WATER_SMP_0339,8.42,13.7,DEMO DATA - BIO-OPTICAL SIMULATION,0.02803522110827264,0.028196767014770488,0.02849942511994187,0.028322330893755274,0.028557108069143272,0.02835857454571111,0.02832125662691323,0.028577139707139515,0.028005248531912726,0.027832713721700035,0.027379639823409546,0.02730795554727434,0.027458668255691092,0.026355522258960557,0.02587235438839604,0.025572119638071638,0.024766301599829673,0.02485386599529025,0.02339244831413738,0.022749910724934506,0.02209817058487104,0.021221540356864736,0.020113063687767215,0.019069556272187697,0.018780855029755187,0.017192472285718192,0.016184903260187088,0.015379330816268655,0.014546432800463941,0.014918522427523702,0.013416412304242176,0.013216767653912477,0.011955369481720627,0.011419264845123733,0.00907206944350538,0.008432377923315887,0.007901644946644425,0.0072175256399494596,0.006504102327005637,0.00608091890892748,0.00520336684963065,0.005202331179045194,0.0039490290584230925,0.004222750941582864,0.0036683099569763305,0.0038023098959201656,0.0037021993341932757,0.0027817492221122397,0.0030291420686143337,0.0022715195569014517,0.0018527505542161621
WATER_SMP_0340,3.85,7.65,DEMO DATA - BIO-OPTICAL SIMULATION,0.01933317499541406,0.01910373927095407,0.01905457086861316,0.01932897000066118,0.019234881406684362,0.01911848847767481,0.018681731986191507,0.018890023298083623,0.018998644620546356,0.018562730995341177,0.018604706290985956,0.018130016074744782,0.01737960291692224,0.016824252963640943,0.0167011572932692,0.01607406726914288,0.015774156789651186,0.014863540948414656,0.014269378048803823,0.014120164866000385,0.013180416892159968,0.012244663041296972,0.011774440273033244,0.01149692232098012,0.010493306374593638,0.00992846459073237,0.008935582348897842,0.009014943915496187,0.009115767046349144,0.007968608915594626,0.007515109030087541,0.007332478063640477,0.006749127245409047,0.0056387387728746175,0.004650821851050079,0.004389766173793285,0.0041706061465794815,0.003503217688691628,0.0034802868812135444,0.003348632183660083,0.002797079555106953,0.0024652476735848327,0.0024923740112401892,0.001776542560076034,0.001555204521603691,0.0015869568154000002,0.001360421007381055,0.001122526239199694,0.0017815120152320932,0.0017649933847900053,0.0008994445761530002
WATER_SMP_0341,3.13,7.41,DEMO DATA - BIO-OPTICAL SIMULATION,0.01658402745487225,0.016622214935067502,0.017103169335671183,0.017221541764237257,0.01631863824492252,0.016976355389798154,0.016380079176589395,0.017192535729950078,0.016642469295729354,0.016059836388348195,0.015981412816194394,0.015664816258432007,0.015558531016493944,0.015316768642583104,0.014219420671202493,0.014635281093575998,0.014049545306736575,0.012758786734215169,0.01247156622007847,0.012371866777424103,0.011623873807224641,0.010540741906354165,0.010272030270370512,0.010316855764734472,0.008850528853754156,0.008058101779017593,0.007798168803286701,0.0074559375376754234,0.007025181050288358,0.00718248957046002,0.006412599045667558,0.006068899836618918,0.0057689496516341796,0.004260261613291625,0.004423508422213693,0.0030680062502240536,0.0027815153836625917,0.002842274285006139,0.002804047082071842,0.0028662946930644606,0.002257889852231525,0.0019579505398601943,0.002015157819481215,0.0014061361971216514,0.0015508553994748526,0.001005122136283902,0.0012588137227925128,0.0010762394620523197,0.0007661202354870623,0.0009592291489804359,0.0008688200179295582
WATER_SMP_0342,7.35,12.23,DEMO DATA - BIO-OPTICAL SIMULATION,0.026853911666779775,0.026185840822480995,0.026774309461658506,0.026658521222589562,0.02719350115290386,0.027157940051782726,0.027033430620738524,0.026566428588407437,0.026884337579997825,0.025943140438965565,0.02560564205552679,0.025406840612364177,0.02538159231576845,0.025134933529374594,0.023519855213999668,0.024230932470460143,0.023238535465609344,0.022040952175007466,0.021804819908793925,0.021321680703148813,0.02035494605030849,0.01965408743952154,0.01803846039618827,0.017429331494641657,0.016368574422152345,0.016254555128131464,0.015076819314039022,0.015042131946153739,0.0135731250416527,0.013128594775707882,0.012784553609820193,0.012391423945076266,0.010740053770623285,0.009702062571186342,0.00865036458722713,0.0077879880023349534,0.006885799532091815,0.006435212059815865,0.005871975390761849,0.005414866129802855,0.005228559113542416,0.005037330416743569,0.003854267581280168,0.0036179644590185896,0.0031473472810339548,0.0031385672423203744,0.0026349816945602667,0.0026071256002335166,0.0026278537872896713,0.001321762877489531,0.002029320959994079
WATER_SMP_0343,7.36,8.64,DEMO DATA - BIO-OPTICAL SIMULATION,0.02637568399516479,0.026818134471714154,0.026540671779001226,0.027257978595008447,0.02721907025731047,0.02711480081223483,0.027131580760368753,0.02656645895852195,0.02644539813287457,0.026640523103882666,0.025908552745365823,0.026235950504608575,0.025307233134231708,0.025095638694168615,0.025055125945986113,0.02363491449595251,0.02323246980341632,0.022840123728928814,0.0220724233142879,0.020907972498425235,0.020032345418915725,0.019266496645355645,0.018894562544554475,0.017481590960855165,0.01668156587720772,0.01562227323288666,0.015092078348889156,0.014171796839243998,0.013232504356843606,0.012735046554301405,0.011817551954527663,0.011329117970578804,0.010787491688929299,0.009888247137272071,0.008752064832137084,0.00792052534524679,0.007042026364246735,0.006713014291914421,0.006016963879747901,0.00596337247788602,0.0049205209994647005,0.004916236757050491,0.004372484467505078,0.00395972850750875,0.002794638095820828,0.00336415053070848,0.002760933257034767,0.002404469228458722,0.0018541323591788291,0.0020798742250919557,0.0018937043923782303
WATER_SMP_0344,4.03,8.99,DEMO DATA - BIO-OPTICAL SIMULATION,0.018932571150667054,0.01902275512524197,0.01971910264650349,0.01990632640262474,0.01973328775955401,0.020009130510521805,0.01957884098586636,0.019479836538045272,0.019060732500182496,0.01865417547012076,0.019410838367841594,0.018871645417606338,0.01773861110885436,0.017775034181419205,0.01722050242368348,0.0166440914131054,0.016037044045905696,0.015670136382587213,0.015165239023640652,0.014378514592487186,0.013539904695142525,0.012833830775192451,0.01246008987942738,0.011615652135996545,0.010803163361185916,0.010099649436027277,0.009615098856234032,0.008925098120280797,0.009057023286036223,0.008313366844975904,0.008193917389033677,0.007885746718063824,0.0065079235012781116,0.005484180523602863,0.005217876682793015,0.004108133314753415,0.003773218504424571,0.004007865721765227,0.003378886997453738,0.0035150132030740116,0.0024825474154800352,0.0025540680531626336,0.002462478584015042,0.00177239808999156,0.002233173797470587,0.0018946701365803833,0.001092869452987269,0.0014135922496579857,0.001403802320903431,0.0009867837905846604,0.0006072294785691066
WATER_SMP_0345,4.15,8.65,DEMO DATA - BIO-OPTICAL SIMULATION,0.01973522372983281,0.020458250793602004,0.019788769630450363,0.020448629377177344,0.019784533753120254,0.020063209976416477,0.020171187936413724,0.019828541057250577,0.019581005060656225,0.019673711526106162,0.0197541791314293,0.018952901924951443,0.01832962152207653,0.017996444995243815,0.018327806200069695,0.01708373328418462,0.0162932283150502,0.015518075490219586,0.014671084145754885,0.014658361344660087,0.014055576632607874,0.013036003773799489,0.01243876818780868,0.011379245978787537,0.011063813197684466,0.010484881305736191,0.009565169133264535,0.009765120689368524,0.008723434288752855,0.008855504918602881,0.00868458166737452,0.007784366620463497,0.006900272571045372,0.005643400430263012,0.00572493863242734,0.004681858088854622,0.004433064496288149,0.00408360114443701,0.003344582420030859,0.003155106577511104,0.003322084107615881,0.0023181009461798294,0.0030457393186412098,0.00195908131034062,0.0016234636980503097,0.0018299450756754296,0.0022824620428128464,0.0008918214194236706,0.0012821542806705653,0.001339699101745547,0.0010911813738889915
WATER_SMP_0346,7.28,11.81,DEMO DATA - BIO-OPTICAL SIMULATION,0.026502450796309925,0.026338602897655942,0.02650358067156639,0.02672833516706952,0.026479746304563942,0.0268043616755166,0.026650284208813727,0.026522224541673828,0.026600307913773776,0.025741230639223938,0.025942547441225497,0.026369655913421955,0.024950498462050677,0.02520264622778654,0.024313685953372,0.023537989454929787,0.022688085925643715,0.022438777196480283,0.022096893583504928,0.020764518290011864,0.020039501335672654,0.01951778914948308,0.018442880191963277,0.016976475796131093,0.016573068369510172,0.016093529463639844,0.014776717332487886,0.013266467666340084,0.013722685699537935,0.013168542748046512,0.012155093129145074,0.011355294704470035,0.01103755300167095,0.009357403779481613,0.008276056980957024,0.007702213699374489,0.006831331451956185,0.006454092148580002,0.005816814941683687,0.005012422894166109,0.004750894068422975,0.004603992853990614,0.0040840837402521145,0.00367898419057298,0.003946774347950756,0.0032749732946206183,0.003027779655810533,0.0024631174035605495,0.0023425241581398622,0.0019317321331370288,0.0020982868051810043
WATER_SMP_0347,1.9,7.1,DEMO DATA - BIO-OPTICAL SIMULATION,0.011796272864050881,0.011972946206009099,0.012009141474408243,0.011984839557483307,0.012872606256921082,0.011760755297133815,0.011693919404751686,0.012005082045167571,0.011481426776538668,0.011397790382739852,0.010946537896283078,0.011169839173844858,0.010887632051994715,0.010322014392389812,0.010280334950186517,0.009130364658344266,0.009074265221356752,0.008814854385675166,0.008079341851622993,0.007461978117021405,0.0074448567601837125,0.00729563823286619,0.00702614620625629,0.006039775825133922,0.00600168318469202,0.005583287782110417,0.005444154356955901,0.00479881714601229,0.004348819474210481,0.004948092562317631,0.004516017601193542,0.004219767825313791,0.003745050793007615,0.0031008037174069746,0.002731654201834138,0.0025372852546428973,0.001957926894339004,0.0019835867957975232,0.0016935232165639217,0.0018113705534320125,0.00132996931565951,0.0012314777910032092,0.0010232172952852395,0.0009780940112315147,0.0006929289418122757,0.0005735532198289813,0.000989794044363545,0.0003584867644284007,0.0005210721165525998,0.0008611244336621663,0.00039620360042295254
WATER_SMP_0348,1.96,11.48,DEMO DATA - BIO-OPTICAL SIMULATION,0.012350282678864226,0.01200421662015811,0.01192342696999799,0.011791633767558445,0.012666148823529441,0.011901630073466457,0.012402850115311028,0.011778348670085698,0.012335366206686025,0.012425361302466516,0.011041780591705429,0.010968594774328289,0.01123551540864501,0.010832479314276021,0.010554951649657866,0.009764896814580681,0.010124326591336504,0.009134875647337339,0.00829083122667214,0.008126315910896222,0.007382184746194448,0.007760797330140042,0.0066294128798897066,0.006527991157257622,0.005809656303483319,0.005381078764163755,0.004718594383036516,0.005407597776133958,0.005794442873698131,0.005378766067986455,0.005198159886456326,0.005467204736720634,0.003941459184644006,0.003943800625518884,0.0026238677436571213,0.0021097942100900837,0.0022186833240827823,0.0016144186788267752,0.0015307016932907536,0.0016855312425609408,0.0007019626272163304,0.0017879683350217352,0.001184998734706016,0.0006718495613607573,0.0006526705353092821,0.0011628677495202993,0.0009618481297599187,0.0011216093698190916,0.00043198737327037673,0.0006635710151769883,0.0006463101023445289
WATER_SMP_0349,3.4,6.45,DEMO DATA - BIO-OPTICAL SIMULATION,0.017651194435524008,0.017909588877574056,0.01745418882581639,0.01769849790696537,0.017574923349102697,0.017725915169140877,0.01789048123443181,0.01707695834772899,0.01774913454883365,0.016867255283297872,0.016858328282525682,0.017014192864500607,0.0163797688287597,0.01597528235709556,0.015065684245742395,0.01461101213495234,0.014673189593339924,0.013647806793326736,0.013082458430528918,0.012905001345029558,0.011670291862432512,0.011426159091100384,0.010715075673735579,0.010060871926944857,0.009275343107452422,0.008650330381097382,0.007955098914089728,0.007998113368672856,0.00737430044952943,0.0076502825948626,0.006972099786337095,0.006183092685815532,0.005716830391223869,0.004933385367626139,0.004736445790870994,0.0038366946249489766,0.0034779142159831397,0.003655560037502076,0.0030906584740063086,0.0031688134300726705,0.0028020040721334913,0.0019331693869345848,0.002290646191804053,0.002263549125489665,0.002094733345080616,0.0017756118049035083,0.0016278814344592787,0.0011182646315662514,0.000841199610278542,0.0008809979623834414,0.0003914266770694148
WATER_SMP_0350,5.1,8.02,DEMO DATA - BIO-OPTICAL SIMULATION,0.022469898459469263,0.02213711753760058,0.022729442538878878,0.022053681516757614,0.022786543542318235,0.022306028439395283,0.022012865223177528,0.02277811633119604,0.022459702209601893,0.02197241676073988,0.02164300255625315,0.021430614161889416,0.020965287144926906,0.020220585076205326,0.019831162054242922,0.019987439214715914,0.01959691780349903,0.01861620122241018,0.017604296191930754,0.01664006464879324,0.015755936867908202,0.015009785468721478,0.014284423702066607,0.014310277698226147,0.01342216103713905,0.012334678317151319,0.011109166487097604,0.01108082518585625,0.010325052260826481,0.009413197085533568,0.009695298369892075,0.008663155215663174,0.007782168112918233,0.007031648275693804,0.0061589440025073055,0.005655264019124576,0.005114310020603945,0.004119625574279169,0.004725569466959802,0.003595172414385975,0.0032550899587090736,0.0031208542016911167,0.0028918670346542797,0.003091713705809226,0.0024875753670004805,0.0023508866698341555,0.002057411869281351,0.0018569899027275876,0.0017099248478705136,0.0008822260656753877,0.001246406737107504
WATER_SMP_0351,7.76,9.96,DEMO DATA - BIO-OPTICAL SIMULATION,0.02750408539522719,0.028504862080740684,0.027090950736681055,0.027669178710056426,0.02741754894742368,0.028203127878849477,0.027132937456925642,0.02762417568386269,0.026856911652043364,0.02696836419419292,0.02677911608130461,0.026775052330728678,0.025734218068777372,0.025797992347394553,0.025085243304355083,0.024582539156630293,0.024152023880509594,0.022789438790754138,0.022676894155581422,0.021477152019595262,0.021150789004118965,0.020062815217962188,0.01901279437315924,0.017991142410645037,0.017492917881847397,0.01669902257635551,0.015275072574057386,0.014335235726005476,0.014305790498997365,0.013177600111730655,0.012619281080088795,0.011829045115810689,0.010941042505060531,0.009543579983943609,0.008363179159362018,0.007771242248686283,0.00760045831599131,0.006402181026308923,0.006109812639227241,0.006265842306196098,0.005175130382261623,0.004837004348805076,0.004029506573847307,0.004574451953017822,0.0034063421458003836,0.0031730073495007433,0.003336790089640754,0.0026130610238636336,0.0024317172288991266,0.0021047140675349856,0.0018990507142957005
WATER_SMP_0352,19.69,19.64,DEMO DATA - BIO-OPTICAL SIMULATION,0.03754522407513826,0.037735841744939214,0.037483555220096484,0.03752195895797732,0.03761091129463099,0.03737962906442008,0.0372915198088506,0.03778648497596796,0.037865352341629056,0.037686967295531025,0.036506070622607564,0.036893028013720804,0.036330475812329156,0.03634539795666183,0.03576284971955064,0.03559481999317039,0.0348823880458462,0.03373116898824542,0.03336221785630042,0.03294713995785416,0.0322069634087649,0.030935673587966162,0.030018762168016418,0.02956472892276586,0.02813639986226306,0.02700199157974089,0.0262849605603317,0.025283042531956113,0.024386320915497764,0.02378160242432194,0.02320418636519306,0.021866775362046006,0.0206894574430706,0.019032603249406543,0.017760963466115207,0.016698042266182395,0.015543042903551338,0.014617794468433892,0.013477288745786792,0.012337229122296433,0.011220105241384372,0.010364235848144363,0.009394759826750494,0.008884649389459934,0.008365360830442758,0.007258425415909475,0.00683109763469676,0.0060500110125512934,0.005770172459869326,0.005038033270376439,0.004515796338656649
WATER_SMP_0353,12.01,13.34,DEMO DATA - BIO-OPTICAL SIMULATION,0.0321106627878813,0.03262599748270746,0.03257153862053478,0.032560041059084985,0.032814643714834446,0.03261638929598411,0.03303733226439003,0.03231726230863249,0.03241218611263153,0.031852054211802656,0.031918717668327164,0.031210276912361824,0.031569875722761445,0.031146914009625538,0.03066159642568063,0.029882588733001193,0.028996187767905583,0.028346059284017046,0.028312929688538158,0.027496713858392845,0.0262628500934501,0.0251837221519695,0.024818527492422623,0.02323098552010676,0.022503694873445113,0.02180633871511474,0.020127165333884613,0.01971988571850334,0.018916445596626884,0.018143810153966246,0.017128024597436977,0.01618813688984626,0.015218072665061125,0.01336549814293032,0.012606692360790029,0.011676925647055483,0.01089480343627875,0.009351471769265488,0.009395620238730688,0.008786634513035272,0.007723090212505911,0.006654461225496921,0.006276191956043272,0.005810824386039019,0.005396979404757255,0.004851734058229106,0.00449549218532514,0.003984657889874502,0.0037248599933452863,0.003171271758899104,0.0029006877810309837
WATER_SMP_0354,5.32,11.64,DEMO DATA - BIO-OPTICAL SIMULATION,0.02240678903498503,0.023311813296066377,0.02329742796585747,0.023107330242816523,0.023378081667325624,0.0232136182273043,0.022972726059122935,0.02235876933530736,0.022569288184530665,0.022328395054016004,0.021812090610206013,0.02137075496655028,0.021570599132649873,0.021068832284187298,0.020114273263385336,0.01968073453413426,0.019643418506758353,0.018377226831149375,0.01799732284418035,0.017160535843490372,0.01661288561597909,0.01542640975361396,0.014918109261466481,0.014141870539726509,0.01336021171807407,0.012532015772399584,0.01190178473064125,0.011921233516769032,0.011726587628015579,0.010561570945430034,0.009683358681703537,0.009829078803026935,0.008685384488127388,0.00787159964696421,0.006714815421592714,0.0059293860077636205,0.005685361057786589,0.005248830945635373,0.004023390600003843,0.0038011390692928525,0.003652173761003022,0.003379959814550002,0.002976369213221564,0.0028936658758823325,0.002805322439166257,0.002788600361252348,0.0022313661400347544,0.0016069580197482945,0.0016409903049326906,0.0015013131850107719,0.0015318673230952208
WATER_SMP_0355,5.96,12.61,DEMO DATA - BIO-OPTICAL SIMULATION,0.024057772773437014,0.024717889500201637,0.024089690550937706,0.024429219548263412,0.025062588356144385,0.02417633572256466,0.02434133865593075,0.023907522141741598,0.024053594833146633,0.02357562824209868,0.023845698901013557,0.023238192871562927,0.02251593875413965,0.02259214655483865,0.021879627846642276,0.021542006700005212,0.02029020061036557,0.02007546450695184,0.019483982570885742,0.018374541301085453,0.01734198794772622,0.016900488814840017,0.016456679853687633,0.015590023918039049,0.014283454842674365,0.01319942059455612,0.012697573565644237,0.01210864219371214,0.012045902513513304,0.01165123391739838,0.01105233200722984,0.010835988696938808,0.00946549911082884,0.008410643416940504,0.0067749818755043125,0.005792381008836421,0.005475309003096027,0.005240597743064094,0.005088495428346146,0.003781726650535204,0.004564287989458655,0.0037707112130368416,0.003790108170546464,0.0028063790415919095,0.002939431760131283,0.0025541722608693673,0.0025368035283496334,0.002005142614766718,0.0020203391614121704,0.002029924809549361,0.0013411650669028286
WATER_SMP_0356,2.71,6.03,DEMO DATA - BIO-OPTICAL SIMULATION,0.015154473752375074,0.014625072522685377,0.015484188780824212,0.015910591904646,0.014966930828690671,0.015291065494794285,0.01552019002185703,0.015160038864188692,0.015049922395470696,0.01468693806668276,0.014433288668833207,0.014247252059885458,0.013952530226328379,0.013209666216571561,0.013128545301609174,0.013166997103272559,0.012086936296331913,0.011330769657383645,0.01112410463356953,0.010406573075901827,0.009660338588982601,0.009539473628879407,0.008720889505286584,0.008188526662263027,0.007876397217598436,0.006851818322028266,0.006333252646333608,0.006718851310709669,0.00573994249966342,0.005884656232859988,0.005389298729536337,0.005318914803570742,0.00495832828685976,0.004209963830570715,0.004344914275760411,0.003535060328781098,0.0026050812855899137,0.0022537840898062796,0.0031839613814112567,0.002471699889420368,0.00212954931418789,0.001792273146373823,0.001684964045539177,0.0010062015370644354,0.0013595399220275182,0.0012080053909031515,0.0008011766169035246,0.000807248680239046,0.001329447217334282,0.0007522839992836943,0.0013342006096725388
WATER_SMP_0357,5.96,8.1,DEMO DATA - BIO-OPTICAL SIMULATION,0.023424003651933735,0.023951030069072562,0.023768871116199936,0.023955887780038754,0.024112641893186938,0.024451426637287707,0.0243827839338265,0.02399214600532061,0.02336557893143655,0.02425795255229019,0.02345087924267418,0.022864055604273775,0.02288397377870741,0.02240623225547695,0.021733826882541423,0.02130559370782659,0.020292826283649822,0.020197579112898885,0.018957648901332804,0.018324541230848125,0.017918902177101726,0.017278631250537385,0.016568338420436087,0.015573301963538382,0.014319058262148611,0.013122683957644403,0.013223657948551392,0.012552313364506618,0.011442887485512393,0.011504658955462316,0.010607762586069429,0.010403988260003076,0.008854929636360058,0.008632802957245493,0.007421038055325948,0.0070230699507151766,0.005759289048381058,0.005506068846920192,0.004626240229957633,0.004739193280522733,0.004357647354082618,0.004440030823689924,0.0035278979947640965,0.003290556462149675,0.0026480822360132696,0.002691991734054854,0.002178408711238571,0.002110837473273061,0.0019314557123038664,0.0015942343933625308,0.0015559999974854113
WATER_SMP_0358,4.8,9.78,DEMO DATA - BIO-OPTICAL SIMULATION,0.021239521468379523,0.0213901506398568,0.021944408261509403,0.02175298576257258,0.021841420403216603,0.021291606406534408,0.021798737524054916,0.02172233727459136,0.021281476220707467,0.021808700006597716,0.020221901340500895,0.02081225972172216,0.020402200864643113,0.019906550562383357,0.019299020845924292,0.018862753184887046,0.018362511779095803,0.01724652645128089,0.016879321868324935,0.016028771616835996,0.015025104871770563,0.014819729016410125,0.013675208378193292,0.012630373154205305,0.012155997571530082,0.011335539273211615,0.011210018660898796,0.010429959932615503,0.010482082728307751,0.009639085699552085,0.009726396066663758,0.009634669585326269,0.007957777751414947,0.007136239063079255,0.006250968315449372,0.004964556890827259,0.0050501286298098216,0.004527046959410358,0.003963294065726497,0.0034151845743282463,0.0035566442343144904,0.0027516316320962985,0.0034035578593350855,0.002541433733881253,0.0019059293296231487,0.0019049216412635626,0.0017808266804728672,0.002410619196271505,0.0012602748009595895,0.001344325030493037,0.0010849388788715833
WATER_SMP_0359,7.83,10.16,DEMO DATA - BIO-OPTICAL SIMULATION,0.027419915864168264,0.02728038625474987,0.02722537568837231,0.02759859108285032,0.02761406921264225,0.02752631481058272,0.027492752734222022,0.02790763166027768,0.02729892287232892,0.026839735238696687,0.026767100908260358,0.02658705758680755,0.02577336403457402,0.02620386382458466,0.025457113119583485,0.025047003557525406,0.024099281760082237,0.022662893010858,0.023010559615506264,0.021504178388985502,0.020701680332519797,0.020122215222127485,0.01960020763892392,0.01859306563376421,0.017624146614960826,0.016330460834089438,0.01543691379817671,0.014877717667555296,0.014158483745136287,0.013981382312970364,0.013362739047607012,0.012423860207775689,0.010398225134877773,0.010063418186627274,0.008983979112508781,0.008227379972919146,0.007241330398163322,0.006441727217053423,0.006402321595414923,0.0056226085794088415,0.005406320001953017,0.004573549806617452,0.004775412521714297,0.004259986705756349,0.0036891689494366405,0.00320616833545868,0.0032236257806083925,0.002809273409901355,0.002510725963701698,0.002521919538297593,0.002427497834827516
WATER_SMP_0360,3.12,8.76,DEMO DATA - BIO-OPTICAL SIMULATION,0.016138671407525017,0.01632100178914801,0.016494112581736872,0.01633617177212339,0.016789883898598583,0.016970381116158915,0.016722463210074267,0.01646161961025266,0.016805247120808303,0.016306114577700367,0.016114085609209697,0.016055525144818405,0.015322227319356733,0.01558101765620004,0.014388954823137902,0.014643218227766843,0.01323646495823535,0.013138649461412561,0.012220060811057497,0.012158759714491686,0.011076053889346087,0.010695892675168102,0.009800856551146162,0.00966872416292092,0.008594257394888323,0.008729816574679632,0.007439078841180587,0.007005168675923202,0.007555200823885678,0.007026724698836003,0.006980528860778447,0.0063555040513393135,0.005279930119396023,0.004833644265578458,0.0045556254941297,0.003972291223230188,0.0033617087097627895,0.0033151790891260387,0.002390016855608071,0.0023617495544754974,0.00235082276585537,0.0019850277830100846,0.001760171230035324,0.0013007905340509482,0.0008787962862228785,0.001605024156410576,0.0013022052578441983,0.001381442998622756,0.0008722939422145007,0.0006923218304860769,0.0008199979291975621
WATER_SMP_0361,9.17,12.74,DEMO DATA - BIO-OPTICAL SIMULATION,0.029421774696889183,0.029262521221774564,0.02970257340221331,0.029250684658703268,0.029551992045230853,0.029581463375292015,0.029923718616906115,0.029519780732942737,0.02982874695211014,0.028691406092493148,0.02886678236171879,0.028553391016919644,0.02829588955214453,0.027414098502118487,0.027649722759496287,0.026573403532690814,0.02560894878742409,0.02523865139326683,0.024403978005752665,0.024537511578121975,0.02317714269469704,0.021997251883911682,0.021035647243054775,0.020413989307080455,0.019464981593947953,0.01731603954994398,0.017441907329862734,0.016457963041534285,0.015470493093904043,0.015651119772858293,0.015444746699766133,0.014007201589288386,0.01297081053101697,0.011922416575645986,0.01000401183946546,0.008756963833173733,0.008719350285823591,0.0077459663482401875,0.006763158657566935,0.00655205341769281,0.0062350086373886525,0.005452788025490112,0.004780217598439962,0.004504458302171593,0.00415562351042673,0.0032054349209629743,0.0033952006216479333,0.0027174844924541426,0.003028316150182989,0.002097288114155236,0.002627729123706572
WATER_SMP_0362,20.62,18.46,DEMO DATA - BIO-OPTICAL SIMULATION,0.03773479250270214,0.03782770685312613,0.038183295129253246,0.037908874548723985,0.038293400439883246,0.03799653139798376,0.038018688815183714,0.03823781934057732,0.0376638524786824,0.037471766939567025,0.037725314348234146,0.0373944241862291,0.037154411536833604,0.0368509691006631,0.036364393522470215,0.0360680348498918,0.035395776233009324,0.03418676554572713,0.03362788646425527,0.034034754099868135,0.0327018718062583,0.0321749622114478,0.030918467778873603,0.0300820862804084,0.028981558969150726,0.0288099143917534,0.02706484082095545,0.025828102045869734,0.024681229694465644,0.025068428245613988,0.023602085148466376,0.022750483057741737,0.02138611519184909,0.019492837787730696,0.018412116612219535,0.016752989356069836,0.015482414074155378,0.015051592027407888,0.013629266398360861,0.0128507619186304,0.011880910470886163,0.011057013432734472,0.009553656180282472,0.009047803682966458,0.00837680935034216,0.007523108042231984,0.007246471922115516,0.006864659131350866,0.006347035010675751,0.005318887284344978,0.0050257162759551124
WATER_SMP_0363,5.55,12.53,DEMO DATA - BIO-OPTICAL SIMULATION,0.023206068790907176,0.023417535733309233,0.023090819596811356,0.02398415513342191,0.023756695437854924,0.02375891962419272,0.023779003601737198,0.023470645057681393,0.022839787426262487,0.022887032518990724,0.022155921148127842,0.022439310616670722,0.021868628841802424,0.021453717287078077,0.021317115517133188,0.02025498285200242,0.019702174812721844,0.019123976986159762,0.0178638476196459,0.01759908238316997,0.01616705852471729,0.015948505037245216,0.01557638935552198,0.014640740613365458,0.013513207406659488,0.012905157734277197,0.011846581813384369,0.011628633550846656,0.012211266149474074,0.011695180374094793,0.010786011031751605,0.010070890290772821,0.008669193784433966,0.007600572458156549,0.006986306031319805,0.005973905890365313,0.005816896256695975,0.005521625046298994,0.0047071043512578615,0.004231090493332852,0.003321403143639757,0.0037046432716832784,0.0028199357976265624,0.002746592411248772,0.0028934262110372937,0.002670971140698645,0.0019998790831255984,0.0018146581282565421,0.0015432324885976839,0.001226114173411285,0.0012428521061839462
WATER_SMP_0364,8.34,15.27,DEMO DATA - BIO-OPTICAL SIMULATION,0.02755139224535004,0.028407212013668057,0.028451008723514266,0.028591259902286805,0.02818406321413765,0.028112804839016074,0.028438928920630758,0.028341386201489835,0.02812234989417323,0.027866825008276752,0.02819485766132444,0.027476719276020602,0.02754579728742625,0.026879052157721697,0.026491595121060644,0.02508017181480684,0.02494398345707452,0.02394447037201154,0.022831063454363063,0.022987552562830697,0.02161714773331054,0.02051896589275873,0.01981147083853897,0.01877348646978591,0.017861785142544127,0.01705477874463555,0.016744421245321085,0.015308103699525963,0.015549208820173422,0.014975611996935386,0.014329882932478874,0.01353306584142945,0.012074657206528039,0.011138004329462202,0.009758944708957946,0.00815200222603412,0.00797518166989632,0.007457187442584799,0.006530778433073111,0.006095249745178818,0.005353108170153937,0.004641027953448037,0.0041427372426338935,0.003734784826282623,0.0040174141483263325,0.002721296302133149,0.0029491092434721484,0.0026271273337607802,0.00250517385121963,0.0017892965907723732,0.0022454441951953465
WATER_SMP_0365,10.51,12.18,DEMO DATA - BIO-OPTICAL SIMULATION,0.03039590149499492,0.0312817462330183,0.030883949923417184,0.031131547047903812,0.031209436752249162,0.03128503053724044,0.031178814818195857,0.030945245782506323,0.03102904102229909,0.030863360856830866,0.030233837374944797,0.03027178342026908,0.03012109417803412,0.029533328532440995,0.029097171767972694,0.028303139165614024,0.027344031037817802,0.026696282221632225,0.02629301302288204,0.02568472763369606,0.025393725792972686,0.02396474103920443,0.02239307737893668,0.021555218909252043,0.02148111279006211,0.019724356205362264,0.018815391168971237,0.017645822437826423,0.017729206712623565,0.016837864456621,0.015760984799358328,0.014718030088946446,0.013887842231596857,0.012532742469302834,0.011610890230671623,0.01053946363587705,0.009446322972941238,0.008598721300697469,0.008007045654502455,0.007229264620394785,0.006737989572599333,0.006206399517925524,0.005397139702334009,0.00535997750816633,0.004601457505716529,0.0040375839362464475,0.003796066740192498,0.003617485710053903,0.003242839267648193,0.0030455536639307475,0.0029153301703319133
WATER_SMP_0366,4.39,7.74,DEMO DATA - BIO-OPTICAL SIMULATION,0.020687902225314914,0.02052881939012364,0.02023532165337238,0.02055080790260769,0.020364437931323122,0.021164355288265158,0.02119333194433279,0.02068351861947824,0.02058450409012173,0.020186312033857866,0.01994938316459544,0.01903303883223644,0.019107485896473177,0.01842876619580284,0.018289283933197575,0.017650221712979437,0.017670829067973372,0.016740655285179852,0.015895531602313457,0.015046182493178633,0.014923055026055699,0.013689675848538215,0.013067591674818474,0.01224774186215555,0.011385693925015606,0.01080968601950221,0.009562929758315825,0.009171626689563702,0.009392054236362,0.009483923046574609,0.008728053387061285,0.0077712943192880385,0.0067197750250615074,0.006527157532174213,0.005380524344473489,0.005156722267877001,0.004607788574356225,0.004228503640702279,0.003730164974871806,0.0035009490823301754,0.0030428455418211645,0.0026060686373484696,0.0022491557261478065,0.001586269922439782,0.002031507220343755,0.0023447359577081863,0.0019286089956263841,0.0016147668499880653,0.0011780239964430518,0.0015628700339240767,0.0011058348233877599
WATER_SMP_0367,7.24,11.36,DEMO DATA - BIO-OPTICAL SIMULATION,0.02678279227750982,0.026182039281792316,0.02638078037466982,0.026440875908534202,0.026296186844959036,0.026458667940158668,0.02671977745822449,0.026371360202524254,0.025268892295694213,0.026531219910585706,0.02542741869442281,0.025772467540752738,0.025206850922790246,0.025373316060463412,0.024517505325422097,0.023488736032448318,0.022795126718686907,0.022769524727507685,0.02114047687557287,0.0208616245318699,0.019948451416639677,0.019036844662466666,0.01837317425250653,0.017433151752255138,0.01661069884508029,0.015613747698209245,0.014846085877854355,0.0140459039201663,0.013326467130921879,0.013133580894754344,0.012385841596485142,0.011525058013240592,0.01055844984274695,0.009473250684396773,0.008505363688363975,0.007943482804750737,0.006835987170916087,0.006447488905100055,0.005880146437699906,0.005159444244292312,0.004898345928557949,0.004746182892074962,0.0041037590505081,0.0037498094660279257,0.0031340665834660246,0.003628136947317454,0.0025609451262641283,0.0019974460323619815,0.0025207635663237883,0.002014091343135107,0.001762728373559338
WATER_SMP_0368,6.11,10.56,DEMO DATA - BIO-OPTICAL SIMULATION,0.024084839206247842,0.024972284588464,0.024643222575311166,0.024788025987161635,0.024714790273534012,0.024743196727209364,0.02502805078608402,0.02442671108966547,0.0239030921466775,0.024381423985443268,0.023991942251518496,0.0235374245580596,0.023248320060853932,0.022538466072863514,0.02214042434333997,0.02152343333092212,0.020761566454130857,0.020623173442812386,0.019126287512875415,0.019503416657207687,0.01827129705269385,0.016661946071286068,0.016296493710764994,0.015469501686965266,0.014788777191069337,0.013535305400530379,0.013061321687231115,0.012386711599036208,0.011778204638051981,0.01140888567022877,0.011478488864805484,0.009919566700923133,0.009544679925516079,0.008568138119164757,0.0073280656061706475,0.00665971776818687,0.00638287026188541,0.005294556682489365,0.004847832378933988,0.004439767688934702,0.004531688872299963,0.004195023086065899,0.0030436836560379203,0.0034476086656808403,0.0031011340778982132,0.003055971211146804,0.002462851585875478,0.0021127949850719596,0.0022681101512178454,0.001950867572690855,0.0022480352008269608
WATER_SMP_0369,6.54,11.55,DEMO DATA - BIO-OPTICAL SIMULATION,0.025364871146174757,0.025287465003730865,0.02501687099309702,0.02528251592759014,0.0250701970169117,0.02543381406755618,0.025723505630014926,0.025339047418153737,0.02548568338466905,0.025061869382330165,0.02456188018510916,0.024371040940235855,0.024087693084818777,0.0235288867144993,0.023014316006289164,0.02216336529849963,0.021635048921702232,0.021763005992568554,0.02072878789432707,0.01915246294452904,0.01808445066106527,0.01798936452060203,0.017385355236640684,0.016097673093874224,0.01568865518133525,0.014535538127094213,0.013662734787686294,0.013291553086583679,0.012476443940690392,0.012223851052215249,0.01203362239643747,0.01101937749567945,0.010525182429063843,0.009031868834653409,0.008026052931206708,0.00703206049030702,0.006666314504927098,0.005750874901421826,0.00542855588997247,0.004604448871002782,0.004761636429790317,0.004140386530674431,0.0042826026590263525,0.004069710407547516,0.0032729597758657707,0.0027824324339524244,0.0022202640938886764,0.0025402004662351293,0.002117395961175758,0.0020204956839297776,0.0022005087484195693
WATER_SMP_0370,3.26,11.63,DEMO DATA - BIO-OPTICAL SIMULATION,0.016726133738263614,0.016821462645938094,0.017122874836372252,0.017501229328281017,0.01744485525178578,0.016992373275230874,0.017426931868147092,0.01673217059377955,0.016685479039953516,0.016696777639434873,0.01630971141849977,0.01643689620389735,0.015900925151691114,0.015942503919052085,0.014891994778706733,0.014441860373260293,0.01431737663238116,0.013371052353653726,0.01326438384181989,0.012375881083830996,0.010890835424170223,0.011324586139299452,0.010617331640170811,0.010004776055824212,0.008534182821148671,0.008331581771889925,0.007874572302611186,0.007519375883263097,0.00825559870002515,0.007779238188938454,0.0076122359218236835,0.007222582136566806,0.006331551196944424,0.00420266885350092,0.004218959691390628,0.0034205656817875925,0.0035537177678940136,0.0030194257293032576,0.0028253867199181672,0.0019387888738755057,0.002233033123371066,0.0024442522233840414,0.0023349199970512965,0.001947432444230661,0.00116685316437403,0.001795828510113203,0.001499342178617977,0.0011236221129490667,0.0004393607222681242,0.0012315176044573799,0.0006759181181653737
WATER_SMP_0371,6.17,9.58,DEMO DATA - BIO-OPTICAL SIMULATION,0.024468293843372367,0.024547518350024534,0.025114844815352103,0.024702189391395367,0.024778361658887214,0.025252825109077923,0.024528202451133792,0.024863593917743867,0.02439801346916071,0.023937726857937634,0.023960767124600595,0.023829964427210453,0.023630472284742906,0.023209087535561886,0.022162355029379136,0.021382736235483847,0.020958549841311378,0.02002607293431912,0.019597545444490255,0.0188038450680125,0.018335618335044972,0.016640614889227044,0.016248173725421994,0.015404077402542894,0.015125844212441918,0.01359210470988949,0.013204273992770433,0.012446516811333788,0.012334760202920838,0.011827467864643277,0.011186243753479012,0.010209721207536706,0.00881976231487148,0.00841158088557943,0.00758688976083332,0.006217474392714634,0.0057119119231750365,0.005627966287803408,0.005173159839680727,0.004330995512168699,0.004046465896898585,0.003289982410033735,0.00390641407490063,0.0027839370603787864,0.0030438656270800613,0.002602872707029654,0.0027555788325410316,0.001907855226729952,0.001960611023103775,0.0012477357950078719,0.0010075889811256603
WATER_SMP_0372,9.01,10.61,DEMO DATA - BIO-OPTICAL SIMULATION,0.02914031700722067,0.02859251041080465,0.029189736638818645,0.029652152795444645,0.02962054155143048,0.029199037695436938,0.02887484323554217,0.029405475151506353,0.029502142058801587,0.028690862699962648,0.028379808235366597,0.028134187754914063,0.028072477754692078,0.02781684455630812,0.02656179780664266,0.02590855305248807,0.026425019548566617,0.024977914969409713,0.02436150029313953,0.0232831502505452,0.022798321546922153,0.022061097491496866,0.020952078057630077,0.020446861348027024,0.01886757043423873,0.01791628706567003,0.01712415336725047,0.0163737449407964,0.01566428020407026,0.014667059776244638,0.014488077434102508,0.013361261166974198,0.012155959314792814,0.011152971469701916,0.009785898576568421,0.008830893900734106,0.007613957939305578,0.008231806358030882,0.007237859423534922,0.006443701953046933,0.005726912584867003,0.004551786429664428,0.004721268730382576,0.004715926620479759,0.0043795117985965205,0.003917736968230092,0.0034313401755584885,0.0034624082604653317,0.0026868371661753552,0.0028499518264934417,0.0021710338818283644
WATER_SMP_0373,19.32,17.69,DEMO DATA - BIO-OPTICAL SIMULATION,0.03698818223944768,0.03708787079414781,0.037177725116240505,0.0377706805895123,0.03739232488400517,0.03731157296334009,0.037803862703783164,0.037616052600602363,0.03769171113003605,0.037397014838240906,0.036810319204044165,0.036802549316174354,0.0365089927503025,0.0358336673661413,0.03536037551241893,0.03501270369274106,0.03529462213977775,0.03396729714085593,0.03380886781828384,0.03258695054039103,0.03222427517319578,0.031401548613093,0.030534960428490382,0.029430404141121528,0.028735262475664162,0.02738202093616899,0.02670067640054911,0.024704185266504173,0.024487894293246073,0.023772685023086704,0.022586038533032538,0.021922074089952504,0.019910475601521142,0.018675428634452634,0.01686809151869498,0.016681353102002763,0.015014915911576556,0.014684706384287084,0.013279244016329123,0.012221802945886614,0.011005345631835962,0.010007219768919296,0.009665042476445476,0.008721312343578771,0.007623093536932734,0.006898816246607858,0.0064411221896125545,0.0066943590774979555,0.006274198301619924,0.00517478845284673,0.004699949478279286
WATER_SMP_0374,13.03,13.96,DEMO DATA - BIO-OPTICAL SIMULATION,0.03311955100067349,0.03309742976894651,0.03391357950781155,0.03414962029966053,0.03336664234846115,0.033614854884956864,0.033465029945808696,0.03338680878013074,0.033731581234331995,0.03279272671111589,0.03308204195150021,0.0328595586478784,0.032238835251098205,0.03212976744178301,0.03142548447453971,0.03120416282691507,0.029778801162955802,0.029466648998455,0.02882643915620594,0.02726618155746071,0.02690815499504709,0.026106066944429532,0.025705430710081474,0.024238520879183108,0.023195103209378218,0.02264022244637092,0.02086908071401401,0.01980373668867034,0.01958297907709917,0.01863093263210931,0.017891029704174454,0.017441925379344494,0.016231512418407208,0.014834941020250337,0.013670071453167612,0.012618842084623383,0.01065362423057704,0.010559925216196378,0.009456647192591457,0.008629935990341878,0.008306357164035145,0.006948002161860664,0.006314749534469892,0.006446282309947082,0.005860486016095988,0.005253329482561174,0.004484922135616665,0.004545123434448415,0.00413361009215854,0.0035950499246640245,0.0028865160753703506
WATER_SMP_0375,33.87,32.03,DEMO DATA - BIO-OPTICAL SIMULATION,0.04168319908383959,0.04216287264095852,0.04238871217930351,0.041948627872923104,0.04200335947119564,0.042035612119816,0.042145078837070596,0.04183776546214275,0.04106253181542968,0.04217468814508361,0.04220674572939729,0.04129946549917403,0.04093927784610777,0.04095329432702865,0.04063017499246856,0.040631724308051995,0.039948574844025066,0.0392439015319669,0.03858412544377063,0.03868402330603476,0.037994141716905655,0.03746655024349643,0.03613507170656794,0.03619383851826719,0.03426224553965522,0.034044308146972166,0.03223028632656625,0.031608677019900146,0.03158388943617816,0.03078263519995239,0.02964848915354129,0.0285871314613379,0.027368720205031744,0.025931360975121186,0.02462631786509041,0.02270969980803131,0.02106420031851477,0.020356410789333885,0.018967010902668422,0.017535349595717807,0.01686482731281881,0.01559490912721037,0.014672008275619947,0.013274736032633704,0.012697045621559924,0.011211190473902745,0.010462244335824208,0.009791822802571886,0.009591558726826495,0.008558682101248988,0.007949744659592688
WATER_SMP_0376,3.27,11.21,DEMO DATA - BIO-OPTICAL SIMULATION,0.017446937660452178,0.01822832491393511,0.01725530699001621,0.017730259916526582,0.017631633685545347,0.0176094465218064,0.01778183188506126,0.017016295716342753,0.016836631854335957,0.016876575096203043,0.016469864614753946,0.016314027771509844,0.01633187694934798,0.015316824195648285,0.014921456719249453,0.014576683453391194,0.013930674346410345,0.0128679537140643,0.012684772271347119,0.012461162174385892,0.012067837979686306,0.010663322538564448,0.010032526112379463,0.009763550268857826,0.008517979692913912,0.008427332464878869,0.00755483470686065,0.008194589336031078,0.007494622554204019,0.008249444058317085,0.007914949059243068,0.006822617282136261,0.005813067566887849,0.005136876386475571,0.004386571353644755,0.0039597707206904306,0.0032139046887627075,0.0033429199170794005,0.002912350976561397,0.002471203935215753,0.002122397566935851,0.0020633804100922224,0.0016753278618801284,0.0017568638314944885,0.0015999906173945852,0.0015027518243658376,0.0018176654603152707,0.0011241666029087269,0.0013528888595107378,0.0010185130942473352,0.0007858921553030278
WATER_SMP_0377,12.16,13.69,DEMO DATA - BIO-OPTICAL SIMULATION,0.03241091579981853,0.032588957021736795,0.03281579072143476,0.03253187310088261,0.03242765738334366,0.03306815099493806,0.03310016897627432,0.03296487029625995,0.03264709836575961,0.03263672084917031,0.03237078132773882,0.032085481943929954,0.031224327719255516,0.030725374287565933,0.03044862939200653,0.030008953087822567,0.029329180767146842,0.028166055358564725,0.028514446180667247,0.027128820692072904,0.026423622584657424,0.02585788660086211,0.02385055446196421,0.023431452698071304,0.022463369684955534,0.02144224364043229,0.020465937991843375,0.020044488702403208,0.01910457602814592,0.018590392647212805,0.017589939471766482,0.016131858836103626,0.01464428344871694,0.01345880192349605,0.012789527361863805,0.011629550898913583,0.010634691947978524,0.009752887454654498,0.00969104814450956,0.008112387081652996,0.007954197079349162,0.007036983949328465,0.006421789475519653,0.006238663599380263,0.005810519363515053,0.0048247878849728395,0.004698259845985142,0.004164502322840947,0.0036873613920655373,0.0034071060194916345,0.00282898284510426
WATER_SMP_0378,7.01,11.05,DEMO DATA - BIO-OPTICAL SIMULATION,0.025821093678431793,0.025904285306324586,0.026477838830703603,0.026267706359017165,0.025952255598380443,0.026122996428472475,0.02532872741570959,0.026035763417867043,0.026035546500279734,0.02576589085741052,0.026123863954396524,0.025364810465195432,0.02495289881191364,0.023841298057888188,0.023705464555619903,0.02309130527888644,0.02236846140452197,0.021679364689525395,0.02064435421939547,0.02002904355040241,0.01986238677967831,0.018715356077979885,0.017740825977296967,0.0170087168809451,0.016467577534539406,0.015228675338266068,0.014550902148614998,0.013443599597660914,0.0130269651970897,0.012933417408538051,0.012871257700714872,0.011904678926122592,0.01056877531402224,0.009309439826443087,0.00868955321415115,0.007698669275686322,0.006104394267278332,0.005893234889500402,0.005780377019000151,0.00465270611722098,0.004465642321849349,0.004105397478502012,0.003851548729460308,0.003486144802374569,0.0031587551403711766,0.0031935362015530345,0.002592359442569943,0.002306272188139999,0.0017886657804934017,0.0022928316301587186,0.0015949499075232315
WATER_SMP_0379,34.88,32.87,DEMO DATA - BIO-OPTICAL SIMULATION,0.04168236475838155,0.04217125434873934,0.04195478952703943,0.04208207350691998,0.04234849703390379,0.04217880528906374,0.04294919735271211,0.04218378344836397,0.04231192867113693,0.041432411930930266,0.04161113507473848,0.04136170775324961,0.04118185711320084,0.04133299041112092,0.04121671795617781,0.04066250276525502,0.04009734523908614,0.039533356564344146,0.03956303556998523,0.03930395181766664,0.03812245424131344,0.037707619926899395,0.03681599275515389,0.03616648319146389,0.03474317596739299,0.034000492279343084,0.033243427179672526,0.03253584301218577,0.03120179528707987,0.030261538503779085,0.030008322913903086,0.02939840318081064,0.027222415817267153,0.025787496780239418,0.0246624562534,0.023175142101783716,0.022085710920816584,0.020294766404647238,0.01935359149394106,0.018622200938508134,0.016745645714753177,0.016418575846270895,0.01456413351985286,0.014089002678422287,0.012716447155061376,0.011525896606133746,0.010810039904867952,0.010262141166377975,0.009286420966125178,0.008863954760910288,0.008248538627181019
WATER_SMP_0380,3.17,9.91,DEMO DATA - BIO-OPTICAL SIMULATION,0.01631895579651467,0.016419963676236007,0.01649852728850198,0.016679744526629885,0.017303180132738006,0.017122028473163815,0.016729071831219397,0.016782071888622074,0.01705172486738515,0.0169987553818914,0.01625037687795336,0.015071473449801557,0.015606668078947113,0.015399568001173742,0.01474440177859025,0.014412628114403062,0.01378357248634981,0.012756908723270089,0.012286793103448481,0.011861969019158702,0.011669817146451758,0.010504481256612602,0.010253105548464658,0.009593529384417142,0.009376455354980388,0.00831857271753989,0.007321984660013877,0.007734772810475064,0.0080849776172684,0.007639695663486776,0.006994243241555526,0.0063615075784146805,0.005574347326199123,0.005587761450381365,0.004164251872901173,0.003533834066137261,0.0032938470385337946,0.0029294789485420185,0.0032171080288338296,0.0021905390371125305,0.002618644453953943,0.0020902692952244704,0.0022231608570676136,0.002160162656769313,0.001550790921789117,0.0012852461919594916,0.0012673175240879642,0.0010989249713174666,0.0005213265962169931,0.0013854301696039739,0.000904007832202388
WATER_SMP_0381,3.09,12.53,DEMO DATA - BIO-OPTICAL SIMULATION,0.01606074496631688,0.015910304762357927,0.015923660093581204,0.01691124152048895,0.01651581346731135,0.016546432113612373,0.016767814798838026,0.016359620213438338,0.016524129884704825,0.016185870831602618,0.015879986283615543,0.015132376456009587,0.015009374104597354,0.01504119992535113,0.014217825651729533,0.014306485371712667,0.014136017573151879,0.013085962619554472,0.012768996908559574,0.011950357622352987,0.010973637571316593,0.010586414052251875,0.010521308523024124,0.009155730611725988,0.008409970114617362,0.007828548918846876,0.007656569306295177,0.0071889927981900435,0.0080175691059162,0.007696412802673166,0.00780833400285287,0.006869572517261254,0.005699690692489428,0.00466186951544872,0.003973468609411993,0.003778914887724414,0.0034275244427276787,0.003136735168250714,0.0022362450948005897,0.0024361554367865485,0.0019031541666761215,0.0021253601869372493,0.001960442213356331,0.001293426018704531,0.0017791638397776787,0.002048206139989972,0.0014678083518665295,0.0010512290919810847,0.0008987548534475569,0.0008346164988957086,0.0005818364173805076
WATER_SMP_0382,3.75,6.93,DEMO DATA - BIO-OPTICAL SIMULATION,0.018565486352083348,0.018284269649427587,0.01816291125197397,0.018863902206170943,0.01883316729756513,0.018641422515372284,0.018368090784180873,0.0187314641481733,0.01818852045762526,0.01823279563929803,0.018539931304653277,0.017888770176134165,0.0169134558088096,0.01652200315303507,0.01648230343141718,0.015511910587279683,0.014771400883266636,0.014943622041209817,0.014262261363206413,0.013659238534593462,0.012943253318690317,0.012173536711464891,0.011318022761141328,0.010996040578034402,0.010632879973464408,0.009379271181126792,0.008640664995447408,0.008148877501332738,0.007926698006829576,0.008012680651582508,0.006965333743331747,0.007164290906936065,0.0064673691312375995,0.004954765561822876,0.004533716531377902,0.004328380277020465,0.003843806900073859,0.0036865888078963863,0.0031692685765008955,0.0032995165204018012,0.0025563446406161026,0.0021127281208669054,0.001864390904702145,0.0021992597149582743,0.0018007139206919615,0.0018118113203274644,0.001650866584790228,0.0007203397549769324,0.0008566020794950613,0.0007766455071446935,0.0007330725901083769
WATER_SMP_0383,1.11,4.91,DEMO DATA - BIO-OPTICAL SIMULATION,0.007889621033745225,0.008344392784169773,0.008419035723515687,0.007969804095428338,0.007961408915823191,0.007783085333032481,0.007956378824627625,0.007900852700942216,0.007967128225528248,0.007823994981104476,0.006727436177202607,0.007180978751025839,0.007427024229647654,0.006643668160274925,0.00686081325265318,0.006154461709382442,0.006012751844910931,0.005322908077810301,0.005031106511989996,0.005271987100201698,0.005012105144577935,0.004451462778048251,0.003776798153976927,0.0038682766968875957,0.003956168266454951,0.003853051790833009,0.003044970739013061,0.002554157817518079,0.0033298079735894406,0.003055691483030035,0.0033714823546349467,0.0029175976143460034,0.0021534341602509636,0.002000532671197658,0.0020289423695584417,0.0013540194572853436,0.0009251694677175038,0.0006338619424319926,0.0007720549995725067,0.0007850711866180129,0.0010673799695420818,0.00040630181319103764,0.001137097369888486,0.00020487977119916902,0.0012466018854872907,0.0010114943104552292,0.0004879347592575655,0.0001,0.0003458635522361142,0.00021079514294494804,0.0001
WATER_SMP_0384,3.97,10.27,DEMO DATA - BIO-OPTICAL SIMULATION,0.0192397709542309,0.01904561019789955,0.019185746083341,0.019410119596784497,0.01932961852287037,0.020112872725996746,0.019269429926036433,0.019453831873271103,0.019205171034934576,0.019054222154684254,0.018810040373718175,0.018624537420704697,0.018065471953187917,0.017626579168822144,0.017100845594619624,0.016519914846294424,0.015724126997042384,0.015378593277662198,0.01483686753475104,0.014227169084375092,0.013483295569919467,0.012669074023356335,0.012025055908523053,0.011179199831894778,0.010750185290501604,0.009927567368576624,0.009466396794647374,0.00930281601384749,0.008593887475193634,0.008876896784546447,0.008430178017068251,0.008407983612264549,0.006840953247633715,0.006171009962097497,0.005171945023573204,0.004151185706728385,0.003953291946407546,0.003993699256028243,0.0032629188881969995,0.0024196132681553193,0.0027946203300479745,0.0022180737996109023,0.0023488851203214505,0.0025586028230154306,0.0021269237921236112,0.0021774182302976976,0.001384462177418323,0.0013613351752983427,0.000955982954622629,0.0009416456422056945,0.0007577844905327347
WATER_SMP_0385,3.3,9.0,DEMO DATA - BIO-OPTICAL SIMULATION,0.01670008781933411,0.017628053801401145,0.016686506538160346,0.01778679709160237,0.01777353323410927,0.017532604877363737,0.016987292288210637,0.016739466225575466,0.016893573778906674,0.01703974352279913,0.016596727593376763,0.015975992317729688,0.016277358826745164,0.016034549994625547,0.015012803108269225,0.014623897795774034,0.01361183141347948,0.013381590703641052,0.013073958120798838,0.012421523700628727,0.011542338779573788,0.010983308270569205,0.010299685999248801,0.009721910121638524,0.009315141079086868,0.008010286851466946,0.008069915084671695,0.00784888350219886,0.007418177089487539,0.007367062735871759,0.007139898881880824,0.0065821485233122186,0.005926461429910017,0.005122514496585218,0.003751059852269785,0.004053409221103495,0.0033751378419649633,0.003716877512593939,0.0024925946571643714,0.002329117826525613,0.0022897475465944676,0.0022561309871491457,0.001347290869740531,0.0015016255304566017,0.00176176878059625,0.0011488909955532877,0.0017070429076752657,0.0010352043448794723,0.0007884621876374325,0.0011388329860069885,0.0013451896925831515
WATER_SMP_0386,6.82,14.15,DEMO DATA - BIO-OPTICAL SIMULATION,0.025716411950606068,0.026134688979270456,0.026388067060581985,0.025696951396521072,0.0262999245299208,0.02555940612513767,0.026091958428361508,0.02583823722801828,0.026072190436158736,0.025833003871612557,0.025374943045873694,0.02495574921743349,0.024620008235599913,0.024026631330346066,0.02347072620858318,0.023345123886257608,0.022749526497151083,0.02155513816261977,0.02093902022080945,0.0201206458537326,0.01880525925872273,0.018351069131901907,0.018072507406060524,0.016492190769841902,0.01646623881824829,0.015304390370612996,0.014260657142434192,0.013682996490453053,0.012872187504413135,0.012819035208690118,0.012897139550627459,0.011452100666217224,0.010794003784198272,0.008828550200283081,0.007809030722785467,0.007892947896243573,0.00664352184140412,0.005907825481633176,0.005956968524604122,0.005441539114618953,0.004899597520148894,0.004041777610100318,0.0037481473699267614,0.0035795689232617843,0.0033748690589139227,0.0027212898941776213,0.0026573700063316458,0.0024419506207149578,0.0025249113413853904,0.0021622872623300294,0.0012993263447922837
WATER_SMP_0387,7.95,12.53,DEMO DATA - BIO-OPTICAL SIMULATION,0.02739082002068809,0.027343160119026304,0.02792244514831114,0.02811916166175275,0.02791954356838817,0.027808948081915485,0.0278608168123801,0.027800906556447045,0.027389222894588335,0.027001219489571397,0.026478037604876128,0.02713874564360606,0.026511450438792702,0.026013508694228707,0.025765350378203843,0.02443034966497317,0.02364983860900675,0.023594698729250407,0.022825543750845324,0.021430210174845993,0.021228818680810314,0.020137628414561046,0.019124174522556544,0.018353086792368148,0.01679122578631009,0.016413148380558497,0.015493223449553027,0.015138931776224553,0.014413323153465728,0.014250393108551524,0.012743237481235075,0.012377215409797084,0.011638520371844503,0.010162840168034324,0.00943226384410821,0.007757255691161803,0.007788657336391145,0.006738612647689052,0.0061264261761970395,0.006104396304890582,0.00565414871077369,0.005151297534016929,0.005023003409558026,0.004395502948710475,0.003412623426499927,0.0033594313066766493,0.002902585735248554,0.0033392308931256276,0.0028061435720444614,0.0021847355942299484,0.002292313998672835
WATER_SMP_0388,27.14,25.99,DEMO DATA - BIO-OPTICAL SIMULATION,0.03981815928136793,0.04037820088344201,0.040112195625078534,0.03995103986683684,0.04072898856678698,0.0407724645635721,0.040611754643586295,0.040360952418179386,0.03994175047181355,0.03984156781839023,0.039727864721787555,0.03973539904434544,0.03987116631481489,0.03956299094201913,0.03839842800376146,0.03828264121748013,0.037819713314027746,0.03676722976740486,0.03713180258196112,0.03626656893093887,0.03562740562065993,0.035328291144418975,0.03415647543094999,0.033146770747717165,0.0325245492382539,0.0316625968632086,0.030369347463114114,0.029502735135061017,0.028486308337224354,0.027875305476163955,0.02716480174164038,0.02579510656784667,0.02441912205925697,0.023434025881316878,0.022111208729808866,0.020614569433962743,0.01848703652681605,0.017277133845940176,0.016209031661437168,0.01550599857978443,0.013559949281055333,0.013203543107849266,0.012823776496689655,0.011764122573525647,0.010432388163405037,0.009619817301723833,0.009134043429789195,0.008507621910596676,0.00737867784883117,0.006827155104613469,0.006132289197103919
WATER_SMP_0389,12.94,16.53,DEMO DATA - BIO-OPTICAL SIMULATION,0.03274304843186077,0.03323414044447742,0.03333475276216986,0.03313200020197259,0.03375119274508341,0.03370736179965216,0.03373122075212379,0.03320472167690425,0.03270263389205838,0.03324793578463754,0.032663702623432406,0.032294033436291926,0.03182373023089901,0.031697757203432,0.03177197705014821,0.030604027632680327,0.029824203079548677,0.029681611611344656,0.028813707390429787,0.027345164491520937,0.027345125722369117,0.026900715172175765,0.024552571024881894,0.023991364167552424,0.022496460315152927,0.02228083517356085,0.02156337405049407,0.02039525445198737,0.020110439013529827,0.019396543044468542,0.018963093789076402,0.01775915290896018,0.015942764761479617,0.01464867232375294,0.013055704382795125,0.012129117299704376,0.011253763500944603,0.010342120460046813,0.009963589758802885,0.00870374333969666,0.007810554352587274,0.0071614112307999125,0.006994974184025541,0.005796671491826261,0.005618105533634293,0.005577637429806605,0.004806370915143857,0.004271753024653699,0.003893217288117531,0.00323721879088364,0.0029612102418068503
WATER_SMP_0390,3.81,10.27,DEMO DATA - BIO-OPTICAL SIMULATION,0.018632443145565593,0.018909726863565155,0.019217892312110428,0.01903028826248401,0.019437776291853306,0.019499897207786023,0.019197220851965072,0.019217698099682212,0.018393671017140897,0.01813438677475751,0.018369535605378882,0.01749344334359963,0.017437789216215492,0.017334426062701764,0.017056847846543457,0.016041327102925308,0.015366545705086469,0.015065691780362572,0.014025097643880725,0.013648306358150763,0.013032759315390436,0.012349707892084777,0.011701993810369102,0.010743178069326072,0.010102251205864445,0.009451062109981642,0.008626405871479207,0.008825968557287749,0.008817339851593173,0.008699455734325538,0.008121574493586574,0.007351911144755275,0.006933376469625311,0.005968494357021555,0.005058033200610629,0.0049285547031561,0.003951541304790303,0.003514498066447086,0.0031461895393423314,0.0025015136831087266,0.0028964805601475684,0.002417404096054075,0.0023741437355957206,0.002565537522596093,0.0017058412682567276,0.0009486723718411715,0.0016370079221094572,0.001399711660979928,0.0010000600782323341,0.0012211854932157816,0.0012310748348303444
WATER_SMP_0391,2.95,9.0,DEMO DATA - BIO-OPTICAL SIMULATION,0.01563895133109814,0.01594943896984723,0.016570926066547108,0.015966947438745563,0.016222944672605256,0.015395874322892066,0.01567676567758596,0.016062137399190976,0.016230403475952847,0.015252848323228927,0.015435091538696667,0.015003372723079039,0.015058608629190796,0.014019150983987113,0.014083372487685627,0.01328977280868564,0.013050331538734266,0.012472577818344995,0.01182116169419428,0.0114668264900562,0.010751154109143424,0.010106347027547589,0.009446598599304414,0.00898908955105962,0.008457497347065218,0.0075512167780563836,0.007282740107317023,0.006773628902893194,0.0069754118136983595,0.006780181629435698,0.006995449169482092,0.006450439394063564,0.005198028390967099,0.004659242681354129,0.0041764532393946605,0.003437751104201111,0.002905649404814725,0.002499279894359475,0.0028227403587157453,0.0026010478106378056,0.0020519196818609958,0.002146725325064569,0.0008470693860002412,0.0019705641679470115,0.0013755924523317547,0.0013291474424318498,0.0010668633289908959,0.0014695675218826213,0.0006309356845973938,0.0012993517829197757,0.0008924713813912539
WATER_SMP_0392,8.97,13.19,DEMO DATA - BIO-OPTICAL SIMULATION,0.029090008341586295,0.028971089056286547,0.02880759346249914,0.029569778119835962,0.029431795299106216,0.029748680902886526,0.029234950132454415,0.02906841727353865,0.029457285719070758,0.029404296445126835,0.028564570829066067,0.028006544611853732,0.028084605834867674,0.02731227495535358,0.027053409498477742,0.02622000164828974,0.02613182531331197,0.024760798362544956,0.02436935934451822,0.023283845014522596,0.02250690922513825,0.02158995489779716,0.021024837168709308,0.020141873556088364,0.019074908492116228,0.01790534212670335,0.017048689993555816,0.016493090217195337,0.015942190338730438,0.014408167987183668,0.014538732839654414,0.013629374210895053,0.012692668779384854,0.011203539238901881,0.010306930840327425,0.008831223820575142,0.008448068631384463,0.007947219824748546,0.006599585554189996,0.007205517996715543,0.006259027952652342,0.005391602463251865,0.004669729175265806,0.004428789547109559,0.004103770797224802,0.0038405385413633492,0.0038187296693909137,0.002914444465317914,0.002941462240054339,0.002125047890101457,0.002151752256414351
WATER_SMP_0393,2.1,8.82,DEMO DATA - BIO-OPTICAL SIMULATION,0.012816046407079918,0.012996787312143824,0.012626098092992652,0.01275537844506626,0.013331026971791872,0.013213459815148354,0.012863691117154383,0.01202858509274272,0.013311974407888212,0.012371456463697656,0.012062039029151398,0.011737637196643053,0.011707334200146082,0.011374183538974045,0.011173792947852763,0.010211366730454191,0.009970339960909983,0.010227047987444846,0.009222806371781833,0.008629952257326521,0.007919204184884126,0.00787196275138487,0.007551131469012287,0.0070339048011742915,0.006239464324762641,0.006007562761742499,0.006071114566738539,0.005727624780722477,0.005199525277569556,0.004763218380847171,0.005529257868741477,0.005254917425632092,0.003994746226680538,0.003581143893482652,0.0029081287308918525,0.0026027039431966697,0.002118026374368497,0.002443442283442541,0.0019072087815856635,0.0014250296868589618,0.0018054262018029814,0.0010063583395687847,0.0016392679781492827,0.0014314238378368147,0.0014421608394542247,0.0008789171972216061,0.0006879177066279508,0.0007807284048677912,0.0006566353078807138,0.00041958294056209343,0.000389117515725914
WATER_SMP_0394,26.18,28.29,DEMO DATA - BIO-OPTICAL SIMULATION,0.03979452875965965,0.039671100143871686,0.04031778844016661,0.0401640477562813,0.040123923925478575,0.03988963470449501,0.03984868760158173,0.04071745146301288,0.03985217663808319,0.040088891034819364,0.03977944322814068,0.03868035374536858,0.03978801637325417,0.03914578088915666,0.03835127749147103,0.03816278686289204,0.03736306155256953,0.03773733258618653,0.03634257072207173,0.03582608598150542,0.03507446296897865,0.03456987643938132,0.034151579478876315,0.033412552699264624,0.0318214488446751,0.03103335285829471,0.029869045041938547,0.028571674705355526,0.028862120102737133,0.027966281795000707,0.026883968693599835,0.026196057293709177,0.024625232028961035,0.022676123773093523,0.02120535497516381,0.02017532533106643,0.01818567979171314,0.01779940517645315,0.016105266638185043,0.015543860409743076,0.014037220187063354,0.013134046200614206,0.012060960067587771,0.010996903907890113,0.01020884388966248,0.009885995897477155,0.00800959204265661,0.007612533432148215,0.007094917511476168,0.006364096426758898,0.006560766243502596
WATER_SMP_0395,15.54,20.2,DEMO DATA - BIO-OPTICAL SIMULATION,0.0354800085897429,0.03542956944096457,0.03517761813642943,0.03585184861246094,0.035020228913926754,0.03614510846931233,0.03526100491419175,0.03530721196575466,0.03512952534614894,0.034759554615822134,0.0354304925746796,0.03480720745274657,0.034596854883619396,0.03346912198432704,0.033435413088826436,0.03302221603861089,0.03237122332279354,0.03130529080630365,0.031279412738131535,0.030237873785894903,0.029102933070385764,0.027967077273749603,0.027789510894302826,0.027378626079370312,0.02532475016260092,0.024614983216459576,0.02382741124830203,0.02218025949781229,0.021737911475682197,0.0210857978734779,0.020939065863379316,0.019960477422427843,0.018186580409820657,0.016350294612245023,0.01505096915403533,0.013776392693009813,0.012616138779560705,0.011921352386725152,0.011228837573115666,0.010356761041577161,0.009406784032507554,0.008672134189913841,0.007922480527103593,0.0068954183546844185,0.006715078279647728,0.005917970329024968,0.0051568883403284,0.005180570995197124,0.004432399374389185,0.004267040814331259,0.0040699232765018314
WATER_SMP_0396,4.16,9.62,DEMO DATA - BIO-OPTICAL SIMULATION,0.019383705419464395,0.019839703385415037,0.01937900920045165,0.02045495426607803,0.019619887736103483,0.0198615211252367,0.020358682156102804,0.019778143367403602,0.019328520044286413,0.01968716598890889,0.019411206726233633,0.018689981963900613,0.018344052492721953,0.01793968583341955,0.01752653742145106,0.016491895941378364,0.016433387276388503,0.016412726815839922,0.014965672716337718,0.014389457618450814,0.013518887766762603,0.013352981692154663,0.012818040217942276,0.012097796607934981,0.010662514985644406,0.010504410533849214,0.010176826659426028,0.009452666204573901,0.009197870601775196,0.008752093200737795,0.008644975839760831,0.008320283542461202,0.007162484562864958,0.005762370075377934,0.005213385482815868,0.005110727655876086,0.004377413013831576,0.003923303309940616,0.003371821729537171,0.003575422800588997,0.0034245516512240648,0.003035950740643289,0.0028435471503389853,0.002078034002150165,0.001830091626995628,0.0017459154082556658,0.0016338604673994351,0.0018965322470048964,0.0016761428254579084,0.0013600981209956552,0.0006533039022515077
WATER_SMP_0397,1.54,5.89,DEMO DATA - BIO-OPTICAL SIMULATION,0.00966792175657694,0.0103037685414848,0.010534177132969134,0.010262845736021929,0.010853135703131468,0.009918667065459828,0.009816227247177784,0.00988363351921135,0.009744041825528441,0.009951431776870417,0.009472877749257756,0.008908633734964564,0.009383221543065872,0.008301787730712178,0.008196415683941095,0.00769621926797441,0.007891351166752237,0.007516141367463612,0.007655466008926381,0.006968160047958442,0.006737354789423536,0.006003539615715319,0.005240883337960729,0.0051981583412794435,0.004978102885347543,0.004682500030031106,0.004067502762372537,0.004213395973972648,0.0037794163878822904,0.0037836809735641713,0.0036737378818844932,0.0036909223173481887,0.002820021652639406,0.002511091748392874,0.0024780831905589374,0.0015955936100728225,0.0015390296298727337,0.0015440132219189386,0.0014519594744050075,0.0010980568151320522,0.001365658622305156,0.0011991050437540896,0.0012660438749825442,0.0008106888791070862,0.0006006333934546024,0.00047653208049147557,0.0007071565465766515,0.00044190786472479487,0.00033002955724005403,0.00031722245584677215,0.0002022555920757542
WATER_SMP_0398,17.87,19.59,DEMO DATA - BIO-OPTICAL SIMULATION,0.03656600243898072,0.036224172815080356,0.0368499286152237,0.037040336855001396,0.036706521980820465,0.03746361294591536,0.0368589956210833,0.036310155570558986,0.03657480672185688,0.036512002965846765,0.03641299692266474,0.03593499530508049,0.03538935419211956,0.0349896590930029,0.03469041501659496,0.03422911610886529,0.03350650967590834,0.03301776368122564,0.03276610095810862,0.03233410915932362,0.031279512457122065,0.03060190962344346,0.02960621230614625,0.028615903727092714,0.027261362238458695,0.02634241728529187,0.025091753591353246,0.02417978766347539,0.023517790153623163,0.023092137707434877,0.022241987298356483,0.02096108988839396,0.01960957075894207,0.01819911608200092,0.016842957277117734,0.01493548223238386,0.013959875158529353,0.01359653704003753,0.012284937109000952,0.0112619212022625,0.010441711846910298,0.009619649089123227,0.009091147114422521,0.007863480338506567,0.0075221390502143645,0.006953194249459765,0.006407477350263386,0.005807725088948961,0.00538914663714279,0.004595350139846087,0.0040545957879229025
WATER_SMP_0399,5.52,11.83,DEMO DATA - BIO-OPTICAL SIMULATION,0.023753713565025213,0.023084827068008018,0.02324281089697053,0.02358508544933187,0.023901207416353702,0.023253319030967227,0.023061807656489613,0.022881203065325834,0.0235693435703539,0.022560740242750996,0.022586475300275563,0.021965213146647563,0.021428659082061062,0.02132216777691155,0.02061890222832316,0.02012932885465906,0.02032490265927212,0.019190758259889498,0.018641968156844334,0.017873899482115395,0.01683120241640862,0.01594211975078964,0.015345741582982063,0.014509830534853373,0.013475388760575501,0.012887452147645959,0.011910698017102553,0.011520525032450457,0.0111517282215865,0.010654341801771166,0.009942669069216979,0.009623854729822814,0.009409878106073322,0.007682341724503975,0.007067162822949161,0.005463738852751466,0.005218991768122579,0.004623170932629457,0.004527330418229573,0.004909442371476301,0.00394744786971691,0.0039741393966842235,0.0030730671212656677,0.0032689940135761947,0.003216159903944472,0.0023188714202707185,0.001968620749404839,0.0015334141616798228,0.0016525203000348153,0.0016029692091747306,0.0020361649108770314
WATER_SMP_0400,16.29,16.39,DEMO DATA - BIO-OPTICAL SIMULATION,0.035193024146010485,0.03574622753797706,0.03529913619649963,0.03579648953934691,0.036062672772743345,0.036129023386135134,0.03611678612137041,0.035980526101756206,0.03591061269412464,0.035576936349088095,0.03502479035345241,0.034506569093809177,0.0345658960643774,0.03430044258883226,0.0342694853372722,0.03335599401170954,0.032759748015980715,0.032306409460579874,0.03142168485385132,0.030998780936349925,0.030545158446612507,0.02974971930680756,0.028211280283324543,0.02732403295500301,0.026687235291783244,0.025108221796421425,0.024283317087062162,0.022766060904989963,0.022239390617694737,0.02201863324165015,0.02066670770869484,0.01974923028608743,0.017946978879365482,0.017565974624332258,0.015985403420855675,0.014469290049875624,0.013505840976851693,0.01249857724905611,0.011878397973729082,0.010438318933309107,0.009990524270075778,0.009317287423441584,0.008628406776327743,0.0069019946038984085,0.006761528448603997,0.006041433894845081,0.005840843787937534,0.004681134338922353,0.004201524399086099,0.005032767085378298,0.0041687204412083605
WATER_SMP_0401,1.69,7.09,DEMO DATA - BIO-OPTICAL SIMULATION,0.010925874103583998,0.011064654642915193,0.011045146270355757,0.01132271208834975,0.010829671147759892,0.011042261413400489,0.01099005358424035,0.010510150587656595,0.01107520316979209,0.010391127508238146,0.010627579492025141,0.01011984372116545,0.010305380172217701,0.009201878354099031,0.008859699576383663,0.008559475479120664,0.008496295406440165,0.008527119595949189,0.008138611837015025,0.006555766553236942,0.006908164261991529,0.005454441373814612,0.006246449309940954,0.005941745802794195,0.005208189628735418,0.004892888709872929,0.0046138450073629,0.004220141786913584,0.004607158516860942,0.00448197973096944,0.004754222265834,0.004083144247214792,0.0032792280445006683,0.002464282737935786,0.0018731632908427168,0.0024840280934384,0.0017149661011571673,0.0017694631164871346,0.002044658839136969,0.0011987212612557066,0.0010500606577632122,0.0010809433203279564,0.0010223228432669261,0.0014824280397411427,0.0012975500583840152,0.0009339287774991529,0.001109870265313454,0.0005558224409625288,0.0006395329529693758,0.00040551559348383533,0.0001
WATER_SMP_0402,3.75,7.21,DEMO DATA - BIO-OPTICAL SIMULATION,0.018851086588598256,0.018785476354528836,0.018735401798678306,0.018797441203656826,0.018375093284480566,0.01851969161642841,0.018853906555020897,0.018485967907741326,0.018420419543427227,0.018243242097615877,0.01780585832363081,0.017403195914317493,0.016840645144965586,0.01686065830810607,0.016622493433000426,0.015431567349566548,0.015364852238426931,0.014868398344109624,0.013869247931789778,0.013950839104679404,0.012748761473692525,0.012162881187722388,0.011468425431353603,0.01031010373066199,0.0104767610917185,0.00924374840167052,0.008879029174860751,0.008678239398743706,0.008645979640627572,0.007661903376773085,0.007514960709585986,0.007486845952885505,0.006442616665482516,0.005712414367127506,0.004519663353868646,0.004193334746955029,0.0038372301355168873,0.0032735160948285814,0.0027093035179912195,0.0027669775158952054,0.003059017468235362,0.0024254222645312034,0.0025957400719158236,0.0020323521350554454,0.0015624395347924752,0.00200500430521195,0.001530647690260856,0.001614864509539839,0.0008781448553733416,0.00139447480110523,0.0012985721109784647
WATER_SMP_0403,6.08,9.92,DEMO DATA - BIO-OPTICAL SIMULATION,0.024263976089908573,0.024097050033340027,0.024451240915496525,0.024734548812500767,0.024664317728634963,0.024770343228891975,0.024839883540503507,0.024235105199829538,0.02392126671895464,0.024037331054818426,0.02367159637010938,0.023668419033733713,0.022712484223297483,0.022883722871744613,0.02246849036328804,0.02149160691920877,0.020886317368383377,0.01996590088174407,0.01931773431689703,0.018604221200061152,0.018373731838805245,0.01710792414574445,0.015902820009311345,0.015534192889427699,0.014858643207128526,0.01376586081234818,0.013433003789177094,0.012588231444798814,0.011597564041153002,0.011396179176275365,0.01114678420985414,0.009809731742312106,0.009404380101468521,0.0077287364396209915,0.007649807663710896,0.00687762591033795,0.006152916330426612,0.005274316509126748,0.0050528886363237265,0.004410014566137744,0.0038504253212016354,0.0036851322297090103,0.0036530740000756353,0.003141631597185104,0.0032749192981400338,0.0028052557317010834,0.0025318339584572674,0.0016314809903587033,0.0018281669344523599,0.0014120480642595182,0.0015107384147292067
WATER_SMP_0404,6.28,12.58,DEMO DATA - BIO-OPTICAL SIMULATION,0.024375207866919792,0.024632989406230762,0.02519139844556255,0.025102493659287867,0.025305500253253888,0.024519819748264067,0.024964125667893095,0.02513061554699413,0.025130989770841425,0.02399569690311327,0.024076648420020455,0.024154311724819362,0.02338801616279316,0.022714427989626272,0.022005921316703658,0.02161337091106315,0.02076511592563322,0.020613782903393506,0.020144964938068076,0.018738416397043843,0.018401530259606915,0.017758695827359516,0.016665432061885605,0.015331095465451468,0.015071933945725214,0.014091267495650893,0.013278509979489005,0.012554350817559781,0.0123747793558107,0.012240506754972002,0.012373541560704346,0.01089732236243771,0.010222123082437954,0.00871999484344467,0.007579688129165759,0.006862618486106256,0.005818249166872675,0.005734450817404198,0.00455630455542146,0.004445279366699946,0.004321433163297059,0.004263206341638823,0.0039811556853834055,0.0031566772161377285,0.0029770028703175783,0.0029534664710019827,0.002010672058689006,0.0023041082121338327,0.001727647246098936,0.001736400896330416,0.0014792891659446488
WATER_SMP_0405,4.22,8.76,DEMO DATA - BIO-OPTICAL SIMULATION,0.019975087215505002,0.020153858061025674,0.020366994089810166,0.020277860746614765,0.02025781958343559,0.020751231976908768,0.01967908670767627,0.020536394070244327,0.019779790338434668,0.019823079591481517,0.019284249321012397,0.018846143563353797,0.018822647016874524,0.018557142878411568,0.01790284255708913,0.01706716699341834,0.01773854794706357,0.01640134422468654,0.01567514386853174,0.014615317788906458,0.013838723995802688,0.013232875992157384,0.012923810520268884,0.011583266040311534,0.01084709255457839,0.010639109690820209,0.009951443356737907,0.009150852169822928,0.008766719129214498,0.00931780024467097,0.008648750280206348,0.007503492519793303,0.00666517524873714,0.006050858984291087,0.005616411752743914,0.004983023410625896,0.004676989765037953,0.0034949161369205953,0.0036554971020006668,0.003692784994734249,0.0033679161415708712,0.0028032618075978493,0.0031503832844677984,0.0024005091934188186,0.0023221585103229765,0.0018326917294423546,0.0014120989777732628,0.0012265360872234128,0.0014006944926164735,0.001153078093971522,0.0005683584867188988
WATER_SMP_0406,9.96,13.06,DEMO DATA - BIO-OPTICAL SIMULATION,0.02983961746426984,0.03021710922950101,0.030660076829936662,0.030527258105897535,0.03055852811795227,0.030287018741001214,0.030544938972255083,0.03083775729064235,0.030339234569388567,0.029634981180297792,0.02944828248018996,0.02967712896824641,0.029048821676467832,0.028647444324195328,0.027977589963153873,0.02774240619190701,0.026870694189390965,0.026216214155312504,0.025272550634998184,0.025008312268806357,0.023822001965407402,0.023185122461490102,0.02172277324796433,0.02164835702886482,0.020531965798085194,0.018578588761551475,0.01794240173087913,0.01749297740499979,0.016331604742970955,0.016175510128743367,0.015693996024164138,0.014550693496642097,0.013540534719356203,0.011881363215984408,0.010253987909375248,0.010245955595702313,0.009413839920025579,0.009131930388994965,0.0070363439270167355,0.007287400626278708,0.005877630558828509,0.006442222318129424,0.005548313611864171,0.004641190153752676,0.0047220933172165405,0.0039179808511587335,0.0038025754293101884,0.0034335163020974063,0.0035830007394876944,0.003319038996378242,0.0023350695198054313
WATER_SMP_0407,2.58,4.34,DEMO DATA - BIO-OPTICAL SIMULATION,0.014888372805909053,0.014782364501652852,0.014330236984285719,0.01459287374204702,0.015516466413723905,0.014899921776012598,0.015029751996242244,0.01456147442679898,0.014314655213764358,0.0142915593176966,0.013965123096911258,0.013313815537473234,0.013134152142378416,0.013279488450139133,0.012546406542721452,0.012226982752502174,0.01181787427915378,0.011343736469133378,0.011075727889938065,0.009869018162802341,0.009827003940350753,0.009335559273950769,0.008858943580148364,0.007599545997378447,0.007572220911079689,0.007506679740661832,0.006508659304864302,0.006321228249664307,0.006155539473324197,0.005406251130019022,0.005983949922171678,0.0051508935493017344,0.0046057221333049465,0.0033933993148404845,0.0036556295155454185,0.0031954325383745015,0.0032306542928827505,0.002393573780146655,0.001961297732646043,0.0018440689623990068,0.001706357902064796,0.0013478349114022907,0.0019114941011700891,0.0017778889401478095,0.0011890554515815097,0.0010102134894945344,0.0004746920123102668,0.0011295372739253916,0.0013274412640311862,0.0005593501379730496,0.0006422614822034235
WATER_SMP_0408,5.4,10.81,DEMO DATA - BIO-OPTICAL SIMULATION,0.022878692217693498,0.023423385674292047,0.02308813745635165,0.023169753116973425,0.02320502058964217,0.022717581290964798,0.022655514153529625,0.022739359293098574,0.023123137045622372,0.02249953672415837,0.02216414281679741,0.02182307771642778,0.02155153907307693,0.021651367902319415,0.02058732662177075,0.019835439342412768,0.01946775289804872,0.01933011018735303,0.017955802713808387,0.017020826486160375,0.01646499140360521,0.015872396778434356,0.015243862512636715,0.014534981844991633,0.01311394391415187,0.012352918211708872,0.011819505784646236,0.011563507276852103,0.010636467770088188,0.010584681002296335,0.01018641168007188,0.00991734628976129,0.008794414685411743,0.00785972938631958,0.007087153400633856,0.005884906745932218,0.005055394977815857,0.00457531191950576,0.003944830457579019,0.003960875801292436,0.0036166742757980583,0.003630756370833879,0.0030895433939278224,0.0026531184078839344,0.002505269473361512,0.001990684606856392,0.0023931491113313393,0.00165218613225646,0.0013662032845212124,0.0017901355787301046,0.0015686319233522339
WATER_SMP_0409,6.66,11.62,DEMO DATA - BIO-OPTICAL SIMULATION,0.024780763922895643,0.02571893123631027,0.02536802235289143,0.025566290296863844,0.025779131589605524,0.02589666207101804,0.025801963906586144,0.02554812235303997,0.025274958948989373,0.025307682702678965,0.02487088464895399,0.025110033508342375,0.024345605303531907,0.023433471855140376,0.023048722445939418,0.02263063937409052,0.02237571330155228,0.021728150198302223,0.020458676404096987,0.019529169322171507,0.018687528472625142,0.018249852401185634,0.01801161899690011,0.016613460516243236,0.015096237749527975,0.014485348519253758,0.013702218665781645,0.012987484672881902,0.012680784275483897,0.012574139178049218,0.01218339536766867,0.01149554895903269,0.010241892360777712,0.0083620081446994,0.007636884514527907,0.007108277769443076,0.006549210360957333,0.006199867749728282,0.005443555777620831,0.00497462006128998,0.004594880781660109,0.004044465287835357,0.0037760766485191236,0.00374669374120281,0.003070833936902623,0.002800354045686439,0.0025373278880849543,0.0026975575199584176,0.0017577809522118571,0.0024244518953584174,0.001358269037379965
WATER_SMP_0410,9.13,16.63,DEMO DATA - BIO-OPTICAL SIMULATION,0.02892237317994563,0.02950854191825865,0.029724322063037233,0.02908472338450847,0.02922579489919581,0.029638985518595947,0.030212188041421336,0.029784325765975637,0.029183311241739278,0.028322622047285632,0.02880475568539702,0.028560504225151502,0.027947072979474928,0.027354685279363283,0.02714372318785731,0.02623823716227047,0.026448065475550335,0.025649666788104545,0.024646487490139365,0.02368074235711855,0.02261561465104829,0.02192796717187794,0.021513321193168032,0.020341929626306442,0.019178632718923134,0.018418674359052294,0.017377065943937127,0.016586893291402695,0.016289830799732213,0.015812561141797115,0.015390317048150363,0.01424583238475457,0.012831455932048564,0.01136322375754496,0.010103880920090848,0.00883220898087684,0.008228966479621118,0.007513840803800649,0.006999425942175359,0.00702186075693737,0.005948763501791711,0.005550857976634662,0.005080596912530962,0.005031526430199904,0.003973856870142297,0.00370383051922776,0.0033936401342898885,0.0034502926380046576,0.003223386119880398,0.002698447339726193,0.0026851190044326918
WATER_SMP_0411,10.69,12.94,DEMO DATA - BIO-OPTICAL SIMULATION,0.03103084704308814,0.03108953686080939,0.03162308836311081,0.031505335547028744,0.031186445060538637,0.031709936674933374,0.03130445460856867,0.03117396032518182,0.03139459263687383,0.030898363704668214,0.03078267588559172,0.03054633886381796,0.029733978964727757,0.029643782146883627,0.029430579683894616,0.028174378030054705,0.02797097262437368,0.026902639110057695,0.026716676304095716,0.025919226320199235,0.02466551088460802,0.02454650979112709,0.023288584679196592,0.022208089485057578,0.021200516727261552,0.020287499213288263,0.018702334819873632,0.018193986989525086,0.017587605876723453,0.016796759742605215,0.016370865969991516,0.015617395061793946,0.013880322080658999,0.012688139691290531,0.011277063426311951,0.0099847687930225,0.00989331225488749,0.008878981066566415,0.008185905753350604,0.007207167143343933,0.00682251703078097,0.00662423306001865,0.005753530353190186,0.005259606184324683,0.004848587377135825,0.003987006682092528,0.004151193557150251,0.00322517944735907,0.0029880956213317947,0.002651678115892648,0.0026365923845487835
WATER_SMP_0412,2.46,7.41,DEMO DATA - BIO-OPTICAL SIMULATION,0.014027445071654746,0.014233646547560928,0.014037123081581974,0.01465533991278574,0.014615845612497475,0.014289319771045009,0.014134952987533865,0.014000581535794998,0.013934509118676833,0.013416840461451448,0.01331427700584455,0.01358179681522103,0.013093555730011232,0.013132313719545652,0.01215397353138018,0.01170330339850692,0.01122801305114837,0.010768640284130646,0.01016093181965621,0.009920603016865143,0.009319662488785099,0.008626086989546419,0.008624134632929608,0.008294276756547788,0.007565791170524389,0.006905067989410183,0.006562618181910519,0.006628820583660311,0.006203446907679928,0.005764682975815318,0.005882056133812085,0.00550187012293039,0.004347440133262871,0.0038614542975908437,0.0037005717491810125,0.002401833098785721,0.002261686478167752,0.0023308542251806942,0.0022682582758843947,0.001554232778134842,0.001740372871757888,0.0019573635991902818,0.0014793904949534065,0.001601711145802159,0.00101610563794109,0.0008360764633746534,0.0012296273711041826,0.0009913644788311852,0.0004393942563843847,0.00047739900456004384,0.0011169725298809563
WATER_SMP_0413,1.77,6.92,DEMO DATA - BIO-OPTICAL SIMULATION,0.01099175081103146,0.011619857483874408,0.011245504730996975,0.011413173197066376,0.011500436308048066,0.010749746935838562,0.010876906536155717,0.011243101187478049,0.010865830666942572,0.01121172500930518,0.01022419729270107,0.010633225575903285,0.009774151689569044,0.00977265783386746,0.009220977480983786,0.009747177893090197,0.008388832360407038,0.008350642109846613,0.007452630182416032,0.008025374757661671,0.007236601162322255,0.006728211486486718,0.006704601238680116,0.0058903102569366405,0.005511124739626388,0.005116689869629007,0.004952950063731157,0.004479306118143014,0.004561373686243535,0.004919292361114018,0.004665731859166905,0.004182072588915741,0.0032154395478958134,0.0034733374372754363,0.002331230165631977,0.0024788893753705703,0.001990736496215169,0.0013583537857154208,0.001956914358236217,0.0015089929644943887,0.0016980172527477143,0.001119515528810465,0.0012733558932797658,0.00043148624328917594,0.0007176570381102765,0.00040189399508386514,0.000595287548462479,0.0007803742241255362,0.0003951073490906559,0.0007792401614789944,0.000212123901083693
WATER_SMP_0414,16.81,21.61,DEMO DATA - BIO-OPTICAL SIMULATION,0.03616884311952238,0.03644128276389962,0.03646616610004131,0.036139026576836764,0.03564894759878944,0.03646731493547376,0.03622057203547602,0.035887088188360006,0.03589075551740334,0.03631717437883006,0.035324687861336315,0.03553302224051338,0.03513006495985145,0.03457324051625186,0.03443162784633198,0.03422653621872922,0.03308662862218195,0.03248067213152788,0.032058370596012374,0.031406190804076264,0.03029385303837217,0.029386862277891557,0.02790726330922653,0.02738283588191504,0.026264126752141598,0.025743436627879174,0.024385604493937608,0.023428487774414128,0.022823803600954613,0.022024517654917863,0.02204654133473962,0.020877126240367853,0.01952784744655882,0.01768153757541618,0.01601370963351604,0.015252210452238945,0.013470578427152654,0.012419097746713669,0.011566794382069444,0.011019293833562028,0.009795114811507624,0.009184867166090066,0.008005389435084895,0.007931323288666192,0.0066788564947489444,0.006246226700131878,0.00632641315844174,0.005792582971621432,0.00506797395726264,0.004593526825086408,0.003942537935495194
WATER_SMP_0415,7.89,11.12,DEMO DATA - BIO-OPTICAL SIMULATION,0.02713142274814963,0.027421474081766796,0.0272062356706318,0.02782621048231647,0.027811911540873247,0.02751744222986518,0.028218617738467296,0.027828083621125363,0.027696383868802868,0.02712798283466222,0.02699978854302814,0.026853663349535112,0.026315001556819474,0.02629175252410753,0.0252309419536131,0.024561858213000363,0.0242671073716738,0.023006555903797084,0.022921770760546606,0.021466916970491596,0.02122091167896035,0.019972691132236015,0.019420140758723146,0.018637934902284985,0.017484666495671177,0.016148052258025944,0.015350667544129826,0.014650833447294249,0.0137504818161125,0.014206615416036555,0.013320379877438445,0.012073940716049947,0.011732977884096123,0.009919546589669627,0.009168246956036637,0.007988800118963265,0.00691279661156677,0.006475568588898426,0.006170988065439616,0.006037976674306102,0.005373886160577739,0.004850082092666939,0.0037781663273956517,0.004368726024434745,0.0036929144033971376,0.003257833316854161,0.0033291016970351597,0.003085346520244639,0.0028033759559028607,0.002151178104020907,0.0017132631192166947
WATER_SMP_0416,3.32,8.22,DEMO DATA - BIO-OPTICAL SIMULATION,0.017480114453408902,0.016900798650702348,0.017990860944691083,0.017477197983780446,0.017174824407510645,0.017106684926018797,0.01703201233757703,0.017349806972747177,0.017149536917806258,0.01657441123173105,0.01658130241020034,0.01597036007632468,0.016200460333937027,0.015602498145298774,0.015055557105544978,0.014291390131453956,0.014059371166895995,0.013464398787981313,0.01309681103083889,0.012443382777152264,0.012007813238837938,0.010992929638726978,0.009945447682922477,0.010169318076990466,0.008970308395414479,0.008326165529891228,0.008126088631129999,0.007858384027401848,0.007416587585597277,0.0072947058325592475,0.007078035820265229,0.007074770559754205,0.005875314343113229,0.004778713246860152,0.004104043610491595,0.0038043671233187965,0.003558722998531853,0.0033067419961120264,0.0029101303390796237,0.0023576345869347677,0.0022425043833986177,0.0023697142325222378,0.0016045139011499785,0.0016250158597060753,0.00177668095943023,0.0017077750197328893,0.0012489186666725634,0.001057757258197766,0.0006704690175390513,0.0011214443887449521,0.0012657691952156643
WATER_SMP_0417,20.92,22.96,DEMO DATA - BIO-OPTICAL SIMULATION,0.03876093180456356,0.038239457709405386,0.03821189983121404,0.038024449085034134,0.03777757198898484,0.03840071126769095,0.03902255761323986,0.038629786745962,0.038473618536370116,0.038059183354830856,0.03789467502585736,0.03681320457846651,0.03747257634767321,0.036721389702394865,0.036281963655979035,0.03593698153857063,0.03541107382546215,0.03472875581393678,0.034315089009598884,0.033451207633649255,0.032897900180829054,0.03161321954680424,0.031130723974137298,0.029945825480217965,0.029099986103167583,0.028281976906768768,0.026670633067750023,0.02592405573543984,0.025596368242722812,0.024396141802117893,0.024598342678818528,0.0233106929847842,0.02135218356705493,0.019689446229038524,0.0184977460231708,0.016685595117281845,0.015343989937918774,0.014718915344275111,0.013783445762117888,0.012863488660108021,0.011706104410825308,0.011373527456434053,0.009690544677064582,0.008993159935189695,0.008724257282098673,0.007521188027818415,0.006848020603990284,0.0066294026848877675,0.005704960427277795,0.005452291937562712,0.004794083740251351
WATER_SMP_0418,6.64,10.68,DEMO DATA - BIO-OPTICAL SIMULATION,0.024994296012309153,0.02478658176850169,0.025587138830421203,0.02525906808242456,0.02562719374813724,0.025521623139053363,0.025560887635577772,0.025472626063490985,0.025414844942111464,0.024920043069509155,0.025233525442853063,0.02396850201911056,0.02405600645143226,0.023915710634245704,0.023289471597267734,0.022278322700597663,0.021698230968317318,0.020957918390177584,0.020712839291436958,0.019543363994681633,0.019039242676894587,0.018210913430789726,0.017989402888751775,0.016505172730625246,0.015291814961313675,0.014226774513013707,0.013765365878863435,0.013142906610292838,0.012049026754136237,0.012128914600804463,0.011925955661667091,0.010871100186519706,0.010266042690976468,0.008407056497962214,0.008111420880284539,0.007399948817432152,0.006769162178690498,0.005451994608276553,0.005507073227164092,0.004742320331117161,0.004086544844506505,0.003982883703947388,0.0034657404591377067,0.003673467738874956,0.0032392269168729972,0.0024539157823831974,0.0023212297889524925,0.002185904049722926,0.002061095613171282,0.0021869043656120284,0.001912328315550655
WATER_SMP_0419,15.54,16.54,DEMO DATA - BIO-OPTICAL SIMULATION,0.035116939803409894,0.035172587799074305,0.03483578024184993,0.03583776249418599,0.03536137047426073,0.03596779691584164,0.03552405547609877,0.035992232256071184,0.03543904293081128,0.03465069027366575,0.03466743252278583,0.03451858422364373,0.033968849653238965,0.033721858683924126,0.032969785989797364,0.03286634044305152,0.03235991640751901,0.03135084598316475,0.03153749471053309,0.030219098973285338,0.02914301829732757,0.02803339593325276,0.02762413665689583,0.026564427475240016,0.02586551586772941,0.024527308768651696,0.023143422102048433,0.023042419607837483,0.021918947852991495,0.021075828670998067,0.020431669463540605,0.01943947972623582,0.017501328807303672,0.01652253336518637,0.014988443213399375,0.014095348916632737,0.012680297839301925,0.011768258451910454,0.011554059158153418,0.010578002556444645,0.008419710113037137,0.00900122882092668,0.007924086543351617,0.007071416190495533,0.006364225228911162,0.00580771137941683,0.005356545783057717,0.004730699035631327,0.004209059735380859,0.0038861610980282964,0.00391224734220649
WATER_SMP_0420,6.39,10.5,DEMO DATA - BIO-OPTICAL SIMULATION,0.02479829710984368,0.025113557500694585,0.025054058692523744,0.024769179282057626,0.025353272316415813,0.02490047474072933,0.02534283325853126,0.024693176385319697,0.02467540397869259,0.024554398712189743,0.02458718032455393,0.024099575514154665,0.023654255990883156,0.02375544399253609,0.022121410432863982,0.021787152470331257,0.021146864615137952,0.020262830228082878,0.019855889820898687,0.019516109593942454,0.01833665415845056,0.017591467194901747,0.016331492547215887,0.015752604899296092,0.014989520178648756,0.01446476380266426,0.012969048353975764,0.012682296681652014,0.012694097464684365,0.011879672484335456,0.010886416873952687,0.011114198549009963,0.00991244970158047,0.008869979035259469,0.007138022679899457,0.007349797046875522,0.006037017766086351,0.005571346490809123,0.005019172002434412,0.005058453173317915,0.00429924467691459,0.004108961670541808,0.0036292192711901254,0.003248990079017566,0.0026918164549085614,0.0032433784930439207,0.002008395400277217,0.0023408548504452514,0.002120379888008465,0.0021627524493907833,0.0020592900331423093
WATER_SMP_0421,31.46,32.31,DEMO DATA - BIO-OPTICAL SIMULATION,0.041253200158000734,0.041559109417613975,0.042012271767545975,0.041521951890790686,0.04125469812296619,0.04146530083082037,0.041166516902467726,0.04161624895947172,0.04173852536183224,0.04126312235238233,0.04065713452937661,0.04125554739935471,0.040181271738656724,0.039972761957134034,0.0400604992903485,0.03981986864891395,0.03945210506587844,0.03883546144720637,0.03886015674124806,0.037773946134319024,0.037431226458169674,0.036666659416481465,0.035294997947586185,0.03482364075384536,0.03462947246219996,0.03286274581108779,0.031763454841237465,0.03105273570826012,0.03014208121962871,0.029482972182973244,0.02886713608842398,0.0283623100084845,0.02645815408272274,0.02450511302289761,0.022900054549203276,0.022603991948478664,0.020582093953273962,0.019555455480947517,0.018008346024643546,0.017181097719920508,0.016399655830298124,0.014679391985321737,0.013966098014692497,0.012403897368467873,0.012475877344293165,0.01104116624209076,0.009977725677125958,0.009203047687920978,0.008380054149899428,0.007685258745051447,0.006426708766660757
WATER_SMP_0422,24.64,22.66,DEMO DATA - BIO-OPTICAL SIMULATION,0.03937881734783033,0.03948789964815744,0.03977189197078596,0.03953587426745887,0.039499367873528944,0.03973470783840506,0.03922627062676714,0.039690524349123256,0.03898896257231344,0.03974411127667702,0.039431650461752885,0.03872293427682162,0.038927238124093495,0.03844194845994329,0.037734763577593554,0.03700696713265772,0.03723072249009233,0.036363533910303676,0.03633919911441681,0.03536587836709257,0.034444517600889325,0.03442847009803337,0.03323936936043697,0.031089014724779804,0.03109302121328685,0.029799400147688167,0.028902025919240886,0.028104306238465812,0.027463211856899424,0.0267689013742768,0.02621457306690988,0.024960877073434428,0.02352003954547497,0.02186376343581599,0.02070881210390515,0.018887928968665944,0.01767468793528964,0.01604271816331705,0.015830891635377063,0.014430094354965207,0.014312646780225287,0.012333265660698763,0.01154931750775336,0.010801797891223701,0.00947078886953665,0.009121320559881881,0.008285326501650331,0.00749314563252868,0.007292451815405841,0.0060716419018877095,0.00587130665338878
WATER_SMP_0423,4.96,9.23,DEMO DATA - BIO-OPTICAL SIMULATION,0.022164983611902698,0.021670226871358136,0.02191189130473697,0.022784652935856284,0.02226122294328986,0.021959203178180953,0.022295159059488343,0.021775592723877996,0.021314158783511197,0.02197707099384623,0.020959059623298033,0.02169247260133813,0.020419767258597156,0.02075988381621186,0.019208350666086046,0.019374226095097917,0.01861643397465894,0.018074633326158333,0.0174326290987412,0.016279796950707755,0.01529767476050862,0.014917192844452917,0.014229206791069215,0.013244972051873373,0.012695808058192449,0.01195505633091672,0.010890874324724522,0.010737108777434234,0.010183461145754162,0.009784256779197684,0.009826188064301232,0.008667134512441853,0.00784046891965643,0.007039706665145255,0.0066031137762278674,0.005595414845142288,0.005171800294149779,0.004474973481190082,0.004136744822972053,0.003775121032714488,0.003536719107070162,0.0030463301926844408,0.003249314346226575,0.0024717413853749667,0.001830469014736893,0.0029454195528998053,0.0018237577000802575,0.00213327221978983,0.0019946607673384754,0.0017058973232911595,0.001225977741274432
WATER_SMP_0424,13.16,14.13,DEMO DATA - BIO-OPTICAL SIMULATION,0.033414602597980375,0.03310317433727714,0.03420551565654364,0.03343925174657269,0.033665666009741135,0.03377662666587385,0.033675182814203466,0.03342359626564226,0.033902397856123694,0.03358035346240624,0.03314849055654988,0.03263196243066376,0.03271260083928473,0.03183555050809626,0.031966640540783596,0.030988064789683873,0.030721423878463137,0.029655480801195965,0.02898902419428981,0.028556151208946397,0.02801370867402563,0.026940510293377212,0.025806724188636408,0.024749962064259494,0.023410522826029952,0.022604382175203195,0.021199474200644452,0.02065504792982159,0.019940055290731253,0.018593685300979948,0.018441558943264935,0.017507708545865485,0.01605227711072911,0.014808485372702719,0.013031710601707656,0.012105003100879957,0.011688866590666001,0.010506304430696037,0.009794053836968663,0.008762047695481221,0.008211274518223037,0.006839139097057524,0.007152132674008426,0.006852594584615891,0.005444588670471478,0.004976290079730918,0.0049235831425687715,0.0048031164531614524,0.003964637187950026,0.0032333919542038114,0.003207046330013282
WATER_SMP_0425,10.14,15.5,DEMO DATA - BIO-OPTICAL SIMULATION,0.03005017474043678,0.03032343624914396,0.030561893800969353,0.030464367849321113,0.030557874428187703,0.030816726880263216,0.030814125798383635,0.030226995801332274,0.030624363597251895,0.03018638708621666,0.0302546800471745,0.02995071389378123,0.029170139879539137,0.02907281848346201,0.028130447302784415,0.028209933306116815,0.026943802370045386,0.026601518036468406,0.02569573330296228,0.0246510317388593,0.024382616133746884,0.02304164980344584,0.021792425775036737,0.020482739986154828,0.02010134220307072,0.01977373238366829,0.018769095836567832,0.017364801480413795,0.01690230938736328,0.01643493546866883,0.015571710059936149,0.014718661869358033,0.014012240029595694,0.012502841624245687,0.011207954483788514,0.009710617058459709,0.009290495966711816,0.007816842305509459,0.008069403620334707,0.00724957126993742,0.006166680074326809,0.006494703868068764,0.004950431457880516,0.00516637317374772,0.004728650398769697,0.0037800074569674493,0.003763435055652173,0.002937724377501669,0.0022579589498509115,0.002501755304171519,0.0023726000874541597
WATER_SMP_0426,18.08,16.42,DEMO DATA - BIO-OPTICAL SIMULATION,0.036814520702324306,0.03678243549986655,0.03690081994818558,0.036646413572838446,0.036834970633889005,0.03672123380105467,0.03659966393383996,0.03671435996945268,0.03679614587808564,0.03643697127591606,0.036298001753948365,0.03633887653580601,0.03566244296657137,0.03503969436703427,0.03517934893074464,0.03460228056164277,0.03407407174007888,0.03355631876115746,0.03283874424863048,0.031984204088890994,0.031908739831008164,0.029965372142289927,0.02928086366069646,0.028801139703300657,0.02755382941581465,0.026681707853550528,0.02542538575666393,0.024793014108825145,0.023269244177899353,0.02327178647865105,0.02239655353281916,0.02056988255697301,0.019748674731746543,0.018085995900892333,0.016541888807847686,0.01493244631509591,0.014095469688637684,0.013590973349740574,0.012656922340604584,0.011429996269903034,0.010864193423972756,0.010074902523271945,0.009056981866275491,0.00806035692508888,0.0077226745204134325,0.007095758953338764,0.006555938861279465,0.006060724897371871,0.004881285428469242,0.004665315953745004,0.003814521336766327
WATER_SMP_0427,2.8,6.12,DEMO DATA - BIO-OPTICAL SIMULATION,0.015606356580590465,0.015430850046731151,0.015708004219973423,0.015188554432647196,0.01606887307388588,0.01526923161571885,0.015797660924244877,0.015494864523341822,0.015251440126891008,0.015029446849992962,0.014674277578110474,0.01496278287059232,0.014241045327076408,0.01347607759812557,0.013320650319711436,0.013016389297051158,0.012756663751514026,0.011787654198272565,0.011267029739095505,0.010877903826337113,0.010564283222384011,0.009317503819855808,0.009305565929155723,0.008445959631015318,0.00793126405866968,0.008099265841538018,0.006972766176129066,0.006909946915892163,0.00669244747825791,0.005973924975902021,0.005518010869382061,0.00584372888410256,0.004626209561075123,0.003786756340870145,0.004034349513060044,0.0029931726328814427,0.002734766767719862,0.0032802099297737242,0.0019425279820629434,0.0018385278256600208,0.0018717628036083135,0.001749555319014227,0.0013818895651537895,0.0011460099136387134,0.001804249443296717,0.0013007336067056862,0.0012798646438523585,0.0009565208498931474,0.000987868462712216,0.0010933491592221203,0.0004353346748870464
WATER_SMP_0428,10.47,14.13,DEMO DATA - BIO-OPTICAL SIMULATION,0.030819153030185353,0.03111276393082809,0.03149590063000756,0.03170661107633175,0.031191277924672408,0.03151533569664255,0.030328581312543564,0.03150088361142308,0.03067004242927008,0.030612693410464537,0.030557006071387102,0.03005889889029035,0.02978331109073163,0.029758388857685374,0.028662433175418514,0.02788545290834857,0.028128631403637323,0.02705670689868308,0.02673305964647023,0.025620237835411615,0.024120119317126213,0.023823150892279255,0.022408557501966343,0.021747327035806906,0.020734222453192612,0.019262166159119378,0.01852092311506762,0.018583737771039256,0.01737328336788105,0.016744425029260518,0.01669202618666469,0.015051477330158824,0.013880484434786582,0.012872389021781783,0.011251993305117669,0.010138564740398651,0.00882817665597793,0.008458120451228212,0.007749286262084797,0.007421480216423715,0.006574781298231847,0.006831133273639714,0.005332822433686448,0.005575827420031274,0.004764571835369111,0.004519372517848829,0.004113606875230789,0.0028685810015014906,0.003204628407673836,0.0028312727432540496,0.0022977483892296104
WATER_SMP_0429,14.11,19.42,DEMO DATA - BIO-OPTICAL SIMULATION,0.03422037806514299,0.034751384862427785,0.0335551505124187,0.03428151100481446,0.034114537789242484,0.03451525352027759,0.03435793666143705,0.03418970041827798,0.034445384079414415,0.034545413170634975,0.034615555551765,0.033302302736805164,0.032627488332490226,0.03293200631432249,0.032777620710377965,0.032007800521298355,0.03165360788048921,0.03045128003853659,0.029623594553481215,0.0290708062392167,0.02811151673863519,0.027532334134926742,0.026699272925224348,0.025753113611436323,0.024576630922118304,0.023437722103843622,0.02254859153664952,0.02081351337411887,0.020816268157902464,0.02026036434320554,0.019633813880173396,0.018482477162127392,0.017231785175866342,0.015415768658058496,0.014538681156894887,0.0131621185350101,0.01205218939466027,0.010885890407596762,0.010490736854782131,0.00950834489116711,0.00846600498979394,0.007967530493865312,0.007510296651761544,0.00686847427381389,0.006273772444366396,0.005621873748890612,0.005408379987266822,0.005016687800925894,0.00444745298519461,0.0036650457687258838,0.003170899466315677
WATER_SMP_0430,1.48,6.05,DEMO DATA - BIO-OPTICAL SIMULATION,0.009747487090915673,0.010550776883111936,0.010084918708377672,0.010652821080195347,0.00996928413678888,0.009891631617091235,0.00988232174129946,0.009781771526318792,0.009450644916835728,0.00917923286797256,0.009483311643641914,0.009427006013693588,0.009591670182506694,0.008447793826627428,0.008166621494928843,0.007713550721953562,0.007936759673304464,0.0074832006729325246,0.006604903575137705,0.0062203146552897255,0.0063974149014103445,0.005848778830252603,0.005588534463990983,0.004732204218212279,0.004084745640415508,0.004067475083893509,0.004286636734974615,0.004586440092956092,0.0038349541949440676,0.004701949153587393,0.004193070302752048,0.003206448666868832,0.0031772697225046723,0.0028346687748671004,0.0014160040160101114,0.002036541009506752,0.001985226538786873,0.0015900208827835207,0.001311856327413434,0.001152774136549758,0.0010209932162737467,0.0006336107047822304,0.0006855969773395063,0.0006809984603821233,0.0007621041983640369,0.0004903742292333313,0.0003326969280842673,0.0007634528389508921,0.0005943180571653011,0.00027400291492127575,0.000544857970753218
WATER_SMP_0431,2.35,5.77,DEMO DATA - BIO-OPTICAL SIMULATION,0.013556920209009678,0.0138083224451887,0.014153026242614782,0.013721571437705107,0.013560915437027643,0.013843780167952414,0.013415039068719511,0.01363748112190737,0.01349140104685099,0.012648610638248708,0.01331600813742934,0.01282860266589503,0.012923385562815689,0.012279836265510647,0.01204609024407059,0.011760151209667377,0.010913098855776314,0.010478309263164929,0.00951396452928416,0.009852127221644372,0.008922817861745792,0.008148222046883306,0.008157352318432374,0.006774005302936203,0.006805160888010421,0.006740317505012286,0.005932950796546685,0.005560657472653237,0.005497596733488753,0.004918528896778755,0.005527970961284587,0.004854969450266718,0.004221131050640882,0.0036145395283986876,0.0031934028938235296,0.003005440053465727,0.0025038866572712026,0.0018710683535736832,0.0022403608287024164,0.002025129414194226,0.0017618350114514954,0.0018626750418322302,0.001403298571521798,0.0015947620567935742,0.001562733042645656,0.0012055658348870922,0.0007069561096665118,0.0008018638240335097,0.0011310134175355052,0.00023607063164701335,0.0005008278088627252
WATER_SMP_0432,1.18,9.71,DEMO DATA - BIO-OPTICAL SIMULATION,0.008318781176171783,0.008196615798877014,0.008737538795036692,0.008590528414208546,0.00824580504498793,0.008600021582162207,0.008305803820630508,0.007995464326854785,0.00793107078950863,0.008130952704058654,0.008109924025102045,0.0074839039163812696,0.007569957408165467,0.007634747929673974,0.006515515334522187,0.0067150824555250515,0.006558261352065743,0.005970127354228845,0.00605223097665241,0.006018453348504689,0.005139230926663604,0.004646114123831686,0.004694859469011258,0.0043493565570144705,0.003053850724893839,0.003564169785747137,0.003304552883807797,0.0035859344338870476,0.0036582839248357622,0.003993646777874143,0.0038383467168517297,0.003992687174006706,0.003625052476505354,0.002173429930592347,0.001464152015626249,0.0015452145908206427,0.0013223455402928746,0.0015390927365138132,0.0007031892688862084,0.0008083223833914275,0.00023288104710813553,0.0012056181635187928,0.0007919217441713081,0.0005084291279048498,0.00018794874512909618,0.0001585726274388215,0.0006004764190080396,0.0001,0.00041865971278953274,0.000962268728347672,0.00021072140284980715
WATER_SMP_0433,4.88,6.01,DEMO DATA - BIO-OPTICAL SIMULATION,0.021246017274485884,0.021801833455514875,0.021437523136832223,0.022400774201760253,0.02234324688374868,0.021864728149667306,0.02158788979543796,0.021620919787876888,0.0214976357280502,0.02148337248125559,0.021405237592574476,0.020450026738193076,0.02067476882808599,0.020111340842705414,0.019274282588281774,0.018550143981548785,0.018313290977524325,0.017320110192377006,0.017267248589665173,0.01591361135494244,0.015680522653917523,0.01473887714381919,0.013829873615450239,0.013197036952506652,0.012783604533791416,0.011348059043634926,0.01087504901577221,0.010169250639372627,0.009912727982222947,0.00931433550150987,0.008504913985310494,0.008054388412923882,0.008054203574547688,0.006817454103696297,0.006087609918697381,0.005345768623046038,0.00491750467175935,0.004366660556674538,0.004256374540479225,0.003763287681658865,0.0030453564301143954,0.0031636580776794095,0.0020662135966995217,0.002668174649626989,0.0018836774964068408,0.0020608514397294658,0.0015336522924644757,0.0017129808141148918,0.0017220304770884803,0.0018508010702053086,0.000802695650025506
WATER_SMP_0434,10.74,9.19,DEMO DATA - BIO-OPTICAL SIMULATION,0.03132518900296532,0.03123554549781488,0.03118906585790601,0.031641751751415405,0.031391064125707226,0.03168074814984865,0.031124194098465188,0.03113833034729679,0.03146499924406184,0.031426122425765944,0.030711280341662314,0.029567730034545662,0.02996570144604703,0.029595028338089073,0.029013308166538684,0.028620043152749786,0.02775114331926609,0.027461699727157764,0.02611907094349676,0.02604570805158743,0.025295878905503045,0.02366865676031753,0.022741246758983074,0.02217785180381654,0.020708738988885565,0.01990581996148726,0.019384847910818907,0.018364249917594534,0.017972035192510304,0.01674483248003713,0.01573780256846228,0.014954562062290197,0.013734215104484722,0.012544849787583568,0.01148317767625594,0.010254256744917256,0.009774034311710589,0.008497228205649332,0.007988753813833793,0.007497750834817714,0.006228437479383622,0.006552057070400494,0.005161493515948658,0.005474026337253134,0.004419025301557656,0.004255325366217981,0.004136778202743107,0.004277045446047822,0.0033194233167768167,0.002384901790571431,0.0029873488595017956
WATER_SMP_0435,20.12,21.98,DEMO DATA - BIO-OPTICAL SIMULATION,0.03756495160174267,0.03779006116921815,0.038041984212426744,0.03728155126728392,0.03799263247398828,0.037874134785621794,0.03833266240372067,0.03811378735983227,0.03729529560679567,0.038005830722994675,0.037559151321267734,0.0367087070612194,0.036887328201709,0.036825831759857916,0.03574110991111596,0.036052032428587864,0.03466055508291305,0.034293747274230325,0.033605717916379126,0.03359986369620574,0.03227908956730376,0.03125989632220327,0.030869180725715727,0.03000594435339623,0.029019413723082154,0.027681156104535254,0.026752142579246598,0.025500429286101387,0.025449692977988488,0.024678497199012116,0.023900384852161855,0.022699102126618593,0.021175415999246695,0.01908398710645371,0.018174282740711315,0.016717287846714345,0.01590296247210282,0.014694870556471343,0.013602067008138888,0.01196130047910006,0.011513926895024704,0.010493124562590102,0.009903127151735032,0.008917415850289285,0.008221782000698322,0.007752137759024629,0.00684112282192263,0.006408771997090192,0.0053616078343373145,0.005054630851800701,0.005027870550983988
WATER_SMP_0436,6.42,9.13,DEMO DATA - BIO-OPTICAL SIMULATION,0.024478303339094884,0.0253847473748761,0.025430639002307267,0.025145170389192614,0.026169113482710057,0.0256394554717155,0.024928791478786946,0.02533160759949847,0.024966275932712296,0.024494725073026583,0.02412883903174795,0.02441019561702883,0.023533777244545032,0.023223980824227723,0.022460817803220026,0.021938565620779477,0.021497105888993676,0.02097393195837936,0.01935803246412168,0.01937683383240099,0.01835130600591291,0.018171908648937814,0.017789577009623494,0.015940785878800635,0.014666753391110331,0.014359721013073305,0.01345315599639857,0.013426602611956927,0.01283437348502775,0.012180477567386794,0.011215140590961374,0.010807353859197025,0.009684012788257009,0.008643889733562737,0.007193897807853273,0.0072340620960835555,0.006326999263362276,0.005719917136572877,0.005074477876408793,0.004558987016439582,0.004469266029416722,0.003458893913421529,0.003860906138967638,0.0029773880339137733,0.002372977265946799,0.0032597479146047716,0.0022022402165031273,0.002011685898824672,0.0023578891317852266,0.0023819919110840714,0.0011913295215432605
WATER_SMP_0437,22.26,20.77,DEMO DATA - BIO-OPTICAL SIMULATION,0.03825665719824319,0.038406920616564345,0.039052734682450324,0.03933513425363371,0.038559055981628676,0.03931396044405826,0.03864785560641932,0.03889493999651519,0.03830653392990757,0.03850335975098023,0.03831441925372435,0.03801460677241891,0.03793740814820453,0.03718178114465856,0.03682793319314733,0.036778917256858716,0.036548426677481864,0.0355797188247563,0.035120027224792405,0.03451993607027936,0.03380663339076216,0.03247854702759404,0.031681976139531165,0.030801914833811218,0.030618888109172824,0.02915259878911803,0.028059049156308927,0.02703322011328343,0.02573173346206541,0.026034698512724972,0.024790495871602328,0.023739835122629234,0.021575538976572037,0.02080866696642158,0.019010238839535953,0.01740979715979757,0.01633361235887889,0.015130842609206217,0.014066799160308873,0.013452946391565915,0.012344822072730178,0.011631827974774418,0.011151701876351965,0.009775131739941522,0.00835393700379063,0.00821656656165263,0.007956712829196001,0.006929259225451348,0.006815639738879559,0.005938326508619188,0.004738494651727586
WATER_SMP_0438,2.01,8.02,DEMO DATA - BIO-OPTICAL SIMULATION,0.012320724481168334,0.012458861884102317,0.012752812625715516,0.01300723313053635,0.012736848004351965,0.012567554797089929,0.01257434899666925,0.012220342903172067,0.011692826573649095,0.011965934271714494,0.011845582769885822,0.011118742726758463,0.011584401809154392,0.011159509933349047,0.010085615836992206,0.010517477190647807,0.009601223903301903,0.009026062728105905,0.009133945695535479,0.008334928894362513,0.008454446700674611,0.007162302792534458,0.006435662633458543,0.006416248825073625,0.0062980227000338325,0.00537888922170089,0.004936386388516792,0.00523634320967462,0.004737567487370192,0.005337014566278415,0.005047304278413248,0.004892269767422395,0.003677508526016206,0.00379270024211562,0.0027903602391057564,0.0026832210432934976,0.002467173383250655,0.0016171922313844818,0.0020440838316000435,0.0011853382674583087,0.0010501597731830607,0.0019121496766212926,0.0015306043251692816,0.0017046336814628216,0.0008674326064648467,0.000914802007330924,0.0009566600764911317,0.0007172209190130091,0.00042680498367671357,0.0003182729957018922,0.0005937922153047358
WATER_SMP_0439,1.55,6.73,DEMO DATA - BIO-OPTICAL SIMULATION,0.009911448831163313,0.009961056296074258,0.01044664386150871,0.010317101891187558,0.0106190812625643,0.010175354049796735,0.010063800095752506,0.01026927854842799,0.009770096569861848,0.009654581112210944,0.009471647018902633,0.009367002513507045,0.00970335900581723,0.008471390709533361,0.008959689492103686,0.008456063248895229,0.008349295209888433,0.008449477152579236,0.007556152496389344,0.007015847058380258,0.005953122397696119,0.005600927790228787,0.00567967501599363,0.004685880273572377,0.0050190967040560225,0.0038659012812050034,0.004598071077039127,0.004035810332821486,0.004201264539372086,0.004018041334881294,0.003607439168218393,0.004211174235652022,0.003692630095980656,0.002606682510962251,0.00244597426960526,0.0018093562549732576,0.0017916528692383336,0.001762137081618277,0.0015548720640707948,0.0016595765772714148,0.001293829375482926,0.0010381628975832515,0.0007027021251849177,0.0006979951962703835,0.001003267165239188,0.0002359961982934499,0.0009515127914792663,0.0004749796299521026,0.00025905485374604287,0.0001255740470480041,0.0006128174557943401
WATER_SMP_0440,5.79,8.5,DEMO DATA - BIO-OPTICAL SIMULATION,0.02358257234259147,0.024224018973241994,0.023492965447230445,0.02378334105720699,0.02397086759146045,0.02376816416989597,0.02394101646331096,0.023927893070970634,0.023815164798683643,0.023902343146142882,0.022781562839386173,0.02293667055269102,0.022244540135290106,0.022112163524577896,0.02159991336292563,0.020607047752296274,0.020013957919960267,0.019771706888422263,0.018916817976027324,0.018098793383572075,0.017586450682336847,0.01680904366504385,0.015614058805918122,0.014690501226978302,0.013737498208442476,0.013306665356304254,0.01210226374342023,0.011920344931418787,0.011789267209465755,0.010934691238840895,0.010383565228947293,0.0103995683151939,0.009306029561046158,0.0076473190871977365,0.007062699632140836,0.00642295909438593,0.005809020290958538,0.005788954669624424,0.0048137926132449235,0.00443795848228906,0.0041849611715114015,0.003977377675955113,0.003572297430526037,0.003150580408887686,0.0022448699186388586,0.0023130630674376546,0.002474386193580442,0.0020931448673246833,0.0020741800531888155,0.002218170833290515,0.0011405660061837761
WATER_SMP_0441,8.23,9.02,DEMO DATA - BIO-OPTICAL SIMULATION,0.028206131292162803,0.02793261302299435,0.02844266538640029,0.028240083996034844,0.02893772010797022,0.028339404292392647,0.028059514912092787,0.028276575824206843,0.02809175871533042,0.02812266377895526,0.027643073928287413,0.027917905740652157,0.026747093443596784,0.026293888662043637,0.025624442918771008,0.02525293400054417,0.0246600036906025,0.023983211421406258,0.02317560270155366,0.022182073278734404,0.021268360050656687,0.02055236481598117,0.020110092154930446,0.019254469710220358,0.0178870701662435,0.016684009969366927,0.01603007604813751,0.015880230355164848,0.014913942558809184,0.014226251558016207,0.013696975696605765,0.012987371486569461,0.011104158188739928,0.010225570622142438,0.009189243671965268,0.008680851444008875,0.007828669116512078,0.007359644213481251,0.006384505228651436,0.006394291064980846,0.005447153765895258,0.005199007770772969,0.004907851947915265,0.004476581092015691,0.003875552036930377,0.003668958890983595,0.0036302088410358115,0.0029731647700961083,0.0023365230255039077,0.002489813038297698,0.002084597088368257
WATER_SMP_0442,5.89,11.46,DEMO DATA - BIO-OPTICAL SIMULATION,0.023104148325021726,0.024108222936193757,0.02412967308208443,0.024526979131061156,0.023997171660998795,0.023766010609787915,0.024214059447304283,0.024170573202596694,0.02392256870761172,0.02368132744314361,0.023076504399455158,0.023017920142692588,0.022557885622724826,0.022528036140400862,0.021806349550810566,0.02104037536283118,0.02102031498591955,0.019754111529314423,0.019290908251270975,0.018325028633172317,0.018084892777643212,0.016817552541242488,0.016004718055274366,0.015095240316032602,0.014359714008861832,0.013836425730538468,0.012971554977793792,0.012133311798942946,0.012264291910255647,0.011745872893409164,0.010924260836533995,0.00987691384344017,0.009122585541774234,0.008274368005248951,0.007379309081717276,0.006857232293431013,0.005519314096290456,0.005200329843882313,0.004514059281149091,0.0040383952111651715,0.0038573117246996887,0.003792114222484179,0.0035791730067484787,0.0027563303724167055,0.0025168802144911926,0.0019685767095492706,0.0023320412247195095,0.0018340202303777872,0.0023576360745701697,0.001804367717779472,0.0014688970011385843
WATER_SMP_0443,1.16,7.23,DEMO DATA - BIO-OPTICAL SIMULATION,0.008091895574644969,0.007868457632065525,0.007924428825919465,0.008148736740303048,0.008106500138051224,0.007975218883228578,0.008323040215846693,0.008273813766466923,0.007865261669441787,0.008439959401027727,0.0071653333047815735,0.007510851470859021,0.007207328683600361,0.006864554415731484,0.006557115368744926,0.006483621260445869,0.00612317761956022,0.005767629658477398,0.00518265158841976,0.004770086751441044,0.004851720514811821,0.004503017807689792,0.00425547524930911,0.003981923387681815,0.003573447009598548,0.0034170056765006674,0.003055152919780093,0.0037421167977872206,0.003177428915777439,0.0034830243468054003,0.0033878499932979696,0.003091082048553408,0.0027916186732910445,0.0021869011086176273,0.0016354097952339035,0.0013975012841930096,0.0010802122555071425,0.0012815193174363529,0.0016651967557689096,0.0006862752452189119,0.0009763763262329782,0.0007893887194493537,0.0009017549619890686,0.0008423861215691216,0.0006334909869282076,0.0005042309210406466,0.0003354346147728128,0.00019068544274656931,0.00034989954223644805,0.0001,0.0001299120708049847
WATER_SMP_0444,5.63,9.31,DEMO DATA - BIO-OPTICAL SIMULATION,0.023594120010876355,0.02345102724137949,0.023812906717766667,0.024070169964056354,0.02361729794223094,0.023727288850131513,0.02351960415469774,0.023258963145114706,0.023054491412101173,0.02337402448735565,0.022906006448137325,0.023060618666795832,0.022402331231069286,0.021437071893411846,0.021397539684515562,0.020488715242333304,0.020329290954491236,0.01915575764857878,0.018281792327420176,0.017618773878154224,0.016864424419891177,0.016043036919452417,0.015314425660356836,0.014924905337233669,0.014386119351465767,0.012640126270162217,0.012667698810131214,0.011535695983885867,0.011361036684583426,0.010425705937199511,0.010616887558409826,0.009120211936340536,0.008851869137456333,0.007834795053593333,0.006943854435882608,0.005966313519458677,0.0057803414209032225,0.005237981665557733,0.004610019893113194,0.004462774581819692,0.003852685022941495,0.0036900859687954467,0.003172034239041662,0.002979736048585905,0.002816962610505244,0.00227820563213758,0.0018020282253330521,0.0020495713706760745,0.0021365678047314124,0.0016994706687615982,0.0015507319488198877
WATER_SMP_0445,2.13,10.4,DEMO DATA - BIO-OPTICAL SIMULATION,0.012801474025286292,0.013123414035657185,0.012909534048616254,0.012865459287900368,0.013339004102520702,0.012820583876141088,0.013182905008388947,0.01314605538526174,0.012842884018028513,0.012116087756707127,0.01227629598071992,0.011944695017805271,0.01155487008950696,0.011408260979738087,0.011224262264383451,0.010453880587311051,0.010112009712513316,0.009641706971186683,0.009597289283901054,0.008693620725847541,0.007916570526141437,0.00732937576722237,0.007427811805368473,0.0066165290965446285,0.006587800954928218,0.005570652593321529,0.005491954712018636,0.00512976348600606,0.0057552756589505805,0.005986093304798142,0.0058469724834657455,0.004976196349667077,0.004317032441475347,0.003793252012551846,0.0025593805919929343,0.0025445032462041157,0.0027677973362124717,0.0020279145860745912,0.001438958991730195,0.0015270762475975792,0.0013596683147729751,0.0020446848557376367,0.0017690337128064145,0.0013673628658244746,0.0009349716131571236,0.001298051183277744,0.0005070967194884839,0.0010878869465914022,0.000968851005123889,0.0005776757533001076,0.0009038950357782977
WATER_SMP_0446,10.34,11.13,DEMO DATA - BIO-OPTICAL SIMULATION,0.030452602029093778,0.03037177968615553,0.03117341797935518,0.03094435633968231,0.031198546054615535,0.03156758170563107,0.030760269138922162,0.030839095595625934,0.031205058717574043,0.03073131007527832,0.030059582304607722,0.02966232836820578,0.029408823385504514,0.028902343831059853,0.02868959162532469,0.02807468422480554,0.027507014107902777,0.02648426304787168,0.02597236234481053,0.02458134119493141,0.024397626297602573,0.02381952743264807,0.022114601065502122,0.021730094851846658,0.020416868738290836,0.01983625467196481,0.018658441643036528,0.017859191165927067,0.01706282175802792,0.016842950971724335,0.015837905206712587,0.014551488665815083,0.013599776479352803,0.012218701398704972,0.011249994333032112,0.010109631425777447,0.009195549342291783,0.008703765886209178,0.007961824267486796,0.0076112019096716485,0.006557320734908734,0.0055189105291649524,0.005475698299802211,0.004607503883264047,0.0047679279871763935,0.0037242545312087473,0.003546596572842291,0.003382603435369897,0.003632203778493451,0.0025524056641681794,0.0026088466691042644
WATER_SMP_0447,8.11,8.44,DEMO DATA - BIO-OPTICAL SIMULATION,0.02786968968946171,0.028307860679953806,0.02822628343070185,0.0284114357321471,0.02838960289753194,0.027768149845774585,0.028189831844062183,0.028235140262869027,0.027537157534859098,0.027436380527391058,0.02709627161808883,0.027235221144930415,0.026587266089498726,0.026054595131875826,0.025247817764622513,0.02503351077884559,0.024246897332524966,0.023798596505730428,0.022639886621907655,0.02224668807368177,0.02123087034168348,0.02012169960407724,0.019203406682871918,0.018331248106688246,0.017688842782059035,0.01684770212092926,0.015983496815181353,0.015190795791748089,0.014221613348540638,0.014198745578890951,0.013087991769771932,0.01247967872539571,0.011240171509611352,0.010319671545260017,0.009167962711347509,0.008521320786117979,0.007686295587199164,0.0072918502956175885,0.006212097425355038,0.00537866349303289,0.005108385992991174,0.005248999409031325,0.004445500042287424,0.004116968940271283,0.003402896551185787,0.0033985934061453536,0.002760444149459369,0.002519456768245436,0.002401043005651019,0.0024178094355992875,0.0022334892719496863
WATER_SMP_0448,2.85,5.9,DEMO DATA - BIO-OPTICAL SIMULATION,0.01575818077743597,0.015222079032697169,0.015782179217256907,0.01577879260486555,0.015396321530465495,0.015840215744630442,0.015698184385352323,0.015820715143605675,0.015539785287622806,0.015151777781372267,0.015348002990013132,0.014110466057244576,0.014418143483793834,0.013525077821050115,0.013355922972227503,0.013325088655562414,0.01229031836249469,0.011722175745858864,0.012317713222686053,0.010631925200290309,0.010959919496319056,0.00983229871890451,0.009145370509918684,0.008896853793405117,0.008563680522884804,0.007280809484186168,0.006994221009570275,0.007039144806435087,0.006646479910204915,0.006722842953482699,0.006277040015549652,0.006186845332454237,0.005055587510749548,0.0044090494682063825,0.0038824543856047166,0.0033147776430410844,0.0032761134402832536,0.0028099354898882345,0.002723535486863651,0.0025413341680382696,0.002177007346653762,0.002007464303611614,0.001379026932515626,0.0013576707786216822,0.001630740343341648,0.001672935013205227,0.0005439406291923066,0.0008470314332382546,0.0009259499253724971,0.0005658270037553047,0.0005020535602924584
WATER_SMP_0449,4.01,8.12,DEMO DATA - BIO-OPTICAL SIMULATION,0.019402931302218297,0.01987575751243773,0.018899859234040375,0.01952970771981727,0.019751031997984943,0.01983366341803167,0.019636155411883884,0.019960236470418356,0.019280276421074816,0.019451782500471654,0.018596730351170914,0.01848621617744621,0.017729590865418633,0.01793620390833943,0.01715274551588144,0.01677286348696542,0.016005980302996176,0.015673092064726613,0.014981746194575311,0.01390360764520711,0.01324086167353557,0.012820266043014878,0.012326405960775428,0.011986957192861957,0.010825625779633134,0.010366767905382927,0.008977217636015491,0.009602033412800488,0.008892232923051002,0.00848372341247965,0.008108810187014447,0.007219127899844567,0.006483212733814798,0.006450883169792313,0.004854559995854227,0.004283938147221902,0.0039291718101957295,0.0034017821723879567,0.003427215402079196,0.0034398841916146307,0.0026460767473147594,0.002156772824754066,0.002417866084261271,0.0020956219518260435,0.0022142749929749584,0.0015958552835839866,0.0014892017758457914,0.0013724287791448083,0.0013078023298682612,0.0010397684037804168,0.000879124417335726
WATER_SMP_0450,2.59,7.56,DEMO DATA - BIO-OPTICAL SIMULATION,0.01408114497947926,0.014572219386897076,0.015035035897065592,0.015123640203474628,0.014741396889964566,0.015249684179132857,0.014788518819737565,0.014290952173507461,0.014047907754412848,0.014715462555447298,0.013999124656600578,0.013462949503617679,0.01282188455270655,0.013011896167969189,0.012844325162901363,0.01207087666642609,0.01149079468299573,0.011142675815019444,0.011160523061087826,0.009834549148846568,0.009515118216960414,0.009521765521585637,0.008758679232680358,0.008122363745183546,0.007345906274607365,0.007052391212244095,0.006459570012320981,0.006083801962109968,0.005906801772675664,0.006418618430166559,0.005976379094916874,0.005622745752035141,0.004887487333618509,0.004256528397063211,0.003454107368695854,0.002949558024893862,0.0025244964684564106,0.0020803095198393324,0.0019357101826236879,0.0019523256251860741,0.0013889424432295368,0.0012797190756990563,0.0018470075970730352,0.0014558392607586306,0.0011204113807162972,0.0018169189167457573,0.0005315694029527385,0.0012195045978791717,0.0008034634929317964,0.000990991142096487,0.000714474149734842
WATER_SMP_0451,5.75,9.12,DEMO DATA - BIO-OPTICAL SIMULATION,0.02295621168437089,0.023706738327798602,0.023903086784088024,0.02322957443289004,0.02451200020132018,0.02401722926342342,0.02407083885528435,0.02341238499110054,0.023806972127434926,0.023707311113132037,0.02317868267698083,0.02276263178013062,0.02210080587393214,0.021848795761861637,0.02124773915725912,0.021006006827519127,0.019961207227170367,0.019720205218068228,0.018591588815803934,0.018020527493326985,0.01750966814689287,0.01631562128214006,0.015906957072684417,0.015052654141564797,0.013977421367248253,0.013590572799321217,0.012504132440120391,0.012187401336604673,0.011953946673011615,0.010989343661125854,0.010777927085358336,0.0096481699410345,0.008564829574474861,0.00781699721218934,0.006594409189418367,0.006017422147890127,0.0058980088569667004,0.005064131099256236,0.00497625584997978,0.004433994468060244,0.004512921229441713,0.003758636914989362,0.003608036394051417,0.0030937623355822225,0.0027913308406984096,0.002795644369319082,0.00241710697874397,0.0020700457489001623,0.0018780436902762856,0.0018044163847011298,0.0012840120090461694
WATER_SMP_0452,12.99,16.1,DEMO DATA - BIO-OPTICAL SIMULATION,0.032969932253264035,0.03376915419460192,0.03402420857057407,0.033272807310003726,0.033397919946512186,0.03394639431197887,0.033723909604857015,0.03367955465771771,0.033608364577559606,0.033077448221853344,0.033004170839099345,0.03267950165644362,0.03198632462819516,0.03191836421632026,0.03171406293237846,0.03069989939595229,0.030241900696319792,0.029593525056083963,0.028722406791020432,0.028230375859052404,0.026989086318516375,0.02670889097448803,0.025567643115255084,0.024128127147263884,0.02390754412350595,0.022401021386554434,0.021095382991164972,0.020735485830014114,0.019869793817733922,0.01862927383977281,0.018297551786763292,0.017496468320604582,0.015424904879543296,0.014673918327569958,0.013391605605112612,0.011874872019193633,0.011348401080457565,0.010400660147274327,0.009232681800454367,0.009106037499844975,0.008367137015506143,0.007359237542117475,0.006761050386121117,0.006456052377976448,0.005637272561375264,0.004617650825324076,0.004880813556873986,0.004064984773030667,0.003800634151187803,0.003995896129840901,0.0031895338639483985
WATER_SMP_0453,2.75,4.7,DEMO DATA - BIO-OPTICAL SIMULATION,0.015216097803587998,0.015479298147416576,0.01556099520881668,0.015185171841997074,0.015459470850458502,0.015466953492227969,0.015475366616895681,0.015374920785748276,0.01591372158526088,0.01458784648497018,0.01499109711165315,0.014762261833166848,0.014220178300959762,0.013499305606795747,0.013775696452747382,0.012164082050381653,0.012129889445218521,0.012172264423269895,0.011173615057812758,0.011211030018040241,0.009715187965370931,0.00926650942162507,0.008872227049563858,0.008593980208808676,0.007850925119166503,0.00724307765803649,0.0073413706679354785,0.006990755141341278,0.006148266529148633,0.005545744938079186,0.00511958095145729,0.0053829473913860285,0.004924634749206757,0.0041549536262022,0.0036108188574591614,0.002994144651002686,0.003113783949097608,0.003148887640504482,0.0017371495926809177,0.0021573715057721914,0.0016868771610988515,0.0013456511164166747,0.0012847991068684467,0.001583692250538663,0.0014511273442052934,0.0016403268563560476,0.0010891912117906514,0.0004541421524524796,0.0008150287516760465,0.0003844016601808922,0.00036028430105456154
WATER_SMP_0454,9.05,15.13,DEMO DATA - BIO-OPTICAL SIMULATION,0.029193458088819693,0.02924410366704515,0.029492276023792872,0.029299315972314267,0.029691517634003156,0.02933227064585816,0.029744368563940794,0.029414116851052715,0.029095630712905593,0.02901162791382597,0.028674140755762394,0.02882944035050669,0.028033841335230444,0.02750728357634129,0.02692185620410779,0.0266709258509075,0.025995480503727835,0.02500911979791242,0.023999074638934595,0.023280125536328418,0.022655779743206775,0.02223700051010251,0.020845667121658414,0.019803789532126595,0.018492288350802768,0.01850137482438778,0.01728888006974373,0.016595731335164385,0.016135457155423104,0.015412280206719671,0.014932399582711505,0.014423288312475135,0.012777391108096323,0.011567963201200142,0.010468839551162179,0.009433810386819792,0.008402957282204098,0.00773090209968153,0.0073341149016739075,0.006738859415435575,0.006302837587604889,0.005603295074691086,0.005140358986747588,0.00438712618787018,0.003940725158252284,0.003975932032997221,0.0032268444867120686,0.0030789960022045994,0.0032118443565968577,0.002902176232722516,0.0023875141406256056
WATER_SMP_0455,3.96,8.0,DEMO DATA - BIO-OPTICAL SIMULATION,0.019022796914434707,0.019214610676769273,0.019619228580590106,0.01941881883864559,0.019293026518903893,0.01981249594198146,0.019442924757132534,0.019106701367709502,0.019263567995738824,0.01919825064332377,0.01833767675522417,0.01825890066578821,0.017870756626874318,0.017654414879592236,0.017233003602923624,0.016356668326642693,0.015511179047455137,0.01566849850979053,0.014391476535296958,0.014151815218458819,0.013354619686310187,0.01275384894725946,0.012504923991705408,0.012225369516162628,0.010135528948079604,0.010255733218104832,0.009315228246634513,0.009217294881800973,0.008904397787789274,0.008829237938924385,0.008153808656216902,0.007199860917069721,0.006931282260446876,0.005845236130077686,0.00502086531889849,0.004389379747312495,0.0043924140866282565,0.0041970760721740065,0.0030226117904127853,0.0032618808763880433,0.0026828393520244025,0.0020969344384042824,0.002345757130648764,0.0018361283013062992,0.0014162211519231005,0.0014759567294697982,0.001239188298100036,0.0012053846250929946,0.0008671118912858245,0.0010242975166884255,0.00081823652647576
WATER_SMP_0456,3.21,9.8,DEMO DATA - BIO-OPTICAL SIMULATION,0.016917134640407665,0.01710650781018321,0.017100458295554278,0.01701198934896466,0.01702679535966427,0.016836703158574082,0.0167826851831608,0.017130373654151362,0.016236074445226376,0.016535110340319376,0.016207648229935277,0.0161800423229845,0.015219636619418045,0.015250858465703905,0.014905877094394473,0.013746900715404157,0.013475151313420997,0.013217788082070478,0.01282164120504738,0.012124206335786779,0.011625602477604115,0.010513591148601757,0.009738532650133028,0.009622068162629104,0.008621317810875967,0.008155739819928565,0.008205916380046889,0.007666772845914102,0.007331858473679139,0.0072645149998419555,0.007456962593040598,0.006787002060832638,0.0055343896633720255,0.004443201713850792,0.004868581507601078,0.0034062569303945412,0.0035375662421115238,0.0035127078836067,0.002823121009499537,0.0023440212558687055,0.0018633412530033031,0.0016459701292206958,0.0019962049429095062,0.002140800765125875,0.0014249975333240914,0.0012296405910902414,0.0014717523237946966,0.0009352034909379773,0.0011131051024315458,0.0009433977079963916,0.0007175368696972163
WATER_SMP_0457,5.55,10.13,DEMO DATA - BIO-OPTICAL SIMULATION,0.023084408831275674,0.02377685521899652,0.02355241837417836,0.023782569751226466,0.023220002633921055,0.023818803685341877,0.02362658954518263,0.022877455947780165,0.023326853798667814,0.022791672298240643,0.022204409736378633,0.022370604507845494,0.022097940537061093,0.021528122212584776,0.020939845555040377,0.02030945474806218,0.02053418199078913,0.018778816077127742,0.01869369221226373,0.01769922502244797,0.016671836172687887,0.01612465771466448,0.014916559899607782,0.014342090083266775,0.013691185302988164,0.01243831291144234,0.012316528000205712,0.011289012740251316,0.01075804663019613,0.010577287274027576,0.01112023216959491,0.00913753167330187,0.00887617559553137,0.007491593276163498,0.00672079640957058,0.006299151762972554,0.005713318611048382,0.004851618002546394,0.004205558514170733,0.004392501015812944,0.00399622678444026,0.0033993414537523917,0.003299713210058609,0.002741985936388915,0.0023608544030717248,0.0023663418711261817,0.002298371557298829,0.0020326814814231433,0.0019081148537345247,0.0013594185825695955,0.0019097795355771244
WATER_SMP_0458,2.64,8.03,DEMO DATA - BIO-OPTICAL SIMULATION,0.014720872267473513,0.014895210307933419,0.014615353943306951,0.015002019876922358,0.01523481952757204,0.015281478680503878,0.015458712902025048,0.015041115143535507,0.014818777702371172,0.014407103274289962,0.014101999595940837,0.014305773238716166,0.013970080439347936,0.012989677099605405,0.013118585587291249,0.012650152218961265,0.011643092473059431,0.011635241604478761,0.010633029357228381,0.009678295174123127,0.0098081946871926,0.009378137204308811,0.008711581015001552,0.009057700616103843,0.007776339073531196,0.007203707583715399,0.006863341811768891,0.006327074022174421,0.00664045891222375,0.006438085743006431,0.006242195299505034,0.005484628488862894,0.004492850306184272,0.004067241873531294,0.0036875109349974585,0.003019536831286637,0.002907684506820744,0.0024806853375963413,0.0024432230191718386,0.0018069281083190722,0.0019623500031073246,0.0015336218912820074,0.0011015112642142296,0.001365034496758771,0.001740440352547899,0.0007192512999268936,0.0010812274824374152,0.001183626256535574,0.0015427757227799831,0.0006219433562577803,0.0005051564233985429
WATER_SMP_0459,3.88,9.25,DEMO DATA - BIO-OPTICAL SIMULATION,0.018550151615711816,0.0193809887687653,0.01888482045312212,0.01910382597407727,0.01869040936071348,0.019497105375375294,0.019519880771479953,0.019317628640513902,0.01842263497016229,0.01887399722052937,0.017924082647859007,0.018123640541186318,0.017795143815806568,0.01740272413678237,0.016997260751229492,0.0163161732904762,0.015170252193960938,0.015323490957628211,0.014565278637524565,0.013613265951154918,0.012742540197672833,0.012992290188284315,0.012210570176313091,0.011364193072186198,0.010268799782744231,0.009061705013986275,0.009466452353192548,0.008925452174163196,0.008477537237254017,0.00878305950304293,0.008404151986895899,0.007598496459523522,0.006702687054160794,0.005814353061354468,0.0052479929319604,0.004211731967725383,0.00415231807031058,0.0033770076039378975,0.003724015468577808,0.0031815874100962647,0.002539305868393713,0.002516762078379042,0.002004710066080901,0.002500335035172394,0.0023427847483769625,0.0018887922427435564,0.001986779631032074,0.0014197685557491434,0.0014711242298120685,0.0014895978789054177,0.0010117856595860033
WATER_SMP_0460,2.32,7.75,DEMO DATA - BIO-OPTICAL SIMULATION,0.01360592975889199,0.013960153321115014,0.013944219282056797,0.01356510813721478,0.013145142191326675,0.013722929316970786,0.013083214344334937,0.013311803302109486,0.013202133974876525,0.013106649776249176,0.013293449162060916,0.01308647115536957,0.0126147452127248,0.012300078952808519,0.011919533166535828,0.010553810096337572,0.010858104423998205,0.00984502784699978,0.01004740262375088,0.008764410940230538,0.008828107329118805,0.00853377827340591,0.007523560735884481,0.007644136538781833,0.007018979597657003,0.006525408558791459,0.006243031645720467,0.005696070637968968,0.00579165608518214,0.005752982319229135,0.005599064653689704,0.004962844725573694,0.004122176766603339,0.0036901266076803255,0.003096977844440285,0.0025782073227536215,0.0027528962363301554,0.001903876488931909,0.001993528483224699,0.0022046202981859937,0.0019539330663962953,0.001887732711394979,0.001201277232925537,0.0014824137514989981,0.0008087840954865417,0.000936427066210975,0.0008662314075344095,0.0006587751226134855,0.0006421545667491931,0.0005295190895015232,0.000316622541636827
WATER_SMP_0461,29.13,29.59,DEMO DATA - BIO-OPTICAL SIMULATION,0.0409883110525747,0.04078728087623836,0.04098923057413555,0.04103941023472609,0.04104132511979409,0.04105890190651047,0.04091539004869133,0.04137647296116097,0.04108918825115097,0.040740561004053294,0.04043700003741222,0.04033137991520489,0.040245867564821465,0.040279549227525455,0.03907987084723413,0.03930302423175571,0.039005467129350074,0.037730970151760135,0.03757770717368772,0.03671194736089874,0.03650292165136565,0.035551379338794084,0.034847243618770986,0.03393017536833864,0.03336492947789888,0.03222166626060359,0.03116324804187475,0.03016831643831008,0.029555703449840248,0.028719230892588217,0.028575914043080835,0.02660008882163138,0.02501265178356015,0.023394983097461144,0.02177373105220619,0.02120223714128111,0.019890171177225052,0.018883546175033298,0.0170427796926463,0.016455687343175655,0.015156404389729993,0.014135358354269451,0.01326138556318643,0.011880319860378232,0.011964220525942218,0.010717203873743123,0.009337211183882293,0.008398192906571459,0.007976915105642864,0.007384118238735703,0.0070222693140428874
WATER_SMP_0462,6.22,12.64,DEMO DATA - BIO-OPTICAL SIMULATION,0.024118487673041866,0.024717561018645712,0.024299756475650785,0.024976033367788444,0.02485614062192033,0.025465891445165263,0.024367648925582908,0.025136374840123692,0.024052435098266642,0.0239463716062004,0.02356335014232075,0.02380357197787068,0.022978135667538473,0.022467834089099234,0.022416906307354677,0.021919214409943835,0.021170189132874707,0.02043500681283718,0.02031341260931255,0.019050651311883857,0.018457935673123996,0.017442145763572912,0.01623349088363546,0.01587865643318895,0.014661859579603753,0.013986575712917643,0.013327927200746374,0.012052900918549435,0.011790289514274615,0.012292489058962724,0.011395339963753803,0.01062005297757889,0.009760988099233668,0.008439656266339916,0.007678847996012385,0.006749305358371902,0.006194254467495559,0.00538558723586365,0.00516895571367263,0.004995910858606186,0.004081633246023658,0.0041460703408284965,0.003505760925933022,0.003419857273298226,0.0029432189494142907,0.0026246855782134414,0.002493071243112312,0.0025273141962678333,0.0020291601757083107,0.001915443477510147,0.0014918704883795655
WATER_SMP_0463,3.46,8.16,DEMO DATA - BIO-OPTICAL SIMULATION,0.018076429523963898,0.017927230879191517,0.017857386041134682,0.01786143793502029,0.01821739801639793,0.017726251358692678,0.017312633327185904,0.017761325138062747,0.01793939853303246,0.01785184277346737,0.01708286603216105,0.01681736326289912,0.016598928942518843,0.015953893920556426,0.015732265991026836,0.015053396460303237,0.014845909579900436,0.014189635453327108,0.013618299813849294,0.012694245492209906,0.01269843532658328,0.01162099531415742,0.010901594958202768,0.009953205270416264,0.00951647817578578,0.008971036187626713,0.008163624729878147,0.007921346013750385,0.007746421339423744,0.007672953740104507,0.006849367330739268,0.0067800851779884356,0.005925670656482913,0.005218466142244059,0.00484926506266474,0.004632855445835186,0.0038179297013389278,0.0029079487567904307,0.0028761823098472973,0.0028867381328364144,0.002603907592458159,0.002527087253556983,0.00199320456728585,0.0017230578712333897,0.0021843783255533853,0.001518356251795242,0.0010521903095471574,0.0016693401704447608,0.0006596523662200596,0.0001,0.0011348397242624663
WATER_SMP_0464,7.18,12.16,DEMO DATA - BIO-OPTICAL SIMULATION,0.02648493352163453,0.02650186647358193,0.026116226717428463,0.026578484085568885,0.026558349177457526,0.026479449251342768,0.02701315008841744,0.02617158398102932,0.026421033627698282,0.026467377669776526,0.02594713798427849,0.02586794598729935,0.025266403755188866,0.02476666490436681,0.024228265345537812,0.023724105299312532,0.02279034485341122,0.021828889778242152,0.021770890226358166,0.021055251805028007,0.01996693859815458,0.018880323114594328,0.017706580353218173,0.01731082236878215,0.01597985513497218,0.015039489963355405,0.014635664565546455,0.013727055118172023,0.013596842401128018,0.01308927103520063,0.012446656177299313,0.011276694581528277,0.010412727757903523,0.009247434417194916,0.008090942868956697,0.007524764541027715,0.0065949211144576605,0.006294874075449766,0.005875391533365125,0.005055794323646215,0.004968433271541397,0.004004365650386879,0.0036842158236441826,0.0036204203534735196,0.00352665335573216,0.003274738268266077,0.003218214719183053,0.002365705423109592,0.002207070410235471,0.0017229210785238162,0.0014631442313951845
WATER_SMP_0465,5.53,9.24,DEMO DATA - BIO-OPTICAL SIMULATION,0.023106520435643055,0.022963854143677794,0.023689331718366475,0.022964540136816654,0.02358985164470222,0.023136554689383068,0.023136941917560886,0.023437222833488508,0.022910293118122562,0.022739075635703078,0.022372711002276925,0.022815483473858564,0.021699433009235557,0.02144676923997058,0.02086096558675268,0.02042438516951175,0.01955959189385492,0.019023738567657253,0.01850110895050748,0.017387643445127606,0.01720789304572478,0.01644884935713225,0.0154716549394182,0.01449834702583316,0.012766221817438986,0.012989913893394016,0.012002763538962975,0.011444974215797491,0.01053522798845823,0.010925145102174695,0.009887364593268923,0.009626931442429572,0.008906432119441246,0.007502252067263624,0.007144887007680958,0.005863983709110905,0.005704260917180527,0.004644817768657755,0.004904515107321947,0.0044523958281012695,0.0039560961011976875,0.003353166912604679,0.0027340108716548657,0.0027471040635122005,0.002931620804058129,0.0023946307722015688,0.0016680935307657584,0.0015946164744233698,0.0021241608600603497,0.0017274760234907095,0.0010591292270903053
WATER_SMP_0466,5.07,11.94,DEMO DATA - BIO-OPTICAL SIMULATION,0.021465500638900785,0.021962489149243307,0.02171428415908747,0.022303824913327535,0.023124524560346377,0.021902564733084606,0.022269447224432366,0.02261060229706761,0.022279292219264415,0.02179138372752291,0.02151617827689049,0.020879460873102784,0.02075437470773726,0.020459476974726422,0.02021501201601884,0.019142529642005277,0.018668486809694188,0.017793774442374382,0.01746070948245761,0.01691013237914467,0.016119407235881504,0.014815231432745121,0.01443316470145847,0.013402502705718309,0.013126964075870703,0.012012953461547963,0.01092079699523944,0.010808363490614011,0.010745592582199188,0.010516431211450471,0.009946158545277419,0.009211623407248097,0.008073848540514919,0.007176260167851782,0.006119486098461677,0.005961373425655765,0.004850408280586861,0.004695594920032638,0.004262721545379136,0.004152454764708894,0.0038479322624845173,0.003410181924813604,0.003013764229249422,0.0023243807552875625,0.0020723716048038424,0.0019147510251991448,0.0021892681025991933,0.0017992287491103262,0.0018682326466805338,0.0017543869364675608,0.0010958916063210753
WATER_SMP_0467,9.89,11.56,DEMO DATA - BIO-OPTICAL SIMULATION,0.030075142917664884,0.030227019972923996,0.03026193314566352,0.0302900484106046,0.03085398653959492,0.030517027546812604,0.03046014095155175,0.030119197472183768,0.03041285494878523,0.029703030108838145,0.02987719464418929,0.029561689986050237,0.028908398648350854,0.02868063993696877,0.02813212965489029,0.027494115451840596,0.026878975848711618,0.026204529492215804,0.025480486902925738,0.02466343128273705,0.023470886200596622,0.022871171113751712,0.02207504568708399,0.021073115128075956,0.02035241410557062,0.019257554412849605,0.017840694051619622,0.017202734053992204,0.016499300570213773,0.01603091406327544,0.015351169566920075,0.014579867097941141,0.013258413234509303,0.012332219605188917,0.010911673424280116,0.009636850081102,0.008926556052629273,0.008513128726577283,0.007169091831936649,0.00661641590228639,0.006432481971566604,0.006164468311129402,0.005760729522244355,0.00483091107265468,0.004778013160737156,0.0040796293879615695,0.003229249864646887,0.0033475521109689386,0.002854205521257796,0.0030319008699928396,0.002490027268104964
WATER_SMP_0468,11.09,17.47,DEMO DATA - BIO-OPTICAL SIMULATION,0.031018461932040532,0.031114737644464686,0.03168579699903229,0.031055184526054058,0.03167377793747951,0.031902453165047084,0.03147306143479665,0.03199573945392218,0.03190995070721256,0.03104802337345791,0.03100707325384608,0.03107950927773595,0.03040495996138649,0.029549828379451946,0.029426035731127568,0.028652142155980314,0.028618373304736527,0.02778601605554105,0.026771178175702466,0.026114898104526434,0.02483659341076141,0.024114225559884087,0.023877517188997593,0.022463364428090576,0.02172870428797207,0.02049542699824446,0.01982543857987365,0.01800181908730404,0.01797947197022317,0.018100258768939424,0.017290247778657817,0.01640337219488104,0.01466087386615581,0.013063709718041092,0.011621686807084426,0.010527276240292174,0.010198226605380193,0.009313305945774985,0.008405637581825663,0.007892506654321445,0.007141305172699534,0.006788467686708758,0.006228432210050702,0.005105932570920842,0.005029516763332268,0.004005380359220538,0.004139553832673775,0.003907556845983751,0.0029897620454714716,0.0029455273323037235,0.0027868969780071137
WATER_SMP_0469,3.96,8.09,DEMO DATA - BIO-OPTICAL SIMULATION,0.019179606069253837,0.019165822523488477,0.019005012077932166,0.019411325383856537,0.01896259029869719,0.01937571876220344,0.019253778292282225,0.0192373446336471,0.018949838892436528,0.018452336736876896,0.01852784114476598,0.018596061531516182,0.018320995653551626,0.018248346196141137,0.017548739449430428,0.016160903323602642,0.015834383499390006,0.015350075120982892,0.014699791083580433,0.014089371255206522,0.01411460028959577,0.01237867184092111,0.011793733696646635,0.011805346766647897,0.010439178887882556,0.010077284146770836,0.009671917256887782,0.0090502998675443,0.008679661385002316,0.00869676894553943,0.007811654954459527,0.007328551753015705,0.006821435926411844,0.005193127526454099,0.005517387530897898,0.004623250158309473,0.004135903467046675,0.0032262872514775033,0.002994630093151174,0.0029551609058426896,0.0030362724816325208,0.0019136638593143288,0.0025375285807228616,0.0019776720839354343,0.0018221670020427945,0.0017862359074117258,0.0016280243513585105,0.0011853978580432108,0.001452110608102664,0.0004468031208310299,0.0008968891540746489
WATER_SMP_0470,3.82,5.19,DEMO DATA - BIO-OPTICAL SIMULATION,0.01874684067929149,0.018734661138425885,0.0183952273657746,0.01923982317691423,0.018667353668257298,0.01900802967076162,0.019014505756751288,0.018866102995232562,0.019051523020981984,0.018473071831504952,0.018352238592290637,0.017888831083616042,0.01771850316104626,0.017530732651458637,0.01668359311590494,0.01636149829420223,0.016007312633115646,0.015385703265875716,0.014240354312286962,0.014019762215211916,0.01311807184633572,0.012701263697236214,0.011853676374600325,0.011083310170838802,0.010455690682603968,0.009746662541329734,0.009152656753258126,0.008509719985081701,0.00809723941578718,0.00837530961635328,0.007587913727813971,0.006704908955723211,0.006095297915182603,0.005789093403180386,0.0046382771954943695,0.003916833612547249,0.0035275014955343208,0.003073156935600571,0.0028787141730605547,0.002617882005666356,0.003115853478856539,0.002437211325061681,0.0021140225272098336,0.00158162275092792,0.0017816498487244511,0.0011302583406445827,0.0013831158645921996,0.001970139666253347,0.001419968236813087,0.0010399998655610998,0.0012055282135694807
WATER_SMP_0471,4.85,9.14,DEMO DATA - BIO-OPTICAL SIMULATION,0.021324473612036612,0.0213932754564798,0.02226254635186809,0.021487978798508743,0.021761677814031218,0.02195144888954162,0.02152180902048759,0.021889414462184176,0.02143996206763405,0.021513150529372332,0.02121494236081179,0.020634062519748794,0.020830937445761092,0.019673018904199396,0.019778299041489002,0.019176194330687683,0.01875789563680596,0.01763918994996285,0.0166734620711239,0.01682475037990783,0.015367913538035129,0.014472426838783971,0.013896005509718859,0.012889860221483031,0.0125760294655524,0.011488593612471223,0.010900780651626935,0.010740919214307709,0.010290524715973623,0.009845697692121314,0.009495158976274629,0.008765998839487444,0.007719503228484395,0.006898512357739317,0.0062287159764291885,0.0053990446987672875,0.00504645371762403,0.004227779398436428,0.0039004754599903315,0.0034972597228806086,0.003212974157368052,0.0034606767914823018,0.0030097529391247334,0.0022100869090946927,0.0024278442196855603,0.001963491636943272,0.0016791406053963866,0.001258977396165773,0.0018333749809866502,0.0009846747872934596,0.0012439684940984404
WATER_SMP_0472,0.96,4.41,DEMO DATA - BIO-OPTICAL SIMULATION,0.006940741193103643,0.007475083988490176,0.0071475202549437416,0.0071983808531639595,0.007182576409096874,0.0072588562662206655,0.0071068237534212785,0.007003038668716467,0.006751009387283906,0.0063016715121203505,0.006283303616704889,0.006657121196785734,0.006151718508949892,0.0058270808321796794,0.00537051774616432,0.005027995367248137,0.005073120060155189,0.005282231874529456,0.004575026050229723,0.004586225946174496,0.00400955860690703,0.004109645974508518,0.0035455432771688013,0.003022833623195414,0.00306604923006225,0.003476691497173725,0.00329700014282189,0.002832586646509407,0.002674620430016621,0.0028672565839517224,0.002830254220976902,0.002495278788433416,0.0022667582639998123,0.0018059750731825358,0.0013386367910609136,0.0008635060206976382,0.0009400187198706866,0.001208007219224558,0.0008652517374236792,0.0008811895886318381,0.0006304152924677544,0.00032860736220561106,0.0005124184257803877,0.0002206123845535533,0.00015012814656914622,0.0007912316576874466,0.0002614696549619951,0.0001270349610909423,0.0008005155485979851,0.0005285946456800561,0.0001446320856395707
WATER_SMP_0473,1.8,8.12,DEMO DATA - BIO-OPTICAL SIMULATION,0.011518739201342961,0.011391557657182676,0.011305060530903287,0.011681351183411294,0.011440227541972877,0.011528501682563452,0.011747985521493242,0.011616140127228643,0.011043051622215532,0.011182547753352284,0.010490334951291057,0.010719735868378953,0.010350465617731081,0.010108454220885493,0.009564745629357819,0.009912236336995802,0.008627416447092291,0.008782122891706969,0.007760584442310092,0.00779201873327449,0.007379790117468344,0.006789947699902484,0.006195483654766527,0.005965738009225324,0.005598957418389939,0.005687281475360077,0.004604804157777966,0.004572478766210517,0.004875642036431478,0.004821548585635694,0.004805534940952065,0.004774048082597767,0.0029711678803879455,0.002961997494923461,0.002076093971350289,0.0018666868016115087,0.0026904792179935104,0.001951899313406133,0.0018899334477921,0.0014295187354356358,0.001544139380040359,0.0006616154452422833,0.0013893624241558978,0.000728548763982217,0.0007212394188867946,0.0009470242617772227,0.0008132288087726247,0.000673775640456702,0.00017619165433467013,0.0005578364603462519,0.0007643247842146649
WATER_SMP_0474,18.06,18.14,DEMO DATA - BIO-OPTICAL SIMULATION,0.036447843548696034,0.03714312155510605,0.036597439753284805,0.036939239055720954,0.03744112847441821,0.036782345440533645,0.03726987721735319,0.037471335613581014,0.036811491903888424,0.03643693167767584,0.036149363018435736,0.03650774419477075,0.03618143997490032,0.035860214236272676,0.03498574926618961,0.03481888574845518,0.03394555375065433,0.033088084722599956,0.03302313615767445,0.032449576888684946,0.030868662162443574,0.030022296813192146,0.029451773962320373,0.02878033263703004,0.027152189368782487,0.026500824859038184,0.025174212910444325,0.024578443049459695,0.023350948670932677,0.023162554521030464,0.022091157492868902,0.020748235106977216,0.01965145249733816,0.01755602386016001,0.016566224010331882,0.015594520111053101,0.013855374838866185,0.01259399577624201,0.01169795045840923,0.011878931759806258,0.010584327611755024,0.0096205289201492,0.009283764160210806,0.008146023730197169,0.007661856626667414,0.006948987865238855,0.006204667493409983,0.0058821467729643934,0.005515270767516972,0.004756708686625836,0.004240324451109957
WATER_SMP_0475,22.56,22.15,DEMO DATA - BIO-OPTICAL SIMULATION,0.03855502832341357,0.038095787232592014,0.03896999274658571,0.038592986305285015,0.03918413528745218,0.038974495989683076,0.03900443855862635,0.039117054199380386,0.03852365942288987,0.03876544214665654,0.03854414498478482,0.03817149984912086,0.03766321054175116,0.03778446933662913,0.03742862644248852,0.0368089625887703,0.035955063837913054,0.03556186779152375,0.035087710426073684,0.03463937882302422,0.03322621433373316,0.03274265870316749,0.03194474787000263,0.031137345630355914,0.029805109386290198,0.029089767341000477,0.027980535166782578,0.02677032941038859,0.026268026705586745,0.025491320036349102,0.02501461812884141,0.023479102046357173,0.022340789621589804,0.020520032061432016,0.01910571198441364,0.01805105931552703,0.016836939443038917,0.015525716453761882,0.014505245037818547,0.013127533324152483,0.013004385819718986,0.011854241148838934,0.01095432562227877,0.009439008005900367,0.008945879895338684,0.00827959723069321,0.007104014259419616,0.0073006858371145265,0.006865912123267469,0.006488428820498041,0.0050383836003886195
WATER_SMP_0476,4.96,5.19,DEMO DATA - BIO-OPTICAL SIMULATION,0.021763097760367594,0.02227837232424352,0.02192418252340318,0.021910274124018348,0.0215584076446256,0.022450155297908208,0.02204789879618905,0.02172652333820261,0.02186809607777081,0.021610569550038795,0.021339762719194768,0.02089113920535633,0.021052587342457078,0.020079123554010758,0.02010407097937216,0.019235142087476877,0.018571204195402667,0.01778867372993521,0.01743376728928449,0.016462388992817264,0.015410073716045922,0.014642217990807489,0.01428844263870786,0.013113692501820573,0.012592809236872829,0.012167142101794964,0.011221324271159131,0.01028470775422139,0.01041386000807062,0.009705552738579521,0.009332144143295806,0.0076809058440197265,0.007675248892411737,0.007038529354446755,0.006596983055282345,0.005062383687059419,0.005365331691694683,0.0050553613045501294,0.0035545673842226357,0.00393312081488069,0.00363382548597975,0.003036849352248,0.00270013201720015,0.002783906883951751,0.002158018734071589,0.0020572891630488976,0.002165592736199067,0.0022654378612567234,0.0017345313513666804,0.0014622990672509206,0.0011303947794220727
WATER_SMP_0477,9.6,11.77,DEMO DATA - BIO-OPTICAL SIMULATION,0.02940671163259242,0.030208642125470336,0.029959427167742254,0.030441066429561483,0.030044991191226153,0.029951638360410638,0.03022684391280012,0.02998060661314367,0.02949100946676676,0.030190712178723517,0.029191879352094083,0.029332656248425387,0.028920029882953988,0.027840723551411758,0.027406863045502203,0.027044702267523577,0.026242987541181033,0.026330293204438224,0.025007154017705424,0.0245380129174021,0.023582745873541252,0.022624500934728117,0.02163905014406888,0.02105057588042703,0.019459721088349514,0.019237677651897947,0.01737443787331123,0.0171618796330762,0.015867643422228215,0.0156578862296319,0.015119705401078083,0.014000323829842816,0.012903494943089271,0.011301001661118597,0.010301870365578844,0.009803524487784552,0.008855943244111332,0.007918592173152866,0.007857982485141995,0.006474877301286596,0.006154351737799478,0.005573410214494605,0.005410833267593701,0.004779376035128983,0.004306752130271431,0.003394036441794734,0.0038468149823100936,0.003191906598656383,0.0029898910128528305,0.002454619967284022,0.0021556128195074167
WATER_SMP_0478,7.76,6.36,DEMO DATA - BIO-OPTICAL SIMULATION,0.027608522269139856,0.026793521872738722,0.02713931624386064,0.027989737170574264,0.027784424580375496,0.027494535124636822,0.02791639761061394,0.02757410422037516,0.02735223226590556,0.027134969754444967,0.026932356650345927,0.026609235796829268,0.026719550698734298,0.02554390625285645,0.02503379613425836,0.024133033754257592,0.023852351223242897,0.023736458459743613,0.022732431280364264,0.02148806903853685,0.020834352156612675,0.019576786399247603,0.01878815208988175,0.018216353398794537,0.01710168507448226,0.016011092107672254,0.015571469984164258,0.014583717315479834,0.01344489132349811,0.012666786997702444,0.012426403182452863,0.011268588293026531,0.010201339304451398,0.010106192935773346,0.008836508446015535,0.008005831055760986,0.007345289995844095,0.0064423018970236,0.006336415215769288,0.00564396765861702,0.004963929299657067,0.004553128865773789,0.0039461593711323135,0.003804526475745133,0.003497749058803725,0.0031125833730304307,0.002958976622532319,0.0026447189933862113,0.0024872108721035913,0.002472722728796617,0.0021599284318209906
WATER_SMP_0479,50.0,41.83,DEMO DATA - BIO-OPTICAL SIMULATION,0.04442127431285691,0.04395735950651374,0.044119317760425554,0.04451074568131858,0.04454044195071392,0.044140252073609804,0.04451150705767501,0.0440072650568192,0.04437367102003393,0.04413575688899031,0.04361627754199501,0.04376131180335259,0.04437628004984443,0.0435807056511043,0.04397444830412453,0.0425796217411037,0.04292835697310139,0.041592773513546,0.041960289467235644,0.04171211891791347,0.04128944948590736,0.04026447921185797,0.040230671968203395,0.03911668456459718,0.03851108864692489,0.03760698645171392,0.03647580599959574,0.0364123374674883,0.03529441923135409,0.03509536271425591,0.034450106678543,0.03289382231787903,0.03228322252696881,0.030636651804753157,0.028735927164055847,0.027819497923894,0.026080033541505485,0.025600680024112452,0.024102480099467152,0.02257975111466724,0.021730329867539207,0.019639500764777378,0.018672537026122676,0.01763113141909484,0.01721902551093958,0.015105581086248845,0.01383414746930936,0.012877340468451,0.01259426130943576,0.01120526263126818,0.010447537312892725
WATER_SMP_0480,14.82,18.37,DEMO DATA - BIO-OPTICAL SIMULATION,0.03483141372420617,0.03470677556309968,0.03493429488511674,0.03511723139312739,0.034873361974669906,0.0349583358733415,0.03504372025061655,0.0351491968487541,0.03452084705943713,0.03367196633075007,0.03454902821380712,0.03433573775262831,0.033772996606189584,0.03339065168716248,0.03267833752367763,0.03247454942932129,0.031996324354128906,0.031112426131890056,0.031138044132835014,0.02915841615456355,0.02885732555405644,0.027584192352671854,0.027279397695857622,0.025573811006258586,0.024633632518399343,0.02378265519703328,0.022989990172658348,0.021799066944715832,0.021107354076389553,0.02066560675911174,0.019931564136940836,0.019377511322669703,0.01774411533741532,0.015948038044477815,0.015297350707441162,0.013631466808569642,0.012164406223997948,0.011598958898676038,0.010810505854986037,0.009620160401994328,0.008733467467995387,0.008343854916999245,0.007524253763372361,0.007435547593740038,0.0066177061729223155,0.0056493751605865864,0.005456704225316429,0.0052356091174362,0.004001132952774645,0.003711432075765105,0.0036469797803691533
WATER_SMP_0481,5.46,10.94,DEMO DATA - BIO-OPTICAL SIMULATION,0.022898328125897257,0.02303013732460709,0.0230751263653194,0.02315381088814313,0.023407293396264392,0.023626289365648243,0.023086443736363142,0.023854552399762613,0.023548774327301673,0.02314015293640883,0.022650832678825627,0.022730395488816384,0.02164612389077286,0.02103064863027559,0.020613747578756534,0.019908212097398605,0.01963312102596635,0.019028263252403782,0.01829962619968594,0.017501766586274607,0.01678288486240729,0.01647923195114731,0.015344531720123133,0.014626997891118074,0.013598043043166948,0.012262067450957067,0.011476277576643285,0.012083309950462995,0.010953334710490403,0.010679291095823879,0.010533206069048708,0.009890341390315478,0.008922014709928944,0.00819565308803237,0.007202920913007011,0.005794297611860138,0.005758150987525306,0.004865864560002808,0.004502435994405577,0.003813926814545734,0.003264061264587379,0.0034217159486018217,0.002831245253740719,0.003109227859100489,0.002483721157782436,0.002420442162266126,0.0025189808602141288,0.0014634601535095499,0.001509950911785186,0.0016164178264856575,0.0015059019845722588
WATER_SMP_0482,2.82,8.1,DEMO DATA - BIO-OPTICAL SIMULATION,0.015788870974500355,0.015830911150601607,0.015684609349730663,0.015799480770268465,0.015825413799838907,0.015264315447491959,0.015596124580747838,0.015611674792550734,0.015523250293587445,0.01491019898443539,0.014561505161324142,0.01457957281195917,0.01490225843840435,0.013684747251981062,0.013860392041720715,0.013524188055964677,0.012570151131040345,0.011832397249584467,0.011647463636969113,0.01099240390124898,0.010105185934229774,0.009588654112412942,0.009345621052608324,0.008918286750446607,0.007983108998689944,0.007531834647843495,0.007302985591728766,0.006750553880089657,0.006590792925552136,0.006400199121789537,0.006192719374142217,0.006730666575049405,0.005143382774571588,0.004849436054992079,0.004312672161145364,0.0032858622128282113,0.0031029399112554082,0.002738712178921161,0.001974342404835168,0.0017657023331986012,0.0020387818067191432,0.0017073138033658211,0.0022294484945329877,0.0014334994269206381,0.0019463901058632562,0.001087861760101574,0.0016860765100396094,0.00115695306730206,0.001076660206109047,0.0006659565057916281,0.0009127308756447245
WATER_SMP_0483,1.67,4.4,DEMO DATA - BIO-OPTICAL SIMULATION,0.011323056056495358,0.01083689000405562,0.010823473751840784,0.010872950980006346,0.011428507290997324,0.011165732357858662,0.01127895696263183,0.010841301599811991,0.01062730628922371,0.0105760332504859,0.01056826468670701,0.009937173555945806,0.010153152371940283,0.00955281836227412,0.008393773578876681,0.009028723871596355,0.008009263118296804,0.008259410622184785,0.007870604269170451,0.007289804043735275,0.0069411504646029075,0.006695563793539048,0.005809596297786153,0.005797109044261471,0.005522581369101223,0.005342157263236027,0.004176472058656403,0.004418725340354222,0.003902288182284528,0.0038240457141024125,0.004079751842485991,0.003670510900597519,0.0035330055072855153,0.0026152459255679023,0.0022912078908235473,0.002107874750554657,0.0015697682991170601,0.0014342384102427313,0.0018304068087756273,0.0011902310008402566,0.001581585617846251,0.0012923875251783618,0.000539805891591219,0.0010667342261841204,0.0009768134614197873,0.0008675457645908762,0.0006261529404072704,0.0003215452991212679,0.0009484762151590583,0.00046082462637650956,0.00017808781739659876
WATER_SMP_0484,7.12,10.6,DEMO DATA - BIO-OPTICAL SIMULATION,0.02624641848708456,0.02605215741457694,0.026119451731636552,0.026380604585860567,0.026339163781970692,0.02626381783748652,0.026728164565543687,0.026347990245283972,0.026598273044134514,0.025749025439560036,0.025210486975901877,0.025436148988554154,0.025549890462472972,0.02469292978337426,0.02497866078666593,0.023535707338195894,0.02287302862393451,0.021469726083087746,0.021510689239268452,0.020655948356948988,0.019668998370489944,0.018905230204224605,0.018056747224728612,0.01713661355160363,0.016919733659276584,0.015285735241588523,0.014600216052067575,0.013721335785140206,0.01356845174813881,0.012974170757494036,0.012294133809327154,0.010968022283056628,0.010544924479162571,0.009260754498785934,0.008347843184886284,0.007202929812612951,0.0073159123530355755,0.006554012883041978,0.006189451910534917,0.005608055991606829,0.004981921327164584,0.00403642310701807,0.004539966821714467,0.0033477509315218753,0.0032140780428484986,0.003202884261321794,0.002939828323413966,0.0026306387819961603,0.002107287919932806,0.0018343244695320827,0.0025848073619584447
WATER_SMP_0485,3.3,7.64,DEMO DATA - BIO-OPTICAL SIMULATION,0.017104150432343194,0.017193784743387928,0.01712419656486027,0.017473444110287954,0.017483496718552972,0.017402226947855197,0.01746060864806053,0.017767607720242252,0.016903949090612543,0.016889403012956567,0.016425580264342318,0.016401386042814863,0.01578604820347838,0.015394997388695299,0.014665968582834001,0.014643067262515509,0.01421557923001251,0.014085683014069938,0.01308272336268971,0.012200565610350307,0.011306445234467525,0.010718161908531762,0.010063329313661959,0.010386118359982426,0.009290345120650127,0.008437443488202934,0.007802546371364135,0.0074510559927748726,0.007311344863777777,0.007744452529261933,0.0070657615487603525,0.006101699674446381,0.0064792776141528305,0.004665508701720734,0.004174417344384902,0.0042452945654854295,0.00359032166006531,0.003001806659853275,0.0024865218182701606,0.002304734969057472,0.002083638280813954,0.002138800887114922,0.001993961616475981,0.0017095074280106689,0.0015760136615247048,0.0011212017766782933,0.0013867786713623324,0.0015580651013511154,0.0010117371113315511,0.0009031559384920808,0.0008896885259060123
WATER_SMP_0486,1.94,4.23,DEMO DATA - BIO-OPTICAL SIMULATION,0.012337416464597545,0.011812304439213904,0.01257230326754581,0.012294002192750323,0.01217798332367178,0.012503430123197145,0.011720801315266389,0.012131882881340348,0.011966654652937442,0.011380849147737257,0.01158512137443813,0.011279523579227985,0.010852076582092177,0.010841436802862437,0.01005656278306721,0.00992679863463739,0.009399968659388904,0.008829422515613484,0.008724338012387927,0.008060860225666908,0.007225792668674934,0.006671253728306453,0.006995851147856685,0.005948458617651165,0.005967416483844335,0.005494115691726868,0.005012747613610722,0.005446784113402251,0.0047543667411227295,0.004809553202021889,0.0044713751735900795,0.003960131244026566,0.0035441336086838564,0.003498086011792456,0.0029784678912133187,0.002927218416137961,0.002167661248462493,0.001637271373643544,0.0015904257697002067,0.0012050698234529322,0.0016445718726403574,0.0011047282900738717,0.0002419385254163242,0.0017867483667353523,0.0007756802967341467,0.000682452365259085,0.00127401767842099,0.0003349619188852486,0.0009704355478538501,0.00039171573964762857,0.00011519658992008362
WATER_SMP_0487,3.61,10.89,DEMO DATA - BIO-OPTICAL SIMULATION,0.018582768635916493,0.018481216343587435,0.01858195674104353,0.018482584122525566,0.018579408422255427,0.018015123319206464,0.018358021738840685,0.01793774706301728,0.017641514428744898,0.017971814457947904,0.01793404927908192,0.017157429089776847,0.01684328735595433,0.016150246152743346,0.016031617574483292,0.01575166009626655,0.015215953095427377,0.01456251486213013,0.013605006881569083,0.01296408489555537,0.01274949528052883,0.012095618662198715,0.011137158099224286,0.01039950847599849,0.01022621206918995,0.00914746556373523,0.00894737825913102,0.008335789139651321,0.007942282364267169,0.008707740604780589,0.008039930847426525,0.007199027201566663,0.006101590355449113,0.005184437603550544,0.004669307550413825,0.004776090499344804,0.0035894280516292456,0.0038457872347753674,0.0030616221466470772,0.002464136480014726,0.0024178741892099042,0.0019386234653897532,0.0018494426289263166,0.001642645375691663,0.0011568212582542135,0.002017529622759141,0.0014775964417843132,0.001072680446239308,0.0012219039315538084,0.0007930232311667638,0.00014112646732719028
WATER_SMP_0488,2.55,8.79,DEMO DATA - BIO-OPTICAL SIMULATION,0.015350175960782725,0.014624013453630619,0.01446772135694245,0.014111292343723521,0.014256631047006514,0.015177893608235267,0.015069316584686968,0.014740125962433369,0.014031577469727856,0.014626468053219734,0.014070873602105105,0.013850407952967943,0.013462570005900025,0.012510307189451989,0.012198441808740012,0.011965762162582157,0.011842603717554136,0.010740631423799437,0.01058716534754916,0.010056962906257932,0.009808574560503198,0.009229961482338143,0.008182515626744595,0.00838420520065173,0.007080227667738908,0.007269916402887711,0.006374815169462375,0.006349541680148341,0.006319958716362732,0.006331896344128658,0.006326990877690371,0.005769343658472355,0.005154904593706841,0.004285746843347894,0.0031327296373829185,0.0031373425227360406,0.0025574254738277304,0.0021305576454258035,0.002147279929790636,0.0020821084453815056,0.0019130426683138036,0.001982362809939691,0.0019003426520531987,0.0014656694356890933,0.001389505101267588,0.001144470458740259,0.0012384864574159198,0.0010568716181915774,0.0008060391072387536,0.0013879431338404613,0.0005060657255770329
WATER_SMP_0489,23.33,23.22,DEMO DATA - BIO-OPTICAL SIMULATION,0.03938516334706975,0.038667743490142695,0.03941632745149341,0.039672673934252306,0.03870841889559638,0.039328663611005905,0.03947352204217357,0.03926986780812719,0.03920443379670958,0.03898769760647786,0.03843130336371654,0.039237394633755626,0.038095748377472205,0.03804713791172799,0.037341097685645246,0.03641691947884502,0.03633143329501159,0.03562679721804467,0.03578299583616269,0.034609482290942274,0.03391484284168028,0.032969326469191235,0.03247931166747206,0.031341033272440984,0.0308936265767977,0.02965016095029188,0.0283078856817073,0.027744307458875066,0.026720531815872552,0.02608590900126575,0.024861580046031024,0.024159386109931597,0.022840223554885315,0.021580955593975257,0.01946473832902039,0.01903650687491175,0.01731174365812358,0.015559841685648229,0.014683267492149897,0.014325734970940853,0.013276681152252718,0.011957396982226018,0.011091319345650141,0.009838950999526525,0.009775194742572902,0.008321499359904797,0.008158609920435721,0.007645623847446862,0.006635522280771761,0.006337115221475572,0.006069768518306203
WATER_SMP_0490,12.25,14.85,DEMO DATA - BIO-OPTICAL SIMULATION,0.032610740688245744,0.03263743811078251,0.032795027319834004,0.032679868285391246,0.03272063638334206,0.033087685928309726,0.03286480002129438,0.03292296073982177,0.032237502693868846,0.032463119667436674,0.032550719817110996,0.031599124815807025,0.03157351899481111,0.03058527858318817,0.03026164038881865,0.030345443355590675,0.029398836562379425,0.029366392521623704,0.028219140772829315,0.027462321857865526,0.026141451948668612,0.02546184901322329,0.024427133575014387,0.023357834957130043,0.022870006488202196,0.021891598296463467,0.020726190319065245,0.0194594623991211,0.019123829279980516,0.017883503873761645,0.0181485144335806,0.016335805012985004,0.015081657588366595,0.014069427902320785,0.012832990845860155,0.01167167481360714,0.010429340689609828,0.010262949041008586,0.00863730808341011,0.007966250705022385,0.0076922643803451944,0.006702284591479327,0.006848756816900274,0.005570991368332597,0.005874682085065825,0.005240186760574464,0.00485935557015388,0.004649310036316334,0.0037350063684532847,0.00306526795686831,0.0030257916806565627
WATER_SMP_0491,6.01,10.23,DEMO DATA - BIO-OPTICAL SIMULATION,0.023878592348379617,0.023997575431400596,0.024381213786699638,0.024328312282738344,0.02423872722590759,0.024386651746963525,0.02457099608818223,0.02458652615902188,0.02365677957247919,0.023827452421602887,0.023597951638748883,0.022947842227503897,0.02286906020718475,0.02249248604602023,0.0220890444947775,0.021386359619601038,0.020476452826490955,0.02067362680925336,0.01960463229785332,0.018769729689669813,0.018121659450605968,0.01708474572138348,0.01657010756448644,0.015362608552747846,0.014502837445143796,0.013859946068058012,0.013367521892686841,0.012722111660633972,0.012020497736178387,0.011665580925802818,0.01124980486581184,0.010570005623750512,0.009651652520771803,0.008136077293636298,0.007682432835282951,0.006651625871345389,0.006142242515358099,0.005840647668393226,0.005178709799711892,0.004795278993400269,0.004002797604380815,0.00419949424208303,0.003618627657042116,0.0031355077321014485,0.0031418993107319867,0.0033262147144851447,0.001960178053832348,0.0018517729418414445,0.0026999749884999004,0.0018418123397505029,0.0016069697099200706
WATER_SMP_0492,19.77,16.73,DEMO DATA - BIO-OPTICAL SIMULATION,0.03743366757909301,0.03796647553254863,0.038493714824713525,0.037585916700059625,0.03779821816347833,0.037728419609677655,0.03802221327594928,0.03809790307321628,0.03810412503495421,0.03769004054086082,0.03801121850333189,0.036829331089101726,0.03644648731880194,0.03677943724162823,0.03596208402089981,0.03504224388705499,0.034831888537224326,0.03441607414524991,0.033498734636686296,0.03268213811492482,0.03215962860349748,0.031080829112294584,0.030713863691215638,0.029009414330168015,0.028631839690071572,0.02771108061419259,0.026447700776296483,0.025798461814873625,0.02423000187883486,0.023704445847057748,0.0229719984556827,0.022161626157179804,0.020635297918451215,0.01974536396323105,0.0174694837352073,0.016041554572923375,0.015862756628065296,0.013838533221444663,0.013466316668660822,0.01200602178100269,0.010761547603280089,0.01039854351952962,0.009956556765559213,0.008543585312741651,0.008354040782156078,0.007728337697646433,0.006482449027977137,0.006204988761341587,0.006199061762603584,0.005415151250617491,0.004674958533790122
WATER_SMP_0493,6.44,9.65,DEMO DATA - BIO-OPTICAL SIMULATION,0.02500385655249228,0.02483742562096509,0.02550446167045504,0.02559170365124692,0.025337899126262976,0.025367914819976432,0.024946156509517096,0.024734403231026353,0.024865828421404057,0.02473383811111342,0.0248009363712584,0.024420793093324133,0.023800926927128662,0.023643971595741085,0.022486258712625846,0.02251825993645677,0.021329913860163772,0.02126099167566377,0.02016181864629224,0.018803151666800265,0.018824582298466296,0.01802388175997912,0.016798930203230773,0.015965573951836825,0.015163042035903764,0.013773914375802472,0.01283370157113986,0.013261944899745866,0.012140053293718126,0.012550289424461958,0.011887312037530748,0.011156085691007346,0.009474909951338949,0.008133937990714405,0.007364161918856485,0.006801302276119115,0.00559818447717385,0.005621079097098169,0.005206355382811796,0.004420092611844455,0.004072383588194966,0.003927054005360744,0.0037397366888720727,0.0030344230194587615,0.0030856148833674503,0.002760948281058856,0.002479852972763248,0.002038302065737149,0.0016225818818325745,0.002339203066513092,0.0018445020052667233
WATER_SMP_0494,3.04,6.07,DEMO DATA - BIO-OPTICAL SIMULATION,0.016531550447797572,0.01632417679520005,0.016390226656911908,0.01664383252667985,0.01596694335952382,0.016163933673758134,0.016197331201812885,0.01619353615446773,0.01591223511132018,0.016073948176642944,0.015747681292344225,0.01584167631902927,0.015819036588379014,0.014305624909299366,0.014293530154429114,0.013818754503264941,0.013261828735528674,0.012401806791886275,0.01188884403572053,0.01165417391471435,0.010703653581911901,0.010433241973068474,0.009708575778662078,0.009226111236989607,0.00831009311702186,0.008081274677101971,0.007268486554902036,0.007196475853863816,0.007305788312290842,0.006797247222776957,0.006527825884859665,0.006177498888872639,0.0048454515711788045,0.005098774128529988,0.0036877427997530354,0.00382045355187213,0.003427617029728861,0.0026344880439897293,0.002941752320335868,0.0025460853834156734,0.0027419644174255494,0.002030147538956447,0.0017543273924930036,0.001463539131247517,0.0009411322348357757,0.0012287582029830684,0.0011143423014806603,0.0011603554638221262,0.0005501819159988075,0.0008106059570653719,0.0009693420110350642
WATER_SMP_0495,20.46,19.37,DEMO DATA - BIO-OPTICAL SIMULATION,0.03798991005642715,0.0373628479716574,0.03823744752936073,0.03802553794023845,0.03808523080369006,0.03743776232891354,0.03856458302990542,0.03809975064054036,0.037476020731078065,0.037893028824245174,0.03768278932599805,0.03769688577962419,0.036937387827057626,0.03668146846118449,0.03607808174702243,0.03598714971087189,0.03505195440015773,0.034439721452772874,0.03404871738359042,0.03300352967555773,0.033095534747910056,0.03237929417858198,0.03079559414593868,0.029591317369922463,0.02912439868592439,0.02782877760848755,0.027242982440078327,0.02565925368159752,0.025263402844639214,0.02445690068636925,0.023411731086410526,0.02256526390157925,0.021347715449333695,0.01959602834914707,0.018164796425659983,0.016591563622420882,0.016041355914031875,0.014936283351874762,0.013477376384393013,0.012585264469979165,0.012112919996733388,0.01046033491611105,0.010140456071941736,0.008998125337896365,0.008953610540948133,0.0077412567531229305,0.007449083316900585,0.006236793476306987,0.005528777351127564,0.005313326286375432,0.004982821114877759
WATER_SMP_0496,9.31,11.89,DEMO DATA - BIO-OPTICAL SIMULATION,0.02919888578298199,0.029745868947013015,0.029585357360301955,0.02911441531358238,0.029952600135880362,0.029524240596586742,0.029634124349991114,0.03011066174962396,0.03002455487423823,0.029111531290306053,0.02919039735853829,0.02852401325137485,0.028214841915292544,0.027668340444971018,0.026819931216619058,0.0267916501117531,0.0262157401943885,0.025236739998063164,0.02501889046822952,0.023766000888223737,0.022864481704698424,0.022332475032701606,0.020796709780683043,0.020588524320014016,0.019229571857604003,0.018667283851695006,0.017808491241993376,0.01679599546619867,0.015741519867877515,0.015094002592249288,0.01439531165590739,0.014221524021638596,0.0126670487618046,0.011291100811076506,0.01031932993894183,0.009749639098133542,0.00886481403261028,0.008054975967878433,0.007463257820211717,0.006719291238216833,0.006190572858712807,0.005640717637523965,0.00508721847927902,0.004862853684848992,0.004329870283657266,0.00357510293346315,0.0036470802476003257,0.00324101477758626,0.0030560685891835126,0.0025726584431091065,0.0026023344614539536
WATER_SMP_0497,2.64,10.71,DEMO DATA - BIO-OPTICAL SIMULATION,0.014789443265994937,0.015132184716266803,0.014858025647943956,0.014927922520942428,0.01523961889267405,0.014937009142310382,0.015635671530080508,0.015038805846197378,0.014727063045784371,0.01477093355061639,0.014140414736761918,0.014275863883686783,0.013937793642322421,0.013673548309038804,0.012754405646459976,0.012073534422712471,0.011779872080651952,0.011374703802726477,0.01143458700103058,0.011052592485263116,0.009947135986052265,0.00929165889429661,0.008629774921681509,0.008434459331604818,0.008310857913397977,0.007695049977792573,0.007103781820922894,0.006894650952176669,0.006828587309152419,0.006663979215497792,0.006350536397230826,0.006065873917504683,0.0053835108940414175,0.00394891243748931,0.0036285528522807644,0.0029268568343434834,0.003127077555134569,0.002383066688533658,0.0024092310762226154,0.0018867938145184931,0.0023808772733085494,0.001213026184216741,0.0017033351725754264,0.001029212327339745,0.001124757443696233,0.0012168781833595242,0.0011203844203743446,0.0010116552101422007,0.0008969539144478981,0.0005760604817544155,0.0006444472343395179
WATER_SMP_0498,5.2,10.44,DEMO DATA - BIO-OPTICAL SIMULATION,0.022297532541991422,0.02250257782491526,0.02254494798790316,0.022865233058226183,0.022713489402817345,0.022738979489764277,0.02250771791960022,0.022198703279105753,0.022398144499356527,0.022495346177105607,0.021989825471003453,0.02127674342895352,0.021373667122854153,0.020578881728711192,0.020388763541660502,0.019506204660216752,0.01911645464126016,0.018204116199309554,0.017521717003290464,0.016476294994402136,0.016349213518269567,0.015535568979206497,0.014767689255859426,0.013930649885599725,0.012828119388282325,0.012572363554119427,0.01187432708948777,0.010794673122538899,0.010855080116719375,0.010715590640095796,0.009917850036428595,0.009256582028651077,0.008529667819988804,0.006894553585812124,0.006141488743472533,0.005481663698129034,0.0046910001686660575,0.0050877402997263925,0.0037457404932955355,0.0040597813943857195,0.0038454476575777775,0.003187321903380812,0.0027750393438383363,0.0027705995942519535,0.0024499014740686858,0.002520794928291307,0.0012217857479233144,0.001544009721723158,0.0018145967576590333,0.0015035958095847729,0.0015709386384141297
WATER_SMP_0499,3.0,6.26,DEMO DATA - BIO-OPTICAL SIMULATION,0.016189538916262916,0.01618897399561484,0.016228067272633758,0.017072830035123932,0.01685604874664339,0.01652491442362575,0.016338054813519506,0.016369319023786657,0.016302506011752694,0.01597863491867957,0.015377527356811646,0.015839936122809473,0.015032880758112918,0.015172395636762146,0.014191139855314673,0.013589277131792261,0.013571726157092439,0.012710821624048884,0.012100342206736314,0.011121624364313031,0.011088619916567989,0.0101445945895782,0.009559167976082422,0.00895177761282238,0.008647526475820944,0.007498130894808359,0.007400826805312554,0.007383491812793515,0.006484918450354745,0.006739766835904537,0.006220577047144411,0.005791781050749296,0.005738939606163031,0.0040574984575024835,0.004199746908311045,0.003378243797120557,0.003011904133406369,0.0025407601770587587,0.0028369098064883387,0.0023134229241129345,0.0020560533576223336,0.0019835763550022844,0.0017162377699296604,0.0009999800811349203,0.0013007472850858446,0.0015782131557290748,0.0007318508770756671,0.0007427302995100626,0.0008381877590198458,0.0006547711637887503,0.000779191492418839
WATER_SMP_0500,2.0,7.75,DEMO DATA - BIO-OPTICAL SIMULATION,0.011941466543592705,0.012234743539953144,0.012395478412862785,0.012637063916155267,0.012818914232353531,0.012337842333017483,0.012918798269468176,0.012196499129360322,0.012361363886825799,0.012514084973004562,0.011759122751507098,0.011049356700692037,0.011195554682043717,0.010656608904614465,0.01039742932270736,0.010686285668732164,0.009310452996196834,0.009333857466617912,0.008531536860580644,0.008243257248085802,0.008094100663399086,0.007500244532428869,0.006874956516376634,0.006293406000847606,0.006144548312381644,0.006157606765290021,0.005050859918054518,0.0057200842557323175,0.005503359410811237,0.0056093543579151485,0.005188281495761111,0.005044899789014349,0.0037517189774618673,0.0031787736889404656,0.0030616447993503998,0.002535324803235955,0.002129552977527328,0.0012094659510628548,0.0016450706735991933,0.0012572991762179128,0.0016062245385508362,0.001262841380667747,0.0010060554943294346,0.0018731384004564452,0.0012878931711559035,0.001198973427233616,0.001457433541181653,0.0009600134067305094,0.0004179820724451803,0.0003194846744353646,0.0008179798705024955
